"original_food_id","original_food_name","food_genus_id","food_genus_description","food_group","food_subgroup","food_genus_confidence","fct_name","data_reference_original_id","moisture_in_g","energy_in_kcal","energy_in_kj","nitrogen_in_g","totalprotein_in_g","totalfats_in_g","saturatedfa_in_g","monounsaturatedfa_in_g","polyunsaturatedfa_in_g","cholesterol_in_mg","carbohydrates_in_g","fibre_in_g","ash_in_g","ca_in_mg","fe_in_mg","mg_in_mg","p_in_mg","k_in_mg","na_in_mg","zn_in_mg","cu_in_mg","mn_in_mcg","i_in_mcg","se_in_mcg","vitamina_in_rae_in_mcg","thiamin_in_mg","riboflavin_in_mg","niacin_in_mg","vitaminb6_in_mg","folicacid_in_mcg","folate_in_mcg","vitaminb12_in_mcg","pantothenate_in_mg","biotin_in_mcg","vitaminc_in_mg","vitamind_in_mcg","vitamine_in_mg","phytate_in_mg"
"11001","Maize, sorghum and wheat grains, boiled (Likhobe)",NA,NA,NA,NA,NA,"LS06","Recipe","73.2480988593156",NA,"434.7548","0.469201520912548","2.93250951","1.82129278","0.241539923954373","0.404752851711027","0.98745247148289","0","19.521863118","2.79467681","1.8412548","25.237643","1.00998098859316","33.536122","97.05798","104.3203422","207.604562737643","0.469106463878327","0.128707224334601","66.957319391635",NA,"0",NA,0.0645057034220532,"0.0232699619771863",0.566178707224335,0.0326235741444867,NA,NA,NA,NA,NA,"0","0","0.592395436355823",NA
"11002","Maize meal, super, white, unfortified, raw",NA,NA,NA,NA,NA,"LS06","MRC05","12",NA,"1471.4","1.23","7.7","1.4","0.189","0.28","0.42",NA,"74","4.9","0.5","3","0.7","36","60","108","3","0.58","0.1","170",NA,NA,NA,0.13,"0.02",0.8,0.17,NA,NA,NA,NA,NA,"0.12","0","0.34",NA
"11042","Maize meal, super, white, fortified, raw",NA,NA,NA,NA,NA,"LS06","MRC05","12.1",NA,"1482.9","1.22","7.6","1.7","0.195","0.32","0.491","0","74","4.1","0.5","5","2.6","38","60","98","3","2.07","0.1","190",NA,NA,NA,0.43,"0.19",3.5,0.63,NA,NA,NA,NA,NA,"0.12",NA,"0.36",NA
"11003","Maize meal, white, sifted, unfortified, raw",NA,NA,NA,NA,NA,"LS06","MRC05","11.9",NA,"1482.7","1.33","8.3","3.3","0.462","0.897","1.431","0","68","7.3","0.9","3","1.5","98","190","196","3","1.67","0.16","360",NA,NA,NA,0.38,"0.05",1.7,0.31,NA,NA,NA,NA,NA,"128",NA,"0.56",NA
"11043","Maize meal, white, sifted, fortified, raw",NA,NA,NA,NA,NA,"LS06","MRC05","11.8",NA,"1487.8","1.35","8.4","3.2","0.421","0.825","1.376","0","69","6.7","0.9","12","3.2","98","90","197","4","2.98","0.16","330",NA,NA,NA,0.68,"0.23",4.6,0.75,NA,NA,NA,NA,NA,"125",NA,"0.62",NA
"11004","Maize meal, yellow, refined, raw",NA,NA,NA,NA,NA,"LS06","SA91","13",NA,"1488.2","1.424","8.9","2.5","0.33","0.78","0.95","0","81.6","3.4","0.6","4","0.7","75","174","251","7","0.9","0.09","300",NA,"0",NA,0.32,"0.04",0.9,0.06,NA,NA,NA,NA,NA,"0","0","0.64",NA
"11005","Maize meal, special, white, unfortified, raw",NA,NA,NA,NA,NA,"LS06","MRC05","12",NA,"1493.6","1.24","7.7","2.9","0.392","0.78","1.255","0","71.5","5.2","0.8","9","2.9","88","175","186","4","2.91","0.14","290",NA,NA,NA,0.77,"0.21",4.6,0.72,NA,NA,NA,NA,NA,"131",NA,"0.62",NA
"11006","Maize meal, special, white, fortified, raw",NA,NA,NA,NA,NA,"LS06","MRC05","11.6",NA,"1497.7","1.23","7.6","2.9","0.392","0.78","1.255",NA,"71.5","5.5","0.8","6","1.2","83","105","180","7","1.53","0.22","540",NA,"0",NA,0.38,"0.05",1.6,0.37,NA,NA,NA,NA,NA,"126","0","0.49",NA
"11007","Maize, whole grain, white, dried, raw",NA,NA,NA,NA,NA,"LS06","SA91","13",NA,"1450.39","1.472","9.2","4.3","0.53","1.23","1.94","0","75.3","10.6","1.13","10","3","123","241","346","11","2.3","0.2","700",NA,"0",NA,0.5,"0.12",2.2,0.3,NA,NA,NA,NA,NA,"0","0","1.3",NA
"11040","Maize, whole, grain, white, dried, roasted (Machechisa)",NA,NA,NA,NA,NA,"LS06","Recipe","67.4157303370787",NA,"629.3633","0.551310861423221","3.43249287","1.60431732","0.19774143721134","0.458909373150845","0.723808279603772","0","28.202247191","3.95482874","0.4215997","3.730971","1.11929115402645","45.890937","89.91639","129.0915798","4.10406756476365","0.858123218086946","0.0746194102684301","261.167935939505",NA,"0",NA,0.158566246820414,"0.0380558992368993",0.779772837305094,0.0839468365519838,NA,NA,NA,NA,NA,"0","0","0.485026166744795",NA
"11010","Maize, whole grain, yellow, dried, raw",NA,NA,NA,NA,NA,"LS06","SA91","13",NA,"1450.39","1.472","9.2","4.3","0.53","1.23","1.94","0","75.3","10.6","1.13","10","3","123","241","346","11","2.3","0.2","700",NA,"0",NA,0.5,"0.12",2.2,0.3,NA,NA,NA,NA,NA,"0","0","1.3",NA
"11014","Maize samp/rice , white, raw",NA,NA,NA,NA,NA,"LS06","SA91","13",NA,"1454","1.408","8.8","0.7","0.09","0.21","0.28","0","85.9","3.2","0.6","3","0.6","28","60","110","3","0.5","0.07","100",NA,"0",NA,0.13,"0.01",0.5,0.025,NA,NA,NA,NA,NA,"0","0","0.18",NA
"11015","Maize samp/rice, white, boiled",NA,NA,NA,NA,NA,"LS06","SA91","78.2",NA,"364","0.352","2.2","0.2","0.03","0.05","0.07","0","21.5","0.8","0.2","1","0.2","7","15","28","1","0.13","0.02","30",NA,"0",NA,0.03,"0",0.1,0.006,NA,NA,NA,NA,NA,"0","0","0.05",NA
"11038","Maize samp with dried beans (Umngdusho)",NA,NA,NA,NA,NA,"LS06","Recipe","62.3774671052632",NA,"613.5835","0.845394736842105","5.28371711","1.64473684","0.213610197368421","0.301027960526316","1.05123355263158","0","27.158717105","4.64638158","1.004523","19.777961","1.33758223684211","10.365954","46.05674","257.3560855","171.052631578947","0.625411184210526","0.20139802631579","0",NA,"0",NA,0.0715460526315789,"0.0197368421052632",0.370065789473684,0.0569901315789474,NA,NA,NA,NA,NA,"0.616776315789474","0","0.590707236842105",NA
"11018","Hard porridge from white maize meal, boiled (Papa )",NA,NA,NA,NA,NA,"LS06","Recipe","66.632874617737",NA,"568.8838","0.54434250764526","3.40214067","0.95565749","0.126146788990826","0.298165137614679","0.363149847094801","0","31.19266055","1.29969419","0.3396024","3.733945","0.267584097859327","29.772171","66.51376","95.9480122","4.88073394495413","0.344036697247706","0.0421207951070336","114.678899082569",NA,"0",NA,0.073394495412844,"0.00917431192660551",0.206422018348624,0.0137614678899083,NA,NA,NA,NA,NA,"0","0","0.244648318042813",NA
"11019","Soft porridge from white maize meal, boiled (Lesheleshele)",NA,NA,NA,NA,NA,"LS06","Recipe","82.7470588235294",NA,"291.5675","0.197093425605536","1.23183391","0.34602076","0.0456747404844291","0.107958477508651","0.131487889273356","0","16.297577855","0.47058824","0.2598616","7.567474","0.273356401384083","12.460208","25.0692","52.5951557","5.1280276816609","0.124567474048443","0.0246782006920415","41.522491349481",NA,"0",NA,0.0268858131487889,"0.0042560553633218",0.0809688581314879,0.00498269896193772,NA,NA,NA,NA,NA,"0","0","0.0885813148788927",NA
"11020","Hard porridge from yellow maize meal, boiled (Papa)",NA,NA,NA,NA,NA,"LS06","Recipe","66.632874617737",NA,"568.8838","0.54434250764526","3.40214067","0.95565749","0.126146788990826","0.298165137614679","0.363149847094801","0","31.19266055","1.29969419","0.3396024","3.733945","0.267584097859327","29.772171","66.51376","95.9480122","4.88073394495413","0.344036697247706","0.0421207951070336","114.678899082569",NA,"0",NA,0.073394495412844,"0.00917431192660551",0.206422018348624,0.0137614678899083,NA,NA,NA,NA,NA,"0","0","0.244648318042813",NA
"11021","Popped corn, plain, salted","112.03","popcorn","Cereals","maize and products (including white maize)","m","LS06","GB6","0.9",NA,"2506.7","0.99","6.2","42.8","4.3","14.5","19.7","0","44.272727273",NA,"2","10","1.1","81","170","220","4","1.7",NA,"0.01",NA,NA,NA,0.18,"0.11",1,0.2,NA,NA,NA,NA,NA,"0",NA,"11.03",NA
"11022","Rice, white, raw",NA,NA,NA,NA,NA,"LS06","US18","13.29",NA,"1450.09","1.09243700980938","6.5","0.52","0.14","0.161","0.138","0","76.35","2.8","0.54","3","4.23","23","95","76","1","1.1","0.21","1.037",NA,"15.1",NA,0.565,"0.048",4.113,0.171,NA,NA,NA,NA,NA,"0","0","0.1",NA
"11023","Rice, white, boiled",NA,NA,NA,NA,NA,"LS06","US18","68.53",NA,"526.39","0.396638668176945","2.36","0.19","0.051","0.058","0.05","0","27.73","1","0.2","1","1.46","8","33","26","0","0.4","0.072","0.357",NA,"7.5",NA,0.164,"0.016",1.493,0.059,NA,NA,NA,NA,NA,"0","0","0",NA
"11024","Mealie meal and wheat bread (Mochahlama)",NA,NA,NA,NA,NA,"LS06","Recipe","73.5726087103293",NA,"440.5449","0.481521468937823","2.89535619","0.48590993","0.0685151703060722","0.0845994435399849","0.169756795210746","0","20.67817492","1.01452009","0.5475448","15.626103","0.549492756736519","16.185569","40.64158","56.7570227","124.999472540659","0.331160552485849","0.0580738728865184","0",NA,"0.517857183957871",NA,0.0449380973716797,"0.0237968077009831",0.444939526306987,0.0416561014962199,NA,NA,NA,NA,NA,"0.0238435597789811","0","0.124360527474686",NA
"11030","Sorghum, whole grain, raw",NA,NA,NA,NA,NA,"LS06","US18","9.2",NA,"1526.21","1.808","11.3","3.3","0.457","0.993","1.37","0","68.33","6.3","1.57","28","4.4",NA,"287","350","6",NA,NA,NA,NA,NA,NA,0.237,"0.142",2.927,NA,NA,NA,NA,NA,NA,"0","0","0",NA
"11025","Sorghum flour",NA,NA,NA,NA,NA,"LS06","MALI","11",NA,"1478.37","1.6592","10.37","1.7",NA,NA,NA,"0","72.2","4.66","1.57","12","5.8",NA,NA,NA,"44","2.14",NA,NA,NA,NA,NA,0.18,"0.12",0.91,NA,NA,NA,NA,NA,NA,"0","0","0",NA
"11026","Sorghum porridge, hard (Papa)",NA,NA,NA,NA,NA,"LS06","Recipe","65.7157031419826",NA,"567.6535","0.63708729629854","3.9817956","0.65275338","0","0","0","0","27.722819909","1.7893122","0.7135746","6.822425","2.2270409345055","1.107377","0","0","19.1095471083569","0.821701310317548","0.00775163834237881","0",NA,"0",NA,0.0414690380907921,"0.0276460253938614",0.209649025903449,0,NA,NA,NA,NA,NA,"0","0","0",NA
"11027","Sorghum porridge, soft (Lesheleshele)",NA,NA,NA,NA,NA,"LS06","Recipe","82.4254638862853",NA,"302.145","0.294892338917117","1.84307712","0.82616509","0.353550060254124","0.164018069190058","0.0200466529010071","1.82242299100064e-06","14.038731774","0.56616608","0.4735262","28.93704","0.877800407331975","4.012368","16.72073","42.4624557","17.926567488143","0.329251087040782","0.0125504196646911","0.728969196400256",NA,"0.364484598200128",NA,0.0155817165730555,"0.0248760738271588",0.0827380037914291,0.00295232524542104,NA,NA,NA,NA,NA,"0.182242299100064","0.00546726897300192","0.025513921874009",NA
"11037","Wheat, whole grain, raw",NA,NA,NA,NA,NA,"LS06","US18","12.17",NA,"1383.25","1.77530019475895","10.35","1.56","0.289","0.178","0.656","0","61.74","12.5","1.68","27","3.21","126","493","397","2","2.63","0.45","4.391",NA,NA,NA,0.394,"0.096",4.8,0.272,NA,NA,NA,NA,NA,"0","0","1.00999999046326",NA
"11031","Wheat flour, for brown bread",NA,NA,NA,NA,NA,"LS06","GB6","14",NA,"1494.01","2.2","12.6","2","0.3","0.2","0.9","0","62.272727273",NA,"0.47","130","3.2","80","230","250","4","1.9","0.32","1.9",NA,"4",NA,0.39,"0.07",4,0.3,NA,NA,NA,NA,NA,"0",NA,"0.6",NA
"11032","Wheat flour, for white bread",NA,NA,NA,NA,NA,"LS06","GB6","14",NA,"1482.01","2.02","11.5","1.4","0.2","0.1","0.6","0","68.454545455",NA,"0.47","140","2.1","31","120","130","3","0.9","0.18","0.7",NA,"3",NA,0.32,"0.03",2,0.15,NA,NA,NA,NA,NA,"0",NA,"0.3",NA
"11033","Wheat flour, white, self raising flour",NA,NA,NA,NA,NA,"LS06","SA91","10.6",NA,"1441.89","1.584","9.9","1","0.15","0.09","0.41","0","71.5","2.7","4.33","338","1.6","19","595","124","1270","0.62","0.11","1",NA,NA,NA,0.1,"0.03",0.7,0.05,NA,NA,NA,NA,NA,"0","0","0.004",NA
"11034","Wheat flour, white, for cake, sifted",NA,NA,NA,NA,NA,"LS06","BG6","14",NA,"1479.37","1.56","8.9","1.2","0.2","0.1","0.5","0","68.727272727",NA,"0.39","350","2","20","450","150","360","0.6","0.17","6",NA,"2",NA,0.3,"0.3",1.5,0.15,NA,NA,NA,NA,NA,"0",NA,"0.3",NA
"11035","Wheat flour, whole-wheat meal",NA,NA,NA,NA,NA,"LS06","GB6","14",NA,"1478.8","2.18","12.7","2.2","0.3","0.3","1","0","58.090909091",NA,"1.6","38","3.9","120","320","340","3","2.9","0.45","3.1",NA,"6",NA,0.47,"0.09",5.7,0.5,NA,NA,NA,NA,NA,"0",NA,"1.4",NA
"11036","Wheat, bran, crude",NA,NA,NA,NA,NA,"LS06","US18","9.89",NA,"1133.24","2.46434233613483","15.55","4.25","0.63","0.637","2.212","0","21.71","42.8","5.79","73","10.57","611","1013","1182","2","7.27","0.998","11.5",NA,"77.6",NA,0.523,"0.577",13.578,1.303,NA,NA,NA,NA,NA,"0","0","1.49000000953674",NA
"11041","Wheat, sorghum, dried beans, boiled (Likhobe)",NA,NA,NA,NA,NA,"LS06","Recipe","73.1730038022814",NA,"404.461","0.586311787072243","3.66444867","0.68060837","0.100998098859316","0.142271863117871","0.346787072243346","0","16.755703422","3.63117871","1.9134981","32.36692","1.2856463878327","23.45057","89.73859","179.7956274","209.885931558935","0.491920152091255","0.193346007604563","124.94211026616",NA,"0",NA,0.0616539923954373,"0.0238403041825095",0.58328897338403,0.0404372623574144,NA,NA,NA,NA,NA,"0.285171102661597","0","0.165608364112477",NA
"12001","Bread, brown coated",NA,NA,NA,NA,NA,"LS06","Recipe","22.6209302325581",NA,"1444.9767","1.66279069767442","10.3255814","10.52325581","2.37959302325581","3.10675581395349","3.54448837209302","0.000243604651162791","16.081395349","2.30232558","3.5418605","42.093023","1.57674418604651","32.813953","172.3488","136.4883721","1144.53488372093","1.1593023255814","0.137906976744186","35.3232558139535",NA,"19.3023255813953",NA,0.0788372093023256,"0.166046511627907",0.57906976744186,0.0431162790697674,NA,NA,NA,NA,NA,"0","4.61627906976744","3.52820930232558",NA
"12002","Bread, brown, baked",NA,NA,NA,NA,NA,"LS06","SA91","36.5",NA,"1026.1","1.4","8.6","2","0.38","0.18","0.83","0","44.1","6.6","2","55","1.5","74","174","222","451","1.4","0.19","1.26",NA,"4",NA,0.16,"0.06",2.6,0.136,NA,NA,NA,NA,NA,"0","0","0",NA
"12003","Bread, brown, steamed",NA,NA,NA,NA,NA,"LS06","Recipe","51.7906089988016",NA,"824.6955","1.21507789519556","6.96780695","1.10197189","0.165037041072012","0.115922213748774","0.490276718596797","0","34.388510335","0.05719577","0.9640484","72.077568","1.80509859461815","44.733631","128.8888","143.708465","259.99019501035","1.05305588844101","0.178744961324763","1034.97262773723",NA,"2.24452554744526",NA,0.131347641355267,"0.0358176271925046",1.37281294258634,0.100582852162545,NA,NA,NA,NA,NA,NA,"0","0.326832988342957",NA
"12004","Bread, white, baked",NA,NA,NA,NA,NA,"LS06","SA91","35.4",NA,"1070.6","1.4","8.5","1.8","0.32","0.15","0.72","0","49.3","3.1","2.1","56","1.2","29","103","138","490","1","0.3","0.46",NA,"6",NA,0.15,"0.04",1.2,0.072,NA,NA,NA,NA,NA,"0","0","0",NA
"12005","Bread, white, steamed",NA,NA,NA,NA,NA,"LS06","Recipe","51.7906089988016",NA,"818.1588","1.11702799869267","6.36861314","0.7751389","0.110564876348186","0.0614500490249482","0.326860224425319","0","37.755880518","0.05719577","0.9640484","77.524785","1.20590478265606","18.04227","68.96939","78.3418673","259.445473363111","0.508334241202746","0.102483930711406","381.306651051313",NA,"1.69980390020699",NA,0.10846933217126,"0.0227443076587864",0.719146965900425,0.0515579039111014,NA,NA,NA,NA,NA,"0.000817082470857392","0","0.163416494171478",NA
"13003","Macaroni, raw",NA,NA,NA,NA,NA,"LS06","GB6","9.7",NA,"1527.34","2.11","12","1.8","0.3","0.1","0.8","0","68.909090909","3.2","0.88","25","1.6","53","180","230","11","1.5","0.3","0.9",NA,"20",NA,0.18,"0.05",2.9,0.1,NA,NA,NA,NA,NA,"0",NA,"0",NA
"13002","Macaroni, boiled",NA,NA,NA,NA,NA,"LS06","GB6","78.1",NA,"361.51","2.11","12","0.5","0.1","0","0.2","0","16.818181818","1.8","0.27","6","0.5","14","42","25","1","0.5","0.09","0.3",NA,"5",NA,0.03,"0",0.5,0.01,NA,NA,NA,NA,NA,"0",NA,"0",NA
"13004","Noodles, egg, raw",NA,NA,NA,NA,NA,"LS06","GB6","9.1",NA,"1690.26","2.12","12.1","8.2","2.3","3.5","0.9","3e-05","65.181818182",NA,"1.12","28","1.5","43","200","260","180","1.3","0.24","800",NA,NA,NA,0.26,"0.1",2.2,0.1,NA,NA,NA,NA,NA,"0",NA,"0.370000004768372",NA
"13005","Noodles, egg, boiled",NA,NA,NA,NA,NA,"LS06","Recipe","91.5316814159292",NA,"149.5805","0.187610619469027","1.07079646","0.72566372","0.20353982300885","0.309734513274336","0.079646017699115","0.00265486725663717","5.768302494","0","0.5231858","3.929204","0.133805309734513","4.782301","17.70265","23.3238938","156.46017699115","0.115398230088496","0.0264778761061947","70.7964601769911",NA,"0",NA,0.0138053097345133,"0.00743362831858407",0.116814159292035,0.00530973451327434,NA,NA,NA,NA,NA,"0","0","0.0327433632538382",NA
"13007","Spaghetti, white, raw",NA,NA,NA,NA,NA,"LS06","GB6","9.8",NA,"1525.64","2.11","12","1.8","0.2","0.2","0.8","0","67.363636364","3.2","0.88","25","2.1","56","190","250","3","1.5","0.32","0.9",NA,"17",NA,0.22,"0.03",3.1,0.17,NA,NA,NA,NA,NA,"0","0","0",NA
"13008","Spaghetti, white, boiled",NA,NA,NA,NA,NA,"LS06","GB6","73.8",NA,"438.61","0.63","3.6","0.7","0.1","0.1","0.3","0","20.181818182","1.8","0.27","7","0.5","15","44","45","1","0.5","0.1","0.3",NA,"5",NA,0.01,"0.01",0.5,0.02,NA,NA,NA,NA,NA,"0","0","0",NA
"13006","Spaghetti bolognaise",NA,NA,NA,NA,NA,"LS06","Recipe","85.6458823529412",NA,"284.4706","0.521176470588235","3.14313725","2.75098039","0.821078431372549","0.878921568627451","0.759411764705882","5.88235294117647e-06","6.831729055","0.36470588","0.6639216","5.686275","0.358039215686275","8.690196","35.4549","58.4078431","164.21568627451","0.539019607843137","0.0412941176470588","5.57843137254902",NA,"2.37254901960784",NA,0.0172941176470588,"0.012",0.535294117647059,0.0342352941176471,NA,NA,NA,NA,NA,"0.509803921568628","0","0.417647058823529",NA
"14004","Cake, madeira",NA,NA,NA,NA,NA,"LS06","GB6","20.2",NA,"1638.2","0.94","5.4","15.1","8.4","3.8","1.6",NA,"53.090909091",NA,"1.2","42","1.1","12","120","120","380","0.5","0.1",NA,NA,NA,NA,0.06,"0.11",0.5,NA,NA,NA,NA,NA,NA,"0",NA,"0.86",NA
"14005","Cake, sponge",NA,NA,NA,NA,NA,"LS06","GB6","15.2",NA,"1557.5","1.05","6.3","6.9","5.8","8.9","10.9","0.000112","48.181818182",NA,"1.3","69","1.3","10","156","83","326","0.6","0.11","200",NA,"4",NA,0.09,"0.12",0.5,0.06,NA,NA,NA,NA,NA,"0",NA,"9.7",NA
"14006","Fat cakes, homemade, brown",NA,NA,NA,NA,NA,"LS06","Recipe","17.7783984041037",NA,"2540.4149","0.635691080079795","3.64534055","57.57281277","7.2963736107153","10.6448589341693","36.8595183813052","0","17.998069898","0.02992306","0.5023083","37.514962","0.936848104873183","23.369051","67.38729","74.4063836","135.95269307495","0.550926189797663","0.0934226275292106","541.465588486748",NA,"1.17426617269877",NA,0.0687033342832716,"0.0186976346537475",0.717939583927045,0.0526218295810772,NA,NA,NA,NA,NA,"0.00042747221430607","0","22.5249358791679",NA
"14007","Fat cakes, homemade, white",NA,NA,NA,NA,NA,"LS06","Recipe","17.7820461669991",NA,"2536.8983","0.584394414363066","3.33186093","57.40182388","7.2678754630949","10.6163607865489","36.774023938444","0","19.752706029","0.02992306","0.5043602","40.558564","0.630891992020519","9.439156","36.08264","40.9860359","135.733827301225","0.265944713593616","0.0536164149330294","199.487817041892",NA,"0.889284696494728",NA,0.0567477913935594,"0.0118991165574238",0.376235394699344,0.026973496722713,NA,NA,NA,NA,NA,"0.00042747221430607","0","22.4394414363066",NA
"14009","Scones, plain",NA,NA,NA,NA,NA,"LS06","Recipe","32.659891598916",NA,"1327.8062","0.169376693766938","6.49051491","12.83197832","3.30216802168022","6.04471544715447","2.60907859078591","3.38753387533875e-06","43.046070461","1.46341463","3.5555556","226.01626","0.995257452574526","15.420054","352.4864","128.1504065","1179.33604336043","0.465447154471545","0.0651761517615176","543.360433604336",NA,"0.677506775067751",NA,0.052059620596206,"0.0605826558265583",0.397764227642276,0.0271849593495935,NA,NA,NA,NA,NA,"0.338753387533875","0.687669376693767","2.08211382113821",NA
"15001","Breakfast cereal, all bran flakes",NA,NA,NA,NA,NA,"LS06","SA91","3",NA,"1402","2.06","12.7","1.3","0.22","0.17","0.68","0","57.5","19","6","50","14","182","480","498","804","4","1",NA,NA,"4",NA,1.33,"1.59",17.7,1.8,NA,NA,NA,NA,NA,"0","2.8","2.2",NA
"15002","Breakfast cereal, plain corn flakes",NA,NA,NA,NA,NA,"LS06","SA91","3",NA,"1590.49","1.26","7.7","0.2","0.03","0.06","0.1","0","82.9","3.3","1.93","11","12","13","51","106","1211","0.2","0.03","0.08",NA,"5",NA,1.33,"1.59",17.7,1.8,NA,NA,NA,NA,NA,"0","2.8","0.4",NA
"15003","Breakfast cereal, rice crispies",NA,NA,NA,NA,NA,"LS06","SA91","3",NA,"1602.26","1.03","6.6","0.2","0.05","0.04","0.04","0","86.8","0.5","2.72","11","11","37","141","100","1323","2","0.25","0.99",NA,"2",NA,1.33,"1.59",17.7,1.8,NA,NA,NA,NA,NA,"0","2.8","0.6",NA
"15004","Breakfast cereal, weetbix",NA,NA,NA,NA,NA,"LS06","SA91","9",NA,"1378.1","1.8","11.6","2.1","0.27","0.31","0.94","0","63.2","12.1","6","34","5.8","116","280","357","165","1.93","0.52",NA,NA,"2",NA,0.68,"0.97",9.7,0.213,NA,NA,NA,NA,NA,"0","0","1",NA
"20010","Beef, fatty, raw",NA,NA,NA,NA,NA,"LS06","SA99","65.4",NA,"856.9","3.08","19.2","14.2","5.95","5.29","0.64","7.6e-05","0","0","0.9","13","0.7","19","164","274","85","3.42","0.32","17",NA,"8.6",NA,0.13,"0.08",5.4,0.212,NA,NA,NA,NA,NA,"0","0.62","0.16",NA
"20011","Beef, fatty, boiled",NA,NA,NA,NA,NA,"LS06","SA99","50.3",NA,"1189.3","4.37","27.3","19.6","9.11","8.6","0.24","8.2e-05","0","0","2.8","15","2.8","23","165","277","93","4.9","0.15","23",NA,"3",NA,0.09,"0.12",4.2,0.383,NA,NA,NA,NA,NA,"0",NA,"0.08",NA
"20002","Beef and pork, sausage/boerwors, grilled/braai (Mmeso)",NA,NA,NA,NA,NA,"LS06","Recipe","57.0103896103896",NA,"1159.2927","2.76924860853432","17.26808905","23.2096475","8.73562152133581","9.95408163265306","2.03571428571429","7.37012987012987e-05","0","0","2.1013915","15.292208","0.73821892393321","17.797774","165.1308","271.8961039","538.404452690167","2.64805194805195","0.21","15.6771799628943",NA,"16.4935064935065",NA,0.261595547309833,"0.116883116883117",3.80333951762523,0.188719851576994,NA,NA,NA,NA,NA,"0","0.716141001855288","0.177365491651206",NA
"20024","Beef, liver, raw",NA,NA,NA,NA,NA,"LS06","SA99","69",NA,"582.9","3.2","20","3.9","1.5","0.51","0.84","0.000354","5.8","0","1.3","6","6.8","19","318","323","73","3.92","3.34","264",NA,"41.3",NA,0.26,"2.78",12.8,0.94,NA,NA,NA,NA,NA,"22","1.1","0.67",NA
"20003","Beef, liver, boiled",NA,NA,NA,NA,NA,"LS06","Recipe","76.46",NA,"478.76","2.7072","16.92","4.83","1.563","1.249","0.819","0.000345","0","0","1.06","8","8.99","19","297","230","71","2.67","0.492","0.255",NA,"54.6",NA,0.305,"1.778",9.728,0.853,NA,NA,NA,NA,NA,"17.9",NA,"0.7",NA
"20040","Beef, liver, fried",NA,NA,NA,NA,NA,"LS06","SA99","55.7",NA,"882.5","4.28","26.7","8","2.67","1.62","1.71","0.000482","7.9","0","1.8","11","6.3","23","461","364","106","5.54","4.47","423",NA,"57",NA,0.21,"4.14",14.4,1.43,NA,NA,NA,NA,NA,"23","1.55","0.64",NA
"20007","Beef, meat, roasted",NA,NA,NA,NA,NA,"LS06","Recipe","63.9606557377049",NA,"887.7932","3.10718789407314","19.36948298","14.95586381","6.08228247162673","5.45378310214376","1.05056746532156","7.66708701134931e-05","0","0","1.4113493","13.165195","0.707692307692308","19.551072","165.4527","276.8675914","283.984867591425","3.45069356872636","0.323228247162673","17.1500630517024",NA,"8.67591424968474",NA,0.104918032786885,"0.0686002522068096",4.35813366960908,0.17109709962169,NA,NA,NA,NA,NA,"0","0.62547288776797","0.326960907944514",NA
"20008","Beef, sausage, grilled/braai (Mmeso)",NA,NA,NA,NA,NA,"LS06","Recipe","64.6062110484268",NA,"861.0934","3.04010919692552","18.95103101","14.4246261","5.92384195978948","5.29685593124077","0.895659081443338","7.50014766574533e-05","0.004934308","0","1.7113824","13.034796","0.69738215137632","19.556306","162.1167","271.8639052","407.244860096172","3.37671121881034","0.316782552724244","16.8588845556776",NA,"8.49523304683654",NA,0.102633599636515,"0.0697382151376321",4.26324183105524,0.167371716330317,NA,NA,NA,NA,NA,"0","0.611854151679225","0.25533397448033",NA
"20016","Beef, mince savoury onion, tomato, green sweet pepper",NA,NA,NA,NA,NA,"LS06","Recipe","70.2697547683924",NA,"686.703","2.18010899182561","13.73841962","11.09809264","4.71008174386921","4.70926430517711","0.36566757493188","4.08719346049046e-05","1.501362398","0.42234332","2.1689373","10.899183","1.05313351498638","16.594005","118.515","255.9809264","592.506811989101","2.72697547683924","0.0316076294277929","34.3324250681199",NA,"4.92643051771117",NA,0.0433787465940055,"0.0845776566757493",3.36348773841962,0.229100817438692,NA,NA,NA,NA,NA,"5.94005449591281","0","0.27574931880109",NA
"20014","Beef, mince, fatty, raw",NA,NA,NA,NA,NA,"LS06","GB6","62",NA,"954.7","3.15","19.7","16.2","6.9","6.9","0.5","6e-05","0","0","0.9","9","1.4","17","160","260","80","3.9","0","0",NA,"7",NA,0.06,"0.13",5.8,0.37,NA,NA,NA,NA,NA,"0",NA,"0.17",NA
"20015","Beef, mince, fatty, boiled",NA,NA,NA,NA,NA,"LS06","GB6","64.4",NA,"859.9","3.49","21.8","13.5","5.7","5.7","0.6","7.9e-05","0","0","0.9","20","2.7","15","150","210","73","5","0.1","0.02",NA,"7",NA,0.03,"0.19",4.6,0.28,NA,NA,NA,NA,NA,"0",NA,"0.34",NA
"20021","Beef, meat, very fat, boiled",NA,NA,NA,NA,NA,"LS06","GB6","33.6",NA,"2170.04","2.48","15.5","52.3","24.3","23.4","1.8","9.7e-05","0","0","0.28","6","1","12","110","200","35","1.5","0.01","10",NA,"3",NA,0.05,"0.18",1.6,0.23,NA,NA,NA,NA,NA,"0",NA,"0.08",NA
"20022","Beef, meat, stewed with vegetables",NA,NA,NA,NA,NA,"LS06","Recipe","69.5778036476523",NA,"727.2526","2.41753977493209","15.07566938","12.01008925","4.74375242530074","4.28826154443151","1.12747380675204","5.89833139309274e-05","1.185098952","0.34070625","1.5917734","14.326737","0.630190143577804","17.516492","132.5728","255.2813349","373.899883585565","2.70834303453628","0.264610011641444","39.1152502910361",NA,"6.80325960419092",NA,0.0644004656577415,"0.0471711292200233",2.57462165308498,0.109336437718277,NA,NA,NA,NA,NA,"1.90919674039581","0.481179666278619","0.581024447031432",NA
"20106","Beef, heart, raw",NA,NA,NA,NA,NA,"LS06","US18","77.11",NA,"449.23","2.8352","17.72","3.94","1.383","1.137","0.546","0.000124","0.14","0","1.1","7","4.31","21","212","282","98","1.7","0.396","0.035",NA,"21.8",NA,0.238,"0.906",7.53,0.279,NA,NA,NA,NA,NA,"2",NA,"0.22",NA
"20025","Beef, heart, boiled",NA,NA,NA,NA,NA,"LS06","SA99","64.1",NA,"703.6","4.61","28.8","5.6","1.68","1.25","1.37","0.000193","0","0","1.1","6","7.5","25","250","233","63","3.13","0.74","59",NA,"3",NA,0.14,"1.54",4.1,0.21,NA,NA,NA,NA,NA,"2",NA,"0.72",NA
"20023","Beef, kidney, raw",NA,NA,NA,NA,NA,"LS06","SA99","77",NA,"434.3","2.65","16.6","3.1","0.97","0.66","0.67","0.000285","0","0","1.1","6","7.4","17","210","257","179","1.85","0.47","102",NA,"148.8",NA,0.38,"2.55",8,0.51,NA,NA,NA,NA,NA,"9",NA,"0.2",NA
"20026","Beef, kidney, boiled",NA,NA,NA,NA,NA,"LS06","SA99","68.8",NA,"576.3","4.08","25.5","3.4","1.09","0.74","0.74","0.000387","0","0","1.3","17","7.3","18","306","179","134","4.22","0.68","185",NA,"210",NA,0.19,"4.06",6,0.52,NA,NA,NA,NA,NA,"1",NA,"0.18",NA
"20043","Beef, tripe, raw",NA,NA,NA,NA,NA,"LS06","SA99","81.4",NA,"389.4","2.33","14.6","4","2.03","1.31","0.07","9.5e-05","0","0","0.4","9","2","8","79","270","46","2.47","0.09","10",NA,NA,NA,0.01,"0.17",0.1,0.04,NA,NA,NA,NA,NA,"3","0","0.08",NA
"20030","Beef, tripe, boiled",NA,NA,NA,NA,NA,"LS06","Recipe","92.3344051446945",NA,"125.209","0.7491961414791","4.69453376","1.28617363","0.652733118971061","0.421221864951768","0.022508038585209","3.05466237942122e-05","0","0","1.8135048","4.662379","0.647909967845659","4.598071","25.41801","88.2475884","648.231511254019","0.795819935691318","0.0358520900321543","3.21543408360129",NA,"0",NA,0.00192926045016077,"0.042443729903537",0.0192926045016077,0.00771704180064309,NA,NA,NA,NA,NA,"0.964630225080386","0","0.0257234726688103",NA
"20031","Blood, pork, boiled with fat",NA,NA,NA,NA,NA,"LS06","SK","79.76",NA,"328.56","2.8752","17.97","0.21",NA,NA,NA,"4e-05","0.08",NA,"1.16","6.333","30.647","10.225","51","175.267","205","0.36","0.12","0.056",NA,"0.014",NA,NA,"0.03",1.5,0.01,NA,NA,NA,NA,NA,"0.105","0.1",NA,NA
"20034","Chicken, meat and skin, raw",NA,NA,NA,NA,NA,"LS06","SA99","74.9",NA,"462","3.68","23","2.7","0.75","1.05","0.68","4.1e-05","0","0","1.1","14","1.1","28","224","309","43","0.74","0.06","90",NA,"12",NA,0.13,"0.08",5.7,0.061,NA,NA,NA,NA,NA,"1","0.2","0.13",NA
"20050","Chicken, meat and skin, boiled",NA,NA,NA,NA,NA,"LS06","SA99","59.6",NA,"921.8","4.29","26.8","12.6","3.52","5.47","2.92","8.6e-05","0","0","1","11","0.8","23","184","234","56","1.78","0.09","18",NA,"14.6",NA,0.08,"0.15",10.3,0.173,NA,NA,NA,NA,NA,"0","0.46","0.42",NA
"20046","Chicken, meat and skin, stewed with vegetable",NA,NA,NA,NA,NA,"LS06","Recipe","68.8730853391685",NA,"685.3516","3.14237782640408","19.63311451","9.19839533","2.56878191101386","3.990882567469","2.13304157549234","6.2727935813275e-05","0.555069292","0.18307805","1.5368344","10.401167","0.62873814733771","18.533917","136.674","192.5966448","329.387308533917","1.32582056892779","0.0734865061998541","24.507658643326",NA,"10.7177242888403",NA,0.0368927789934355,"0.0734792122538293",4.54048140043764,0.080437636761488,NA,NA,NA,NA,NA,"0.889861415025529","0.335521517140773","0.347921225382932",NA
"20037","Chicken, white meat, raw",NA,NA,NA,NA,NA,"LS06","SA99","74.9",NA,"462","3.68","23","2.7","0.75","1.05","0.68","4.1e-05","0","0","1.1","14","1.1","28","224","309","43","0.74","0.06","90",NA,"12",NA,0.13,"0.08",5.7,0.61,NA,NA,NA,NA,NA,"1","0.2","0.13",NA
"20051","Chicken, white meat, boiled",NA,NA,NA,NA,NA,"LS06","SA99","67.6",NA,"614.1","4.57","28.6","4.1","1.2","1.67","0.94","5.2e-05","0","0","1.1","8","0.5","26","207","259","46","0.88","0.06","10",NA,"13",NA,0.06,"0.1",5.7,0.16,NA,NA,NA,NA,NA,"0","0.1","0.27",NA
"20035","Chicken curry, boiled",NA,NA,NA,NA,NA,"LS06","Recipe","77.4578558225508",NA,"432.8402","2.72839186691312","17.1702403","3.9767098","0.799870609981516","1.16449168207024","1.73846580406654","3.1e-05","0.78336414","0.21719039","1.6444547","16.820702","1.12051756007394","24.735675","170.9076","253.0147874","324.251386321627","0.60090573012939","0.0607763401109057","116.136783733826",NA,"8.91756007393715",NA,0.0598558225508318,"0.0417449168207024",2.55072088724584,0.0302550831792976,NA,NA,NA,NA,NA,"1.10720887245841","0.147874306839187","0.821072088724584",NA
"20036","Chicken, drumsticks, fried in sunflower oil",NA,NA,NA,NA,NA,"LS06",NA,"63",NA,"794.68","4.14","25.8","9.1","0.3","0.3","0.2","0.000135","0",NA,"0.96","15","1","25","210","280","130","2.3","0.09","20",NA,"17",NA,0.09,"0.09",5.5,0.19,NA,NA,NA,NA,NA,"0",NA,"0.21",NA
"20028","Chicken, feet, raw",NA,NA,NA,NA,NA,"LS06","SA99","55.7",NA,"844.4","3.25","20.3","13.3","3.98","5.95","2.79",NA,"0","0.9","9.8",NA,NA,NA,NA,NA,NA,NA,NA,NA,NA,NA,NA,NA,NA,NA,NA,NA,NA,NA,NA,NA,NA,NA,NA,NA
"20038","Chicken, feet, boiled",NA,NA,NA,NA,NA,"LS06","Recipe","84.6259256897698",NA,"273.0496","1.05093684814589","6.56431324","4.30075695","1.28699343249866","1.92402284506709","0.902188863485239","0","0","0.29102867","4.2179755","1.713835","0.002910286656404","1.545686","0.009700956","0.863385","382.864377909148","0.000970095552134666","0.00643496716249328","0",NA,"0",NA,0,"0.00582057331280799",0,0,NA,NA,NA,NA,NA,"0","0","0",NA
"20108","Chicken, giblets, raw",NA,NA,NA,NA,NA,"LS06","US18","74.87",NA,"499.78","2.8608","17.88","4.47","1.36","1.12","1.09","0.000262","1.8","0","0.99","10","5.86","18","197","228","77","3.32","0.243","55.2",NA,"0.149",NA,0.088,"0.987",6.662,0.42,NA,NA,NA,NA,NA,"16.2",NA,NA,NA
"20039","Chicken, giblets, boiled",NA,NA,NA,NA,NA,"LS06","SA99","67.6",NA,"631.5","4.14","25.9","4.8","1.49","1.19","1.08","0.000393","0","0","0.9","12","6.4","20","229","158","58","4.57","0.26","170",NA,NA,NA,0.09,"0.95",4.1,0.34,NA,NA,NA,NA,NA,"8",NA,"1.3",NA
"20041","Chicken, heads, raw",NA,NA,NA,NA,NA,"LS06","SA99","73.1",NA,"522.5","2.16","13.5","7.4","2.21","3.31","1.55",NA,"0","2.4","3.6",NA,NA,NA,NA,NA,NA,NA,NA,NA,NA,NA,NA,NA,NA,NA,NA,NA,NA,NA,NA,NA,NA,NA,NA,NA
"20042","Chicken, heads, boiled",NA,NA,NA,NA,NA,"LS06","Recipe","90.2524798921509",NA,"168.9583","0.698468797536959","4.36542998","2.39290236","0.714637056739204","1.07033875918858","0.501216035269577","0","0","0.77607644","2.2131113","1.713835","0.002910286656404","1.545686","0.009700956","0.863385","382.864377909148","0.000970095552134666","0.00643496716249328","0",NA,"0",NA,0,"0.00582057331280799",0,0,NA,NA,NA,NA,NA,"0","0","0",NA
"20029","Chicken, heads and feet, boiled",NA,NA,NA,NA,NA,"LS06","Recipe","87.5829741625049",NA,"221.3174","0.875943536065312","5.4726232","3.35157693","1.00223484071059","1.49930446284007","0.702697772000639","0","0","0.53430937","3.0585163","1.700075","0.00242867893548608","1.424825","0.008095596","0.7205081","319.776059839","0.000809559645162026","0.0063145652322638","0",NA,"0",NA,0,"0.00485735787097216",0,0,NA,NA,NA,NA,NA,"0","0","0",NA
"20044","Chicken, liver, raw",NA,NA,NA,NA,NA,"LS06","US18","76.46",NA,"478.76","2.7072","16.92","4.83","1.563","1.249","0.819","0.000345","0","0","1.06","8","8.99","19","297","230","71","2.67","0.492","0.255",NA,"54.6",NA,0.305,"1.778",9.728,0.853,NA,NA,NA,NA,NA,"17.9",NA,"0.7",NA
"20045","Chicken, liver, boiled",NA,NA,NA,NA,NA,"LS06","SA99","68.3",NA,"631.9","3.9","24.4","5.5","1.84","1.34","0.9","0.000631","0.9","0","1","14","8.5","21","312","140","51","4.34","0.37","297",NA,"36.9",NA,0.15,"1.75",4.5,0.58,NA,NA,NA,NA,NA,"16","1.79","1.44",NA
"20048","Chicken, wings, fried in sunflower oil",NA,NA,NA,NA,NA,"LS06","US18","48.62",NA,"1303.52","4.1776","26.11","22.16","6.06","8.89","4.95","8.1e-05","2.29","0.1","0.72","15","1.25","19","150","177","77","1.76","0.061","21.3",NA,"0.028",NA,0.058,"0.137",6.697,NA,NA,NA,NA,NA,NA,"0",NA,NA,NA
"20058","Goat, meat, raw",NA,NA,NA,NA,NA,"LS06","SA99","75.8",NA,"438.9","3.3","20.6","2.31","0.71","1.03","0.17","5.7e-05","0","0","1.1","13","2.8","0","180","385","82","4","0.26","38",NA,NA,NA,0.11,"0.49",3.8,0,NA,NA,NA,NA,NA,"0",NA,"0.04",NA
"20059","Goat, meat, roasted",NA,NA,NA,NA,NA,"LS06","SA99","68.2",NA,"575.1","4.34","27.1","3","0.93","1.36","0.23","7.5e-05","0","0","1.5","17","3.7","0","201","405","86","5.27","0.3","42",NA,NA,NA,0.09,"0.61",4,0,NA,NA,NA,NA,NA,"0",NA,"0.05",NA
"20070","Mutton, meat, raw",NA,NA,NA,NA,NA,"LS06","SA99","60.7",NA,"1084.8","2.7","16.9","21.6","9.47","8.86","1.7","7.2e-05","0","0","0.9","12","1.6","22","160","230","58","3.33","0.1","19",NA,"2.7",NA,0.12,"0.22",6.1,0.13,NA,NA,NA,NA,NA,"0","0.53","0.21",NA
"20066","Mutton curry",NA,NA,NA,NA,NA,"LS06","Recipe","72.1530938123752",NA,"748.1169","1.62487025948104","10.29760479","15.07265469","5.93558882235529","5.72453093812375","2.35231536926148","4.31137724550898e-05","0.845908184","0.23453094","1.4484032","14.411178","1.28982035928144","17.648703","101.519","164.2335329","350.778443113772","2.05207584830339","0.0784431137724551","64.9301397205589",NA,"1.66546906187625",NA,0.0454730538922156,"0.0857964071856287",2.21544910179641,0.0501556886227545,NA,NA,NA,NA,NA,"0.397205588822355","0.317365269461078","0.908582834331337",NA
"20069","Mutton, mince, boiled",NA,NA,NA,NA,NA,"LS06","SA99","55.1",NA,"1138.6","3.96","24.8","19.7","8.12","8.32","1.4","9.7e-05","0","0","1.1","22","1.8","24","201","339","81","4.67","0.13","24",NA,"3.6",NA,0.1,"0.25",6.7,0.14,NA,NA,NA,NA,NA,"0","0.6","0.25",NA
"20075","Mutton, stewed with vegetables",NA,NA,NA,NA,NA,"LS06","Recipe","85.0131736526946",NA,"637.1078","1.44047287899861","9.0132128","13.0403338","5.17034075104312","4.9442628650904","2.02426981919332","3.75521557719054e-05","1.517385257","0.17385257","1.2496523","10.639777","0.93115438108484","14.005563","89.0751","165.3616134","306.954102920723","1.77892906815021","0.0705146036161335","37.6564673157163",NA,"1.53755215577191",NA,0.0499860917941586,"0.0741863699582754",1.9798331015299,0.0596244784422809,NA,NA,NA,NA,NA,"2.76773296244784","0.276425591098748","0.842280945757997",NA
"20090","Offals, chicken, raw (liver, giblets)",NA,NA,NA,NA,NA,"LS06","Recipe","72.03",NA,"555.13","2.07","21.41","4.815","1.5265","1.2195","0.9495","0.000369","0","0","0.98","10","7.695","19.5","263","194","64.5","3.62","0.376","85.1275",NA,"27.3",NA,0.1185,"0.8184",4.1484,0.3579,NA,NA,NA,NA,NA,"12.95","0","1",NA
"20091","Offals, beef, raw (heart, kidney, liver and tripe)",NA,NA,NA,NA,NA,"LS06","Recipe","75.73",NA,"473.4686","2.35357142857143","17.26","3.82714286","1.59685714285714","0.906714285714286","0.498714285714286","0.000218785714285714","2.091428571","0","0.9214286","7.214286","4.81571428571429","15.071429","202.0714","288.7857143","82.0714285714286","2.78928571428571","1.34871428571429","112.433571428571",NA,"39.1214285714286",NA,0.110828571428571,"0.928371428571429",4.09542857142857,0.277628571428571,NA,NA,NA,NA,NA,"10.5","0.392857142857143","0.327857142857143",NA
"20092","Offals, beef, boiled",NA,NA,NA,NA,NA,"LS06","Recipe","87.9263552772607",NA,"211.0254","1.09975837235103","8.06511724","1.78831726","0.746166864105602","0.423682330155507","0.233035294560087","0.000102232470243132","0.977266317","0","1.7642861","16.788421","2.25225174404393","14.225099","94.42903","135.5356236","314.040258739023","1.30402305334612","0.677477858633723","52.5370762114289",NA,"18.2803538857863",NA,0.051787104416991,"0.437807299599481",1.91367969763637,0.129728098381001,NA,NA,NA,NA,NA,"4.90635753370565","0.183571200240687","0.153198510746319",NA
"20083","Offals, chicken, boiled (giblets and liver)",NA,NA,NA,NA,NA,"LS06","Recipe","74.217840539046",NA,"545.9033","1.41776066520573","15.36997972","7.25966166","1.62315419747271","1.56935199787003","3.05800069633604","0.000324630839494542","0.981526614","0","2.2109796","9.597149","5.22462981547095","15.646261","185.0505","135.0726033","618.725295430807","2.7860814713171","0.226550883732361","128.034693919348",NA,"13.4683627910787",NA,0.0519118520490712,"0.60571097958097",2.43462223769636,0.21811702541626601,NA,NA,NA,NA,NA,"11.7056136973396","0.650715792491859","1.94923915047003",NA
"20079","Offals, sheep, raw (kidney, lung, liver)",NA,NA,NA,NA,NA,"LS06","Recipe","76.1583333333333",NA,"457.25","1.77833333333333","18.075","3.66666667","1.34583333333333","0.821666666666667","0.55","0.00021075","0.75","0","1.2583333","9.25","6.81666666666667","16.583333","283.9167","275.75","120.583333333333","3.065","3.08916666666667","96.34125",NA,"62.8583333333333",NA,0.159,"1.19075",5.806,0.2745,NA,NA,NA,NA,NA,"20.1666666666667","0.195833333333333","0.361666666666667",NA
"20078","Offals, sheep, boiled",NA,NA,NA,NA,NA,"LS06","Recipe","89.0793772842564",NA,"183.6647","0.756495775998083","7.68903158","1.55978511","0.572512032913263","0.349533662199676","0.233967765772603","8.96521938846838e-05","0.319046953","0","1.9518584","18.185676","2.90190928880989","14.68325","120.7841","117.9339338","344.10986399313","1.30454754248967","1.36431567174612","40.9831763895269",NA,"26.7396796548901",NA,0.0676379541051707,"0.510794172275369",2.46984881468315,0.116771184917417,NA,NA,NA,NA,NA,"8.57881807832877","0.0833067044796389","0.153851530826227",NA
"20085","Polony, cooked, retail",NA,NA,NA,NA,NA,"LS06","SA99","54.3",NA,"1291.9","1.87","11.7","28.3","10.7","13.39","2.4","5.5e-05","2.8","0","3","12","1.5","11","91","180","1019","1.94","0.08","39",NA,"11.3",NA,0.17,"0.14",2.6,0.18,NA,NA,NA,NA,NA,"0","0","0.22",NA
"20094","Pork, bacon, fatty, pan-fried",NA,NA,NA,NA,NA,"LS06","SA99","12.9",NA,"2349.1","4.87","30.5","49.2","17.42","23.69","5.81","8.5e-05","0","0","6.8","12","1.6","24","336","486","1596","3.26","0.17","41",NA,"24.7",NA,0.69,"0.29",7.3,0.27,NA,NA,NA,NA,NA,"0","0","0.54",NA
"20096","Pork, fatty , raw",NA,NA,NA,NA,NA,"LS06","SA99","49.8",NA,"1543.5","2.23","13.9","35.1","12.44","15.93","3.8","7.4e-05","0","0","0.7","19","0.7","13","155","253","42","1.59","0.06","11",NA,"28.4",NA,0.6,"0.21",3.8,0.284,NA,NA,NA,NA,NA,"0","1","0.29",NA
"20097","Pork, fatty, boiled",NA,NA,NA,NA,NA,"LS06","GB6","33.1",NA,"2130.31","2.27","14.2","50.9","17.9","21.5","8.9","9.8e-05","0",NA,"1.47","10","0.6","14","140","240","69","0.9","0.05","0",NA,"9",NA,0.37,"0.16",3.8,0.16,NA,NA,NA,NA,NA,"0",NA,"0.05",NA
"20099","Pork, ham, sliced, regular",NA,NA,NA,NA,NA,"LS06","SA99","70.5",NA,"530.1","3.1","19.4","5","1.62","2.35","0.48","4.7e-05","1","0","4.2","7","0.8","17","218","350","1429","1.93","0.07","33",NA,"16.2",NA,0.93,"0.22",4.8,0.46,NA,NA,NA,NA,NA,"0","0","0.29",NA
"20104","Pork, sausage, grilled",NA,NA,NA,NA,NA,"LS06","SA99","44.6",NA,"1504.6","3.14","19.7","31.2","10.81","13.9","3.81","8.3e-05","1","0","3.6","32","1.3","17","184","361","1294","2.5","0.14","71",NA,"18.2",NA,0.74,"0.25",4.5,0.33,NA,NA,NA,NA,NA,"2","1.13","0.16",NA
"20076","Sheep, kidney, raw",NA,NA,NA,NA,NA,"LS06","SA99","79.2",NA,"391.5","2.52","15.7","3","1","0.63","0.55","0.000337","0","0","1.3","13","6.4","17","246","277","156","2.24","0.45","118",NA,"126.9",NA,0.62,"2.24",7.5,0.22,NA,NA,NA,NA,NA,"11",NA,"0.37",NA
"20107","Sheep, lung, raw",NA,NA,NA,NA,NA,"LS06","US18","79.7",NA,"378.4","2.672","16.7","2.6","0.89","0.67","0.35",NA,"0","0","1.1","10","6.4","14","219","238","157","1.8","0.254","0.019",NA,"17.7",NA,0.048,"0.237",4.124,0.11,NA,NA,NA,NA,NA,"31",NA,NA,NA
"20077","Sheep, lung, roasted",NA,NA,NA,NA,NA,"LS06","SA99","75.8",NA,"451.3","3.18","19.9","3.1","1.06","0.8","0.43","0.000284","0","0","1.3","12","4.6","11","188","127","84","1.93","0.23","16",NA,"32.3",NA,0.03,"0.14",2.4,0.06,NA,NA,NA,NA,NA,"28","0",NA,NA
"20089","Sheep, liver, raw",NA,NA,NA,NA,NA,"LS06","SA99","71.4",NA,"562.4","3.26","20.4","5","1.94","1.05","0.75","0.000371","1.8","0","1.4","7","7.4","19","364","313","70","4.66","6.98","184",NA,"82.4",NA,0.34,"3.63",16.1,0.9,NA,NA,NA,NA,NA,"13","0.47","0.72",NA
"30001","Cheese spread, full fat",NA,NA,NA,NA,NA,"LS06","SA99","47.7",NA,"1211.1","2.57","16.4","21.2","13.33","6.22","0.62","5.5e-05","8.7","0","6","562","0.3","29","712","242","1345","2.59","0.03","20",NA,"11.3",NA,0.05,"0.43",0.1,0.117,NA,NA,NA,NA,NA,"0","0.19","0.71",NA
"30002","Cheese, cheddar",NA,NA,NA,NA,NA,"LS06","SA99","37.4",NA,"1645.6","3.87","24.7","32.3","18.43","8.11","0.75","0.000115","1.8","0","3.8","788","0.7","30","532","82","487","3.93","0.07","70",NA,"13.9",NA,0.04,"0.36",0.1,0.074,NA,NA,NA,NA,NA,"0","0.25","1.15",NA
"30003","Cheese, gouda",NA,NA,NA,NA,NA,"LS06","SA99","40.6",NA,"1576.9","3.75","20.8","31.5","18.79","7.94","0.75","9.3e-05","0.3","0","3.7","806","0.8","31","565","71","511","3.74","0.06","80",NA,"14.5",NA,0.04,"0.34",0.1,0.08,NA,NA,NA,NA,NA,"0","0.24","1.23",NA
"30004","Cheese, processed, full fat",NA,NA,NA,NA,NA,"LS06","SA99","45.7",NA,"1367.9","3.26","20.8","27","17.02","7.73","0.86","8.5e-05","0.9","0","5.6","600","0.5","22","800","130","1320","3.2","0.17","0",NA,"10",NA,0.03,"0.28",0.1,0.08,NA,NA,NA,NA,NA,"0","0.21","0.55",NA
"30009","Creamer/non dairy powder, for coffee & tea",NA,NA,NA,NA,NA,"LS06","SA99","2.2",NA,"2328.4","0.75","4.8","35.5","32.53","0.97","0.01","0","54.9","0","2.6","22","1.2","4","422","812","181","0.51","0.12","220",NA,"0.6",NA,0,"0.17",0,0,NA,NA,NA,NA,NA,"0","0","0.27",NA
"30011","Human milk, colostrum",NA,NA,NA,NA,NA,"LS06","SA99","88.2",NA,"237.3","0.31","2","2.6","1.1","1.1","0.3","3.1e-05","6.3","0","0.9","28","0.1","3","14","70","47","0.6","0.05","0",NA,NA,NA,0,"0.03",0.1,0,NA,NA,NA,NA,NA,"7",NA,"1.3",NA
"30012","Human milk, mature",NA,NA,NA,NA,NA,"LS06","SA99","87.5",NA,"297.1","0.16","1","4.4","2","1.66","0.5","1.4e-05","6.9","0","0.2","32","0","3","14","51","17","0.17","0.05","26",NA,"1.8",NA,0.01,"0.04",0.2,0.011,NA,NA,NA,NA,NA,"5","0.04","0.9",NA
"30010","Milk, goat, pasturized",NA,NA,NA,NA,NA,"LS06","SA99","87",NA,"289.4","0.56","3.6","4.1","2.67","1.11","0.15","1.1e-05","4.4","0","0.8","134","0.1","14","111","204","50","0.3","0.05","18",NA,"1.4",NA,0.05,"0.14",0.3,0.046,NA,NA,NA,NA,NA,"1","0.13","0.09",NA
"30007","Milk, cow, fresh, as from the cow (untreated)",NA,NA,NA,NA,NA,"LS06","US18","87.69",NA,"270.23","0.5141065830721","3.28","3.66","2.278","1.057","0.136","1.4e-05","4.65","0","0.72","119","0.05","13","93","151","49","0.38","0.01","0.004",NA,"2",NA,0.038,"0.161",0.084,0.042,NA,NA,NA,NA,NA,"1.5",NA,NA,NA
"30015","Milk powder, full fat",NA,NA,NA,NA,NA,"LS06","SA99","3",NA,"2112.1","4.03","25.7","28","17.55","8.31","0.7","9.7e-05","37.4","0","5.7","930","6","85","750","1200","350","3.34","0.08","40",NA,"16.3",NA,0.23,"1.4",0.6,0.302,NA,NA,NA,NA,NA,"9","10","1.08",NA
"30016","Milk powder, full fat, reconstituted",NA,NA,NA,NA,NA,"LS06","SA99","88",NA,"262.1","0.5","3.2","3.5","2.17","1.03","0.09","1.2e-05","4.6","0","0.7","115","0.7","11","93","148","43","0.41","0.01","5",NA,"2",NA,0.03,"0.17",0.1,0.037,NA,NA,NA,NA,NA,"1","1.2","0.13",NA
"30017","Milk powder, skimmed",NA,NA,NA,NA,NA,"LS06","GB6","3",NA,"1661","5.7","36.1","0.6","0.4","0.2","0","1.2e-05","48.090909091",NA,"8.01","1280","0.27","130","970","1590","550","4","0","0",NA,"11",NA,0.38,"1.63",1,0.6,NA,NA,NA,NA,NA,"13",NA,"0.27",NA
"30018","Milk powder, skimmed, reconstituted",NA,NA,NA,NA,NA,"LS06","SA99","90.8",NA,"107.4","0.53","3.4","0.1","0.06","0.02","0","2e-06","5","0","3","125","0","10","96","170","51","0.39","2.6","2",NA,"2.6",NA,0.03,"0.17",0.1,0.024,NA,NA,NA,NA,NA,"1","0.72","0",NA
"30019","Milk, as from the cow, sterilized",NA,NA,NA,NA,NA,"LS06","GB6","87.6",NA,"277.07","0.55","3.5","3.9",NA,NA,NA,"1e-05","4.090909091",NA,"0.69","120","0.18","13","91","140","57","0.3","0","0",NA,"1",NA,0.03,"0.14",0.1,0.04,NA,NA,NA,NA,NA,"0",NA,"0.12",NA
"30023","Milk, full fat, 3.4 %fat, UHT",NA,NA,NA,NA,NA,"LS06","SA99","88",NA,"260.1","0.5","3.2","3.4","1.94","0.9","0.11","1e-05","4.8","0","0.7","117","0.1","12","87","147","49","0.38","0.01","4",NA,"2",NA,0.02,"0.14",0.1,0.027,NA,NA,NA,NA,NA,"1","0.03","0.14",NA
"30024","Milk, low fat, 2% fat, UHT",NA,NA,NA,NA,NA,"LS06","SA99","89.3",NA,"210","0.52","3.3","2","1.28","0.59","0.06","7e-06","4.9","0","0.7","122","0.1","12","89","152","46","0.39","0.01","2",NA,"2.2",NA,0.02,"0.16",0.1,0.034,NA,NA,NA,NA,NA,"1","0.01","0.07",NA
"30025","Milk, skimmed, fresh",NA,NA,NA,NA,NA,"LS06","SA99","90.8",NA,"146.8","0.53","3.4","0.2","0.11","0.05","0.01","2e-06","4.9",NA,"0.8","123","0","11","101","166","52","0.4","0.01","2",NA,"2.1",NA,0.04,"0.14",0.1,0.04,NA,NA,NA,NA,NA,"1","0","0.04",NA
"30026","Milk, soy",NA,NA,NA,NA,NA,"LS06","SA99","93.3",NA,"135.1","0.49","2.8","1.9","0.21","0.33","0.83","0","0.5","1.3","0.3","4","0.6","85","49","141","12","0.23","0.12","170",NA,"1.3",NA,0.16,"0.07",0.1,0.041,NA,NA,NA,NA,NA,"0","0","0.01",NA
"30014","Sour milk, packaged (Mafi)","22290.01","sour milk, traditional","Animal Products","milk - (excluding excluding butter butter) and products","l","LS06","SA99","87.8",NA,"269.5","0.52","3.3","3.7","2.35","1.09","0.08","1.1e-05","4.5","0","0.7","162","0.1","14","93","190","71","0.59","0.01","4",NA,"2.2",NA,0.02,"0.15",0.1,0.016,NA,NA,NA,NA,NA,"1","0.03","0.13",NA
"30029","Yoghurt, drinking, low fat, 1.5% fat",NA,NA,NA,NA,NA,"LS06","SA99","84.4",NA,"274.2","0.49","3.1","1.3","0.81","0.34","0.04","0","12.7","0","1","100","0.1","11","81","130","47","0.3","0.01","0",NA,"1",NA,0.03,"0.16",0.1,0.05,NA,NA,NA,NA,NA,"0","0","0",NA
"30030","Yoghurt, fruit, full fat, sweetened",NA,NA,NA,NA,NA,"LS06","GB6","76",NA,"451","0.63","4","3","2","0.7","0.1","3e-06","16.090909091",NA,"1","122","0.1","13","96","170","58","0.4","0","0",NA,"2",NA,0.06,"0.27",0.2,0.1,NA,NA,NA,NA,NA,"1",NA,"0.05",NA
"30032","Yoghurt, fruit, low fat, sweetened",NA,NA,NA,NA,NA,"LS06","SA99","80.1",NA,"354.7","0.6","3.8","1.5","0.94","0.3","0.08","7e-06","15","0","0.8","145","0","15","106","197","74","0.54","0.06","52",NA,"2.3",NA,0.02,"0.15",0.1,0.055,NA,NA,NA,NA,NA,"0","0.01",NA,NA
"40002","Egg, chicken, whole, raw",NA,NA,NA,NA,NA,"LS06","SA99","75",NA,"615.7","2.02","12.6","10.3","3.03","4.01","1.36","0.000419","1.2","0","0.9","39","1.8","9","192","98","126","1.15","0.12","60",NA,"30.8",NA,0.13,"0.4",0.1,0.042,NA,NA,NA,NA,NA,"0","7.94","3.48",NA
"40009","Egg, chicken, white, raw",NA,NA,NA,NA,NA,"LS06","SA99","86.8",NA,"214.5","1.81","11.3","0.1","0","0","0","0","1.1","0","0.7","4","0.1","7","27","79","131","0.06","0.05","20",NA,"19",NA,0.06,"0.38",0.1,0.001,NA,NA,NA,NA,NA,"0","0","0",NA
"40010","Egg, chicken, yolk, raw",NA,NA,NA,NA,NA,"LS06","SA99","49.1",NA,"1433.5","2.61","16.3","29.6","8.7","11.41","4.02","0.001238","3.6","0","1.4","104","4.8","10","388","81","45","2.76","0.19","140",NA,"45.2",NA,0.29,"0.44",0,0.157,NA,NA,NA,NA,NA,"0","18.71","8.15",NA
"40001","Egg, chicken, scrambled with milk",NA,NA,NA,NA,NA,"LS06","Recipe","63.6176935229068",NA,"993.3017","1.65718799368088","10.39099526","21.35860979","5.53396524486572","9.87243285939968","3.82069510268562","0.000331793048973144","1.591627172","0","3.0805687","46.406003","1.43957345971564","10.189573","162.2235","98.5979463","1122.74881516588","0.956556082148499","0.0975513428120063","47.6303317535545",NA,"24.5892575039494",NA,0.0998025276461296,"0.283728278041074",0.0862954186413902,0.0316232227488152,NA,NA,NA,NA,NA,"0.118483412322275","7.06279620853081","5.12677725118483",NA
"40003","Egg, chicken, whole, boiled/poached",NA,NA,NA,NA,NA,"LS06","SA99","75",NA,"615.7","2.02","12.6","10.3","3.01","4","1.36","0.000419","1.2","0","0.9","39","1.8","9","192","98","126","1.15","0.12","60",NA,"30.8",NA,0.11,"0.38",0.1,0.04,NA,NA,NA,NA,NA,"0","7.94","3.48",NA
"40004","Egg, duck, whole, raw",NA,NA,NA,NA,NA,"LS06","SA99","70.8",NA,"753.7","2.05","12.8","13.8","3.68","6.53","1.22","0.000884","1.5","0","1.1","64","3.9","17","220","222","146","1.41","0.06","80",NA,"36.4",NA,0.16,"0.4",0.2,0.25,NA,NA,NA,NA,NA,"0","5","0.74",NA
"40005","Egg, fried in sunflower oil",NA,NA,NA,NA,NA,"LS06","SA99","71.4",NA,"762.9","1.92","12","14.6","3.47","4.7","4.38","0.000399","1.1","0","0.9","37","1.7","9","183","93","120","1.09","0.11","57",NA,"29.3",NA,0.1,"0.36",0.1,0.038,NA,NA,NA,NA,NA,"0","7.56","6.08",NA
"40006","Egg, turkey, whole, raw",NA,NA,NA,NA,NA,"LS06","SA99","72.5",NA,"691.9","2.19","13.7","11.9","3.63","4.57","1.66","0.000933","1.2","0","0.8","99","4.1","13","170","142","151","1.58","0.06","38",NA,"34",NA,0.11,"0.47",0,0.131,NA,NA,NA,NA,NA,"0",NA,NA,NA
"40008","Omelette, plain",NA,NA,NA,NA,NA,"LS06","SA99","75.5",NA,"633.2","1.61","10","11.6","2.98","4.57","2.08","0.000312","2","0","0.9","56","1.4","9","162","107","136","0.93","0.09","45",NA,"23.2",NA,0.09,"0.32",0.1,0.04,NA,NA,NA,NA,NA,"0","6.12","2.8",NA
"50001","Asparagus, green, raw",NA,NA,NA,NA,NA,"LS06","GB6","91.4",NA,"148.34","0.47","2.9","0.6","0.1","0.1","0.2","0","1.818181818",NA,"0.58","27","0.7","13","72","260","1","0.7","0.08","0.2",NA,"1",NA,0.16,"0.06",1,0.09,NA,NA,NA,NA,NA,"12",NA,"1.16",NA
"50003","Asparagus, white, canned",NA,NA,NA,NA,NA,"LS06","SAFV","90",NA,"118.3","0.35","2.2","0.4","0.1","0.01","0.19","0","2.9","2.1","2.4","26","0.2","16","67","302","601","0.82","0.19","267",NA,"2.8",NA,0.09,"0.16",1.5,0.172,NA,NA,NA,NA,NA,"29","0","3.78",NA
"50005","Baby marrow, whitish green flesh, raw",NA,NA,NA,NA,NA,"LS06","SAFV","93.6",NA,"84.1","0.3","1.9","0.2","0.04","0.02","0.08","0","2.2","1.3","1","16","0.8","28","63","389","3","0.55","0.12","190",NA,"1",NA,0.09,"0.05",0.1,0.12,NA,NA,NA,NA,NA,"17","0","0.27",NA
"50004","Baby marrow,  whitish green flesh, boiled",NA,NA,NA,NA,NA,"LS06","SAFV","95.4",NA,"54","0.24","1.5","0.1","0.02","0.01","0.04","0","1.2","1.4","0.8","18","0.8","24","47","272","1","0.48","0.13","210",NA,"1",NA,0.05,"0.04",0.6,0.09,NA,NA,NA,NA,NA,"12","0","0.25",NA
"50009","Beetroot, flesh and skin, raw",NA,NA,NA,NA,NA,"LS06","SAFV","89.2",NA,"145.3","0.26","1.6","0.1","0.02","0.02","0.04","0","5.8","2.4","1.1","17","0.8","26","29","381","105","0.29","0.08","410",NA,"0",NA,0.01,"0.02",0.4,0.03,NA,NA,NA,NA,NA,"3","0","0",NA
"50007","Beetroot, flesh and skin, boiled",NA,NA,NA,NA,NA,"LS06","SAFV","86.5",NA,"187.3","0.3","1.9","0","0","0.01","0.01","0","8","2.8","1","15","0.8","35","36","290","60","0.42","0.15","385",NA,"0",NA,0.01,"0.01",0.2,0.02,NA,NA,NA,NA,NA,"3","0","0",NA
"50097","Beetroot, flesh only, raw",NA,NA,NA,NA,NA,"LS06","GB6","87.1",NA,"181","0.27","1.7","0.1","0","0","0.1","0","6.909090909","2.4","1.1","20","1","11","51","380","66","0.4","0.03","700",NA,"0",NA,0.01,"0.01",0.1,0.03,NA,NA,NA,NA,NA,"5",NA,"0",NA
"50008","Beetroot, flesh only, boiled in salted water",NA,NA,NA,NA,NA,"LS06","GB6","82.4",NA,"259","0.37","2.3","0.1","0","0","0.1","0","8.636363636","2.8","1","29","0.8","16","87","510","110","0.5","0.04","900",NA,"0",NA,0.01,"0.01",0.1,0.04,NA,NA,NA,NA,NA,"5",NA,"0",NA
"50016","Cabbage, white, raw",NA,NA,NA,NA,NA,"LS06","SAVF","91.9",NA,"111.5","0.24","1.5","0.1","0.01","0.01","0.05","0","4.3","2","0.6","31","0.3","13","32","173","29","0.15","0.02","150",NA,"0.9",NA,0.04,"0.02",0.3,0.08,NA,NA,NA,NA,NA,"30","0","0.25",NA
"50015","Cabbage, white, boiled",NA,NA,NA,NA,NA,"LS06","SAVF","93.4",NA,"96.3","0.16","1","0.4","0.01","0","0.02","0","3.2","1.9","0.4","29","0.4","9","24","115","20","0.17","0.01","120",NA,"0.6",NA,0.02,"0.01",0.2,0.05,NA,NA,NA,NA,NA,"20","0","0.2",NA
"50014","Cabbage, sun dried, raw",NA,NA,NA,NA,NA,"LS06","SAVF","5",NA,"1213.1","2.1","13.1","1.7","0.21","0.12","0.77","0","38.9","28.6","10.5","422","3.7","182","335","2312","202","2.18","0.78","1924",NA,"10.9",NA,0.51,"0.37",2.8,1.046,NA,NA,NA,NA,NA,"261","0","1.27",NA
"50011","Cabbage chinese, raw",NA,NA,NA,NA,NA,"LS06","SAFV","94.5",NA,"70.8","0.14","0.9","0.1","0.02","0.01","0.04","0","2.2","1.8","0.5","40","0.4","7","30","193","13","0.14","0","160",NA,"0.6",NA,0.03,"0.02",0.6,0.06,NA,NA,NA,NA,NA,"68","0","0",NA
"50010","Cabbage chinese, boiled",NA,NA,NA,NA,NA,"LS06","SAFV","95.6",NA,"57.4","0.11","0.7","0.1","0.01","0.01","0.05","0","1.8","1.4","0.4","30","0.3","5","22","139","10","0.11","0","122",NA,"0.4",NA,0.02,"0.02",0.4,0.043,NA,NA,NA,NA,NA,"33","0","0",NA
"50021","Carrot, flesh and skin, raw",NA,NA,NA,NA,NA,"LS06","SAFV","89.2",NA,"145.7","0.14","0.9","0","0","0","0","0","6.4","2.7","0.8","24","0.6","10","23","242","24","0.35","0.02","110",NA,"1",NA,0.03,"0.12",0.6,0.06,NA,NA,NA,NA,NA,"4","0","0.39",NA
"50096","Carrot,  flesh only, raw",NA,NA,NA,NA,NA,"LS06","GB6","89.8",NA,"137.71","0.1","0.6","0.3","0.1","0","0.2","0","7.181818182","2.8","0.97","25","0.3","3","15","170","25","0.1","0.02","100",NA,"1",NA,0.1,"0.01",0.2,0.14,NA,NA,NA,NA,NA,"6","0","0.56",NA
"50017","Carrot,  flesh only, boiled",NA,NA,NA,NA,NA,"LS06","GB6","90.5",NA,"131.11","0.1","0.6","0.4","0.1","0","0.2","0","4.454545455","3","0.67","24","0.4","3","17","120","50","0.1","0.01","100",NA,"1",NA,0.09,"0",0,0.1,NA,NA,NA,NA,NA,"2",NA,"0.56",NA
"50019","Carrot, flesh and skin, boiled",NA,NA,NA,NA,NA,"LS06","SAFV","89.7",NA,"140.7","0.14","0.9","0.1","0.02","0","0.05","0","5.3","3.1","0.5","31","0.6","11","29","156","29","0.39","0.03","150",NA,"0.7",NA,0.03,"0.02",0.4,0.05,NA,NA,NA,NA,NA,"4","0","0.42",NA
"50026","Carrot, sun dried, raw",NA,NA,NA,NA,NA,"LS06","SAFV","86.6",NA,"182.4","0.16","1","0.2","0.04","0.01","0.1","0","7.9","3.6","1","36","0.8","13","33","274","38","0.3","0.13","752",NA,"0.8",NA,0.04,"0.04",0.4,0.246,NA,NA,NA,NA,NA,"2","0","0.42",NA
"50018","Carrot salad, coleslaw, raw",NA,NA,NA,NA,NA,"LS06","Recipe","79.92",NA,"526.144","0.172","1.06","10.96","1.41","2.01","7.036","1.18e-05","6.332727273","1.92","1.008","23.6","0.28","6.6","23","139.8","92.4","0.116","0.02","100",NA,"0.76",NA,0.06,"0.024",0.2,0.0896,NA,NA,NA,NA,NA,"14.4","0.052","3.3",NA
"50028","Garlic, raw",NA,NA,NA,NA,NA,"LS06","GB6","64.3",NA,"574.5","1.27","7.9","0.6","0",NA,NA,"0","14.818181818","2.1","1.5","19","1.9","25","170","300","4","1","0.06","500",NA,"2",NA,0.13,"0.03",0.3,0.38,NA,NA,NA,NA,NA,"17",NA,"0.01",NA
"50033","Green beans, raw",NA,NA,NA,NA,NA,"LS06","SAFV","89.7",NA,"132.9","0.34","2.1","0.1","0.02","0","0.05","0","3.8","3.4","0.8","51","1.3","24","45","265","5","0.36","0.11","250",NA,"0.6",NA,0.07,"0.06",0.8,0.07,NA,NA,NA,NA,NA,"9","0","0",NA
"50029","Green beans, boiled",NA,NA,NA,NA,NA,"LS06","SAFV","91.8",NA,"102.7","0.29","1.8","0.2","0.05","0.01","0.1","0","2.6","3.2","0.7","49","0.9","23","37","259","4","0.3","0.1","230",NA,"0.3",NA,0.05,"0.04",0.5,0.05,NA,NA,NA,NA,NA,"5","0","0.08",NA
"50030","Green beans, sun dried, raw",NA,NA,NA,NA,NA,"LS06","SAFV","86.4",NA,"183.8","0.3","1.9","0.1","0.02","0","0.05","0","5.2","3.6","1","58","0.9","31","39","205","38","0.45","0.13","370",NA,"0.5",NA,0.16,"0.1",1,0.071,NA,NA,NA,NA,NA,"5","0","0.18",NA
"50032","Green beans, with vegatables, boiled",NA,NA,NA,NA,NA,"LS06","SAFV","86.4",NA,"183.8","0.3","1.9","0.1","0.02","0","0.05","0","5.2","3.6","1","58","0.9","31","39","205","38","0.45","0.13","370",NA,"0.5",NA,0.16,"0.1",1,0.071,NA,NA,NA,NA,NA,"5","0","0.18",NA
"50035","Green peas, fresh, raw",NA,NA,NA,NA,NA,"LS06","SAFV","78.2",NA,"318","0.88","5.5","0.8","0.14","0.07","0.38","0","8.3","6.3","0.7","20","1.7","28","83","265","14","0.87","0.17","330",NA,"0.8",NA,0.28,"0.08",2.5,0.1,NA,NA,NA,NA,NA,"27","0","0.04",NA
"50034","Green peas, fresh, boiled",NA,NA,NA,NA,NA,"LS06","SAFV","78.4",NA,"311.6","0.86","5.4","0.7","0.13","0.06","0.33","0","7.9","6.6","0.6","17","1.5","19","62","207","13","0.69","0.119","250",NA,"0.9",NA,0.2,"0.04",1.6,0.04,NA,NA,NA,NA,NA,"13","0","0.12",NA
"50037","Kale, leaves and stems, raw",NA,NA,NA,NA,NA,"LS06","SAFV","84.5",NA,"234","0.53","3.3","0.7","0.09","0.05","0.34","0","8","2","1.5","135","1.7","34","56","447","43","0.44","0.29","774",NA,"3",NA,0.11,"0.13",1,0.271,NA,NA,NA,NA,NA,"120","0","0.8",NA
"50036","Kale, leaves boiled,  with sunflower oil, boiled",NA,NA,NA,NA,NA,"LS06","SAFV","91.2",NA,"124.3","0.3","1.9","0.4","0.05","0.03","0","0","3.6","2","0.9","72","0.9","18","28","228","23","0.24","0.16","416",NA,"2",NA,0.05,"0.07",0.5,0.138,NA,NA,NA,NA,NA,"41","0","0.85",NA
"50039","Leaves, african spinach, raw (Theepe)",NA,NA,NA,NA,NA,"LS06","Analyzed","85.4",NA,"185.7","0.63","3.9","0.3","0.06","0.05","0.09","0","4.4","4.4","1.7","255","5.3","52","74","381","9","0.8","0.2","107",NA,"0.5",NA,0.01,"0.1",1,0.18,NA,NA,NA,NA,NA,"46","0","0.17",NA
"50038","Leaves, african spinach, boiled (Theepe)",NA,NA,NA,NA,NA,"LS06","SAFV","92.6",NA,"82.4","0.3","1.9","0.2","0.06","0.05","0.09",NA,"1.2","3","1.2","187","4.6","37","38","246","3","0.81","0.15","2480",NA,"0.3",NA,0,"0.04",0.3,0.05,NA,NA,NA,NA,NA,"1","0","0.26",NA
"50040","Leaves, goosefoot, raw (Seruoe)",NA,NA,NA,NA,NA,"LS06","Analyzed","85.7",NA,"182.9","0.67","4.2","0.2",NA,NA,NA,NA,"4.1","4.3","1.5","234","5.1","71","75","390","8","1.1",NA,"121",NA,NA,NA,NA,NA,NA,NA,NA,NA,NA,NA,NA,NA,NA,NA,NA
"50041","Leaves, goosefoot, boiled (Seruoe)",NA,NA,NA,NA,NA,"LS06","Recipe","85.1587577639752",NA,"216.1008","0.573847662634848","3.597254","1.88427591","0.216691729323308","0.318100032690422","1.10007453416149",NA,"3.5116051","3.68290291","2.3964564","205.643021","4.37066361556064","64.031121","64.24524","334.7930042","348.591042824452","0.94299444262831","0.0186714612618503","103",NA,"0",NA,NA,NA,NA,NA,NA,NA,NA,NA,NA,NA,"0","0.671830009807126",NA
"50042","Leaves, harebell, raw (Tenane)",NA,NA,NA,NA,NA,"LS06","Analyzed","88.9",NA,"137.1","0.52","3.2","0.1",NA,NA,NA,NA,"3","3.5","1.3","204","3","46","57","314","4","0.51",NA,"121",NA,NA,NA,NA,NA,NA,NA,NA,NA,NA,NA,NA,"22.2","0",NA,NA
"50043","Leaves, harebell, boiled (Tenane)",NA,NA,NA,NA,NA,"LS06","Recipe","88.3432343234323",NA,"170.3878","0.429042904290429","2.64026403","1.73267327","0.208745874587459","0.306435643564356","1.05973597359736",NA,"2.475247525","2.88778878","2.1435644","173.349835","2.47772277227723","41.056106","47.03795","259.810231","332.508250825082","0.421617161716172","0.017986798679868","99.8349834983498",NA,"0",NA,NA,NA,NA,NA,NA,NA,NA,NA,NA,NA,"0","0.647194719471947",NA
"50044","Leaves, papasane, raw (Papasane)",NA,NA,NA,NA,NA,"LS06","Analyzed","86.7",NA,"164.2","0.47","2.9","0.2",NA,NA,NA,NA,"4.4","4.3","1.6","254","4.7","72","58","398","8","0.91",NA,"104",NA,NA,NA,NA,NA,NA,NA,NA,NA,NA,NA,NA,"19.7","0",NA,NA
"50045","Leaves, papasane, boiled (Papasane)",NA,NA,NA,NA,NA,"LS06","Recipe","85.4303580734013",NA,"213.3354","0.487605151492593","3.08816596","1.78788556","0.205606838879377","0.301827588773915","1.04380009429514",NA,"4.144643788","3.49450359","2.2738654","213.814859","4.3908843891908","64.006303","56.08272","345.297588","329.1334772575","0.707840144916747","0.0177163205042309","100.771731308469",NA,"0",NA,NA,NA,NA,NA,NA,NA,NA,NA,NA,"0","0","0.637462468051316",NA
"50046","Leaves, stinging nettle, raw (Bobatsi)",NA,NA,NA,NA,NA,"LS06","Analyzed","87.9",NA,"157.1","0.54","3.4","0.2",NA,NA,NA,NA,"4","3.2","1.4","228","3.8","57","68","322","5","0.78",NA,"109",NA,NA,NA,NA,NA,NA,NA,NA,NA,NA,NA,NA,"16.3","0",NA,NA
"50047","Leaves, stinging nettle, boiled (Bobatsi)",NA,NA,NA,NA,NA,"LS06","Recipe","87.0430336711344",NA,"194.0033","0.462504086302713","2.91206277","1.88427591","0.216691729323308","0.318100032690422","1.10007453416149",NA,"3.425956195","2.74076496","2.3108075","200.504086","3.25722785223929","52.040275","58.24982","276.5517489","346.021575678326","0.668917947041517","0.0186714612618503","93.3573063092514",NA,"0",NA,NA,NA,NA,NA,NA,NA,NA,NA,NA,"0","0","0.671830009807126",NA
"50048","Leaves, wild mustard, raw (Sepaile)",NA,NA,NA,NA,NA,"LS06","Analyzed","85.1",NA,"193.1","0.6","3.8","0.2",NA,NA,NA,NA,"5.1","4.3","1.5","257","5.4","75","69","424","6","0.87",NA,"124",NA,NA,NA,NA,NA,NA,NA,NA,NA,NA,NA,NA,"89.6","0",NA,NA
"50049","Leaves, wild mustard, boiled (Sepaile)",NA,NA,NA,NA,NA,"LS06","Recipe","84.6448643347499",NA,"224.8369","0.513893429225237","3.25465839","1.88427591","0.216691729323308","0.318100032690422","1.10007453416149",NA,"4.368094148","3.68290291","2.3964564","225.342269","4.62761033017326","67.457077","59.10631","363.9136319","346.878064727035","0.746001961425302","0.0186714612618503","106.204642039882",NA,"0",NA,NA,NA,NA,NA,NA,NA,NA,NA,NA,NA,"0","0.671830009807126",NA
"50096","Leaves, watercress, raw (Semetsing)",NA,NA,NA,NA,NA,"LS06","GB6","85.7",NA,"224.6","0.71","4.45","0.8",NA,NA,NA,NA,"5.75","2.7","0.6","160","3.5","28",NA,"235","67.8","6.23",NA,NA,NA,NA,NA,NA,NA,NA,NA,NA,NA,NA,NA,NA,"38.11","0",NA,NA
"50097","Leaves, wild mustard, raw (tlhako ea khomo)",NA,NA,NA,NA,NA,"LS06","GB6","88.89",NA,"142.86","0.53","3.31","0.5",NA,NA,NA,NA,"1.4","5.6","0.33","162","2.47","45",NA,"246","42","3.9",NA,NA,NA,NA,NA,NA,NA,NA,NA,NA,NA,NA,NA,NA,"40","0",NA,NA
"50098","Leaves, ground thistle, raw (Leshoabe)",NA,NA,NA,NA,NA,"LS06",NA,"88.9",NA,"179","0.4","2.38","2",NA,NA,NA,NA,"2.62","3.5","4.6","149","4.7","34",NA,"290","45","6.8",NA,NA,NA,NA,NA,NA,NA,NA,NA,NA,NA,NA,NA,NA,"46","0",NA,NA
"50099","Leaves, scatter plant, raw (Leharasoana)",NA,NA,NA,NA,NA,"LS06",NA,"88.9",NA,"165.9","0.4","2.31","1.4",NA,NA,NA,NA,"2.99","3","4","166","4.24","56",NA,"291","38","7.03",NA,NA,NA,NA,NA,NA,NA,NA,NA,NA,NA,NA,NA,NA,"64","0",NA,NA
"50100","Leaves, peppercress, raw (Qhela)",NA,NA,NA,NA,NA,"LS06",NA,"88.8",NA,"169.97","0.64","4.03","0.6",NA,NA,NA,NA,"3.58","2.3","0.69","186","3.1","48",NA,"378","56","8.47",NA,NA,NA,NA,NA,NA,NA,NA,NA,NA,NA,NA,NA,NA,"22","0",NA,NA
"50094","Leaves, pumpkin, raw",NA,NA,NA,NA,NA,"LS06","SAFV","92.9",NA,"91.2","0.51","3.2","0.4","0.21","0.05","0.02","0","0.4","1.9","1.2","39","2.2","38","104","436","11","0.2","0.13","355",NA,"0",NA,0.09,"0.13",0.9,0.207,NA,NA,NA,NA,NA,"11","0","0.96",NA
"50052","Leaves, pumpkin, boiled",NA,NA,NA,NA,NA,"LS06","SAFV","92.5",NA,"86.8","0.43","2.7","0.2","0.11","0.03","0.01","0","0.7","2.7","1.2","43","3.2","38","79","438","8","0.2","0.13","355",NA,"0",NA,0.07,"0.14",0.9,0.196,NA,NA,NA,NA,NA,"1","0","0.96",NA
"50053","Leaves,  pumpkin, with baby marrow, boiled (Lepu)",NA,NA,NA,NA,NA,"LS06","Recipe","91.3854331480876",NA,"140.8839","0.418823144818568","2.62942138","2.03844394","0.381994115724093","0.358355017979732","1.12234324942792","0","0.496763648","1.57593985","1.8911278","32.03269","1.76693690748611","32.597973","85.57182","370.166002","345.850277868585","0.20213141549526","0.112970905524681","289.921542987905",NA,"0.0856489048708728",NA,0.0501046093494606,"0.0904452435436417",0.49162471395881,0.101905067015364,NA,NA,NA,NA,NA,"5.46440013076169","0","1.4349617522066",NA
"50054","Lettuce, raw",NA,NA,NA,NA,NA,"LS06","SAFV","96",NA,"51.6","0.14","0.9","0.1","0.01","0","0.06","0","1.7","1.1","0.5","16","0.5","8","28","169","8","0.28","0.06","230",NA,"0.2",NA,0.05,"0.02",0.3,0.04,NA,NA,NA,NA,NA,"3","0","0.05",NA
"50056","Maize, white, on the cob immature, salted, boiled",NA,NA,NA,NA,NA,"LS06","US18","73.2",NA,"434.66","0.4976","3.11","0.74","0.114","0.216","0.348","0","19.53","2.8","0.62","3","0.61","29","75","251","240","0.63","0.046","0.142",NA,"0.7",NA,0.5,"0.069",1.517,0.224,NA,NA,NA,NA,NA,"4.8","0","0.09",NA
"50058","Maize, yellow, on the cob immature, raw",NA,NA,NA,NA,NA,"LS06","US18","71.79",NA,"458.92","0.51","3.28","0.78","0.12","0.228","0.367","0","20.7","2.8","0.65","4","0.68","32","87","294","5","0.7","0.051","0.158",NA,"0.8",NA,0.174,"0.088",1.681,0.179,NA,NA,NA,NA,NA,"7.2",NA,"0.0900000035762787",NA
"50059","Maize, yellow, on the cob immature, salted, boiled",NA,NA,NA,NA,NA,"LS06","US18","73.2",NA,"434.66","0.51","3.11","0.74","0.114","0.216","0.348","0","19.53","2.8","0.62","3","0.61","29","75","251","4","0.63","0.046","0.142",NA,"0.7",NA,0.174,"0.069",1.517,0.224,NA,NA,NA,NA,NA,"4.8",NA,"0.0799999982118607",NA
"50057","Maize, yellow, on the cob immature, salted, roasted","1290.01.02","maize, green, roasted","Fruits and Vegetables","vegetables, other and products","m","LS06","Recipe","47.3841176470588",NA,"836.8541","0.93","5.98117647","1.42235294","0.218823529411765","0.415764705882353","0.669235294117647","0","37.747058824","5.10588235","2.3594118","7.411765","1.24352941176471","59.247059","158.6588","537.1647059","471.470588235294","1.27764705882353","0.0939411764705882","0.288117647058824",NA,"1.45882352941176",NA,0.237970588235294,"0.129176470588235",2.91208529411765,0.244808823529412,NA,NA,NA,NA,NA,"13.1294117647059","0","0.164117653580273",NA
"50064","Onion, raw",NA,NA,NA,NA,NA,"LS06","SAVF","88.6",NA,"175.5","0.14","0.9","0.1","0.02","0.01","0.04","0","8.7","1.5","0.4","30","0.5","12","33","180","15","0.31","0.14","220",NA,"0.6",NA,0.03,"0.01",0.1,0.12,NA,NA,NA,NA,NA,"6","0","0",NA
"50062","Onion, boiled",NA,NA,NA,NA,NA,"LS06","SAVF","87.9",NA,"187.4","0.14","0.9","0.1","0.02","0.02","0.04","0","8.7","1.5","0.4","29","0.5","11","30","162","14","0.3","0.13","209",NA,"0.6",NA,0.04,"0.02",0.1,0.116,NA,NA,NA,NA,NA,"9","0","0",NA
"50063","Onion, with sunflower oil, fried",NA,NA,NA,NA,NA,"LS06","SAVF","65.7",NA,"885.1","0.21","1.3","16.6","2.11","3.08","10.6","0","12.9","2.2","0.6","43","0.7","16","44","239","21","0.44","0.19","309",NA,"0.9",NA,0.06,"0.03",0.1,0.171,NA,NA,NA,NA,NA,"13","0","9.59",NA
"50065","Peas, raw",NA,NA,NA,NA,NA,"LS06","SAVF","78.2",NA,"318","0.88","5.5","0.8","0.14","0.07","0.38","0","8.3","6.3","0.7","20","1.7","28","83","265","14","0.87","0.17","330",NA,"0.8",NA,0.28,"0.08",2.5,0.1,NA,NA,NA,NA,NA,"27","0","0.04",NA
"50066","Peas, boiled",NA,NA,NA,NA,NA,"LS06","SAVF","78.4",NA,"311.6","0.86","5.4","0.7","0.13","0.06","0.33","0","7.9","6.6","0.6","17","1.5","19","62","207","13","0.69","0.119","250",NA,"0.9",NA,0.2,"0.04",1.6,0.04,NA,NA,NA,NA,NA,"13","0","0.12",NA
"50072","Pumpkin, raw",NA,NA,NA,NA,NA,"LS06","SAFV","91.9",NA,"112.5","0.13","0.8","0.1","0.05","0.01","0.01","0","4.7","1.7","0.7","18","0.4","12","19","237","6","0.24","0.09","110",NA,"0.1",NA,0.02,"0.02",0.6,0.1,NA,NA,NA,NA,NA,"8","0","0.08",NA
"50071","Pumpkin, without skin, boiled",NA,NA,NA,NA,NA,"LS06","SAFV","94.5",NA,"74.3","0.11","0.7","0.1","0.05","0.01","0.01","0","2.9","1.6","0.4","11","0.3","8","17","157","2","0.12","0.08","50",NA,"0.1",NA,0.02,"0.01",0.4,0.06,NA,NA,NA,NA,NA,"5","0","0.7",NA
"50074","Runner beans, raw",NA,NA,NA,NA,NA,"LS06","GB6","91.2",NA,"115.78","0.26","1.6","0.4","0.1","0","0.2","0","2.909090909","3.4","0.66","33","1.2","19","34","220","0","0.2","0.02","200",NA,NA,NA,0.06,"0.03",0,0.08,NA,NA,NA,NA,NA,"18","0","0.23",NA
"50073","Runner beans, ends trimmed, boiled",NA,NA,NA,NA,NA,"LS06","GB6","92.8",NA,"91.19","0.19","1.2","0.5","0.1","0","0.3","0","2.090909091","3.2","0.73","22","1","14","21","130","1","0.2","0.01","200",NA,NA,NA,0.05,"0.02",0,0.04,NA,NA,NA,NA,NA,"10",NA,"0.23",NA
"50076","Spinach, swiss chard, raw",NA,NA,NA,NA,NA,"LS06","SAFV","89.9",NA,"115.6","0.43","2.7","0.2","0.03","0.04","0.07","0","1.6","2.9","2","117","4.4","78","50","348","892","0.73","0.17","1680",NA,"1.2",NA,0.03,"0.1",0.6,0.08,NA,NA,NA,NA,NA,"24","0","0.3",NA
"50075","Spinach, swiss chard, boiled",NA,NA,NA,NA,NA,"LS06","Recipe","86.9373360476952",NA,"215.8252","0.409553584411808","2.57161553","3.04784063","0.390028355387524","0.568708012214629","1.90166206194562","0","1.523920314","2.76210557","2.4904668","111.798604","4.19249527410208","74.877825","47.62822","331.9612767","1074.47811545732","0.69586011342155","0.1634404536862","1600.11632979497",NA,"1.14294023556783",NA,0.0185727788279773,"0.0807677766467937",0.400029082448742,0.0457176094227134,NA,NA,NA,NA,NA,"12.5723425912462","0","1.40638795986622",NA
"50079","Spinach, small leaved, raw",NA,NA,NA,NA,NA,"LS06","SAFV","91.6",NA,"97.6","0.46","2.9","0.4","0.06","0.01","0.15","0","0.8","2.7","1.7","99","2.7","79","49","558","79","0.53","0.13","897",NA,"1",NA,0.08,"0.19",0.7,0.195,NA,NA,NA,NA,NA,"28","0","1.89",NA
"50077","Spinach, small leaved, boiled",NA,NA,NA,NA,NA,"LS06","SAFV","91.2",NA,"103.4","0.48","3","0.3","0.04","0.01","0.11","0","1.4","2.4","1.8","136","3.6","87","56","466","70","0.76","0.17","935",NA,"15",NA,0.1,"0.24",0.5,0.242,NA,NA,NA,NA,NA,"10","0","0.96",NA
"50080","Spring onion, leaves, raw",NA,NA,NA,NA,NA,"LS06","GB6","92.2",NA,"128.83","0.32","2","0.5","0.1","0.1","0.2","0","2.727272727",NA,"0.81","39","1.9","12","29","260","7","0.4","0.06","0.2",NA,NA,NA,0.05,"0.03",0.5,0.13,NA,NA,NA,NA,NA,"26","0",NA,NA
"50084","Sweet green pepper, raw",NA,NA,NA,NA,NA,"LS06","SAFV","94.6",NA,"70.8","0.14","0.9","0.1","0.01","0.01","0.05","0","3.1","1.8","0.4","7","0.9","10","23","177","6","0.24","0.17","120",NA,"0",NA,0.04,"0.02",0.6,0.171,NA,NA,NA,NA,NA,"77","0","0.04",NA
"50083","Sweet green pepper, unsalted, boiled",NA,NA,NA,NA,NA,"LS06","SAFV","91.9",NA,"107.2","0.22","1.4","0.2","0.03","0.01","0.11","0","4.7","2.7","0.6","10","1.3","14","31","239","9","0.34","0.24","171",NA,"0",NA,0.08,"0.04",0.6,0.233,NA,NA,NA,NA,NA,"89","0","0.06",NA
"50093","Tomato, flesh and skin,  raw",NA,NA,NA,NA,NA,"LS06","SAFV","94.3",NA,"80.8","0.14","0.9","0.2","0.03","0.03","0.08","0","2.9","1.1","0.6","8","0.2","11","25","231","5","0.16","0.07","60",NA,"0.4",NA,0.04,"0.01",0.9,0.09,NA,NA,NA,NA,NA,"20","0","0.84",NA
"50092","Tomato, flesh and skin, boiled",NA,NA,NA,NA,NA,"LS06","SAFV","92.2",NA,"111.5","0.19","1.2","0.3","0.04","0.05","0.12","0","4","1.5","0.8","11","0.3","15","34","316","7","0.22","0.1","82",NA,"0.5",NA,0.05,"0.01",1.2,0.117,NA,NA,NA,NA,NA,"26","0","1.14",NA
"50087","Tomato, sun dried, raw",NA,NA,NA,NA,NA,"LS06","SAFV","14.6",NA,"1186.9","2.26","14.1","3","0.43","0.49","1.115","0","43.5","12.3","12.6","110","9.1","194","356","3427","2095","1.99","1.42","1846",NA,"5.5",NA,0.53,"0.49",9.1,0.332,NA,NA,NA,NA,NA,"39","0","0.01",NA
"50088","Tomato and onion,  with sugar and sunflower oil, stewed",NA,NA,NA,NA,NA,"LS06","Recipe","72.2856265984655",NA,"685.2919","0.131335038363171","0.84429668","13.54895141","1.7194168797954","2.50876726342711","8.66543222506394","0","9.497220801","1.19273657","2.7115772","16.573231","0.319403239556692","12.418755","26.69139","198.3203751","886.556180733163","0.21263768115942","0.0964910485933504","120.613810741688",NA,"0.455652173913043",NA,0.0217774936061381,"0.0253735720375107",0.36586189258312,0.0578946291560102,NA,NA,NA,NA,NA,"7.22342710997442","0","5.70637340153453",NA
"60001","Baked beans, in tomato sauce, canned",NA,NA,NA,NA,NA,"LS06","US18","94.3",NA,"67.34","0.1328","0.83","0.2","0.045","0.008","0.102","0","1.99","1.5","1.18","22","0.47","13","16","93","373","0.14","0.06","0.2",NA,"0.312",NA,0.025,"0.049",0.233,0.044,NA,NA,NA,NA,NA,"3.1",NA,NA,NA
"60005","Beans, sugar, dried, raw",NA,NA,NA,NA,NA,"LS06","SA91","12.4",NA,"1308.47","2.704","16.9","1.3","0.19","0.14","0.98","0","46.2","19.4","1.89","85","5.9","16.9","164","1140","35","2.54","0.88","1310",NA,NA,NA,0.45,"0.13",2.5,0.437,NA,NA,NA,NA,NA,"3","0","0.34",NA
"60003","Beans, sugar, dried, boiled",NA,NA,NA,NA,NA,"LS06","SA91","63",NA,"532.18","1.136","7.1","0.6","0.08","0.06","0.41","0","19.5","8.2","2.06","32","2.1","55","122","368","14","1.06","0.3","560",NA,NA,NA,0.12,"0.04",0.7,0.164,NA,NA,NA,NA,NA,"1",NA,"0.14",NA
"60004","Beans, sugar, dried, with sugar and vinegar, boiled",NA,NA,NA,NA,NA,"LS06","Recipe","73.9621804903495",NA,"408.1847","0","4.41001565","1.90401669","0.247522170057381","0.327125717266562","1.26061554512259","0","12.572248305","5.05998957","1.5881586","23.432447","1.54512258737611","5.855503","42.95253","298.7480438","420.333854981742","0.664058424621805","0.234452269170579","341.679707876891",NA,"0",NA,0.0762910798122066,"0.03547209181012",0.456442357850808,0.0683881064162754,NA,NA,NA,NA,NA,"0.430359937402191","0","0.70245174752217",NA
"60010","Peas, split, dried, raw",NA,NA,NA,NA,NA,"LS06","SA91","11.3",NA,"1358.62","3.936","24.6","1.2","0.16","0.24","0.5","0","43.3","17.1","1.14","55","4.4","115","366","981","15","3.01","0.87","1390",NA,NA,NA,0.73,"0.22",2.9,0.174,NA,NA,NA,NA,NA,"2","0","0.09",NA
"60009","Peas, split, dried, unsalted, boiled",NA,NA,NA,NA,NA,"LS06","SA91","69.5",NA,"456.57","1.328","8.3","0.4","0.05","0.08","0.17","0","15.2","5.9","0.99","14","1.3","36","99","362","2","1","0.18","400",NA,NA,NA,0.19,"0.06",0.9,0.048,NA,NA,NA,NA,NA,"0","0","0",NA
"60008","Peas, split, dried, with sunflower oil, boiled",NA,NA,NA,NA,NA,"LS06","Recipe","90.4470636889992",NA,"152.1847","0.37439205955335","2.33995037","0.73449132","0.0936931348221671","0.13802729528536","0.445947063688999","0","4.118693135","1.62655087","0.6038875","6.927213","0.419768403639371","12.080232","34.81803","93.6807279","165.612076095947","0.286724565756824","0.0888751033912324","132.21670802316",NA,"0",NA,0.0416625310173697,"0.0150372208436725",0.165508684863524,0.00993052109181141,NA,NA,NA,NA,NA,"0.190239867659222","0","0.251861042183623",NA
"60011","Soy bean, dried, whole, raw",NA,NA,NA,NA,NA,"LS06","GB6","8.5",NA,"1542.6818","5.74","35.9","18.6","2.3","3.5","9.1","0","14.363636364","1.6","1.59","5","9.7","250","660","1730","5","4.3","1.55","2600",NA,"14",NA,0.16,"0.27",2.2,0.38,NA,NA,NA,NA,NA,"0",NA,"2.9",NA
"70008","Potato, flesh and skin, raw",NA,NA,NA,NA,NA,"LS06","SAFV","80.2",NA,"309.8","0.24","1.5","0.1","0.03","0","0.04","0","15.9","1.5","0.9","6","1.2","15","45","398","2","0.29","0.09","140",NA,"0.6",NA,0.14,"0.02",1.8,0.21,NA,NA,NA,NA,NA,"27","0","0.06",NA
"70001","Potato, without skin, raw",NA,NA,NA,NA,NA,"LS06","SAFV","79",NA,"334.4","0.26","1.6","0.1","0.03","0","0.04","0","16.6","1.6","0.6","6","0.7","14","43","332","2","0.29","0.12","147",NA,"0.3",NA,0.16,"0.01",1.4,0.214,NA,NA,NA,NA,NA,"29","0","0.06",NA
"70003","Potato, without skin, boiled",NA,NA,NA,NA,NA,"LS06","SAFV","80.4",NA,"311.5","0.24","1.5","0.1","0.03","0","0.04","0","15.5","1.5","0.6","6","0.6","12","38","279","2","0.26","0.11","130",NA,"0.3",NA,0.12,"0.01",1.2,0.19,NA,NA,NA,NA,NA,"20","0","0.06",NA
"70002","Potato chips/french fries, homemade, unsalted",NA,NA,NA,NA,NA,"LS06","GB6","56.6",NA,"827.7","0.63","3.9","6.7","0.6","3.3","2.4","0","27.363636364","3.2","0.9","11","0.8","31","62","660","12","0.6","0.14","200",NA,"2",NA,0.24,"0.02",0.7,0.32,NA,NA,NA,NA,NA,"9","0","0.19",NA
"70009","Sweet potato, red skinned, raw",NA,NA,NA,NA,NA,"LS06","SAFV","80.4",NA,"302.7","0.18","1.1","0.1","0.02","0","0.04","0","15.6","2.1","0.8","12","0.3","13","34","285","12","0.18","0.11","100",NA,"0.4",NA,0.07,"0.01",0.6,0.08,NA,NA,NA,NA,NA,"22","0","0.14",NA
"70010","Sweet potato, without skin, with sugar, boiled",NA,NA,NA,NA,NA,"LS06","SAFV","81.8",NA,"286.6","0.16","1","0.1","0.02","0","0.04","0","15.1","2","0.4","9","0.3","13","22","189","11","0.12","0.08","60",NA,"0.5",NA,0.05,"0.01",0.5,0.07,NA,NA,NA,NA,NA,"7","0","0.22",NA
"80013","Apricot, flesh and skin, raw",NA,NA,NA,NA,NA,"LS06","SAFV","86.7",NA,"196.6","0.13","0.8","0.1","0.01","0.04","0.02","0","6.5","1.8","0.9","15","0.5","11","25","320","4","0.16","0.08","77",NA,"0.2",NA,0.01,"0.02",0.5,0.04,NA,NA,NA,NA,NA,"4","0","0.89",NA
"80008","Apricot jam",NA,NA,NA,NA,NA,"LS06","US18","34.5",NA,"1111.4","0.112","0.7","0.2","0.01","0.11","0",NA,"64.1","0.3","0.2","20","0.49","4","11","77","40","0.06","0.1","0.04",NA,"0.6",NA,0,"0.022",0.036,NA,NA,NA,NA,NA,NA,"8.8",NA,"0.13",NA
"80012","Apricot, dried, raw",NA,NA,NA,NA,NA,"LS06","SAFV","31.1",NA,"1047.6","0.59","3.7","0.5","0.03","0.2","0.09","0","52.8","9","3.1","45","4.7","47","117","1378","10","0.74","0.43","275",NA,"0.7",NA,0.01,"0.15",3,0.156,NA,NA,NA,NA,NA,"2","0","1.5",NA
"80002","Apple, without skin, raw",NA,NA,NA,NA,NA,"LS06","SAFV","84.5",NA,"249","0.03","0.2","0.3","0.05","0.01","0.09","0","12.9","1.9","0.2","4","0.1","3","7","113","0","0.04","0.03","23",NA,"0.3",NA,0.02,"0.01",0.1,0.046,NA,NA,NA,NA,NA,"4","0","0.08",NA
"80005","Apple, skin and core removed, raw",NA,NA,NA,NA,NA,"LS06","SAFV","83.9",NA,"249.9","0.03","0.2","0.1","0.02","0","0.03","0","13","2.3","0.3","2","0.3","3","7","99","4","0.09","0.07","80",NA,"0.3",NA,0.02,"0.06",0.2,0.03,NA,NA,NA,NA,NA,"5","0","0.16",NA
"80006","Apple, dried, raw",NA,NA,NA,NA,NA,"LS06","SAFV","31.8",NA,"1068.4","0.14","0.9","0.3","0.05","0.01","0.09","0","57.2","8.7","1.1","14","1.4","16","38","450","87","0.2","0.19","90",NA,"1.3",NA,0,"0.16",0.9,0.125,NA,NA,NA,NA,NA,"4","0","0.55",NA
"80007","Apple, golden delicious, raw",NA,NA,NA,NA,NA,"LS06","SAFV","83.5",NA,"252.9","0.03","0.2","0","0.01","0","0.01","0","13.5","2.5","0.3","2","0.3","3","7","104","6","0.19","0.08","90",NA,"0.3",NA,0.03,"0.01",0.2,0.04,NA,NA,NA,NA,NA,"7","0","0",NA
"80015","Banana, raw",NA,NA,NA,NA,NA,"LS06","SAFV","74.9",NA,"403.8","0.21","1.3","0.3","0.12","0.03","0.06","0","18.8","1.7","0.8","2","0.6","21","20","241","1","23","0.05","310",NA,"1.1",NA,0.03,"0.02",0.7,0.295,NA,NA,NA,NA,NA,"12","0","0.27",NA
"80016","Banana,  sliced, sun dried",NA,NA,NA,NA,NA,"LS06","US18","3",NA,"1544.56","0.6224","3.89","1.8","0.698","0.153","0.337","0","78.38","9.9","3.02","22","1.15","108","74","1491","3","0.61","0.391","3.9",NA,"0.574",NA,0.18,"0.24",2.8,NA,NA,NA,NA,NA,NA,"7",NA,"0.39",NA
"80018","Fruit salad, raw",NA,NA,NA,NA,NA,"LS06","Recipe","86.2864864864865",NA,"209.1027","0.103513513513514","0.65675676","0.1","0.0140540540540541","0.00783783783783784","0.0239189189189189","0","10.339189189","2.13378378","0.4013514","9.081081","0.262162162162162","7.162162","13.51351","165.9864865","2.98648648648649","0.11027027027027","0.0839189189189189","56.4189189189189",NA,"0.302702702702703",NA,0.0421621621621622,"0.0241891891891892",0.263513513513513,0.0340540540540541,NA,NA,NA,NA,NA,"15.1216216216216","0","0.375",NA
"80021","Grape, seeds and skin, raw",NA,NA,NA,NA,NA,"LS06","SAFV","81.8",NA,"283.2","0.11","0.7","0.1","0.03","0","0.03","0","14.7","2","0.6","6","0.3","7","19","215","2","0.06","0.08","40",NA,"0.2",NA,0.06,"0.01",0.2,0.06,NA,NA,NA,NA,NA,"3","0","0.66",NA
"80023","Guava, without skin, raw",NA,NA,NA,NA,NA,"LS06","SAFV","82.7",NA,"218.8","0.13","0.8","0.3","0.09","0.03","0.13","0","7.7","7.9","0.6","8","0.4","10","23","264","1","0.15","0.15","180",NA,NA,NA,0.05,"0.02",1.2,0.075,NA,NA,NA,NA,NA,"347","0","0.14",NA
"80024","Guava, seeds and skin, raw",NA,NA,NA,NA,NA,"LS06","SAFV","81.8",NA,"283.2","0.11","0.7","0.1","0.03","0","0.03","0","14.7","2","0.6","6","0.3","7","19","215","2","0.06","0.08","40",NA,"0.2",NA,0.06,"0.01",0.2,0.06,NA,NA,NA,NA,NA,"3","0","0.66",NA
"80026","Mango and orange juice",NA,NA,NA,NA,NA,"LS06","SA91","86.2",NA,"232.47","0.048","0.3","0.1","0","0","0","0","13.1","0.1","0.19","5","0.4","7","12","75","2","0.33","0.01","0.24",NA,NA,NA,NA,NA,NA,NA,NA,NA,NA,NA,NA,"33",NA,NA,NA
"80033","Orange, raw",NA,NA,NA,NA,NA,"LS06","SAFV","86.5",NA,"195.9","0.13","0.8","0.1","0.01","0.02","0.02","0","9.2","3.2","0.4","30","0.3","8","19","176","1","0.22","0.1","85",NA,"0.5",NA,0.08,"0.02",0.3,0.04,NA,NA,NA,NA,NA,"53","0","0.19",NA
"80032","Orange juice",NA,NA,NA,NA,NA,"LS06","SAFV","88.3",NA,"194.3","0.11","0.7","0.2","0.02","0.04","0.04","0","10.2","0.2","0.4","11","0.2","11","17","200","1","0.05","0.04","14",NA,"0.2",NA,0.09,"0.03",0.4,0.04,NA,NA,NA,NA,NA,"50","0","0.09",NA
"80040","Peach, flesh and skin, raw",NA,NA,NA,NA,NA,"LS06","SAFV","87.8",NA,"184.6","0.11","0.7","0.1","0","0","0.01","0","8.6","2","0.4","4","0.3","8","17","201","4","0.09","0.08","50",NA,"0.4",NA,0.02,"0.02",0.6,0.01,NA,NA,NA,NA,NA,"8","0","0.7",NA
"80037","Peach, dried, raw",NA,NA,NA,NA,NA,"LS06","SAFV","31.8",NA,"1059.1","0.58","3.6","0.8","0.08","0.28","0.37","0","53.1","8.2","2.5","28","4.1","42","119","996","7","0.57","0.36","305",NA,"6.5",NA,0,"0.21",4.4,0.067,NA,NA,NA,NA,NA,"5","0","0",NA
"80042","Peanut butter",NA,NA,NA,NA,NA,"LS06","SA91","1.4",NA,"2568.65","3.936","24.6","50","10.12","20.42","17.01","0","14.7","6","3.15","34","1.7","157","328","721","478","2.51","0.56","1.54",NA,NA,NA,0.14,"0.1",13.1,0.378,NA,NA,NA,NA,NA,"0","0","4.7",NA
"80046","Pear, core and skin removed, raw",NA,NA,NA,NA,NA,"LS06","SAFV","83.4",NA,"253.8","0.05","0.3","0.1","0.01","0.02","0.02","0","14.4","3","0.2","5","0.4","4","9","85","3","0.14","0.1","95",NA,"1",NA,0.02,"0.01",0.3,0.01,NA,NA,NA,NA,NA,"4","0","0.18",NA
"80049","Pineapple, core and skin removed, raw",NA,NA,NA,NA,NA,"LS06","SAFV","85.3",NA,"228.9","0.06","0.4","0.1","0.01","0.01","0.03","0","12.1","1.8","0.4","4","0.3","10","6","159","1","0.03","0.04","440",NA,"0.7",NA,0.08,"0.02",0.3,0.055,NA,NA,NA,NA,NA,"43","0","0",NA
"80052","Pumpkin seeds, raw",NA,NA,NA,NA,NA,"LS06","US18","6.29",NA,"2392.01","3.9264","24.54","45.85","8.674","14.258","20.904","0","13.91","3.9","4.88","43","14.97","535","1174","807","18","7.46","1.387","3.021",NA,"5.6",NA,0.21,"0.32",1.745,0.224,NA,NA,NA,NA,NA,"1.9",NA,"0",NA
"80053","Pumpkin seeds, roasted",NA,NA,NA,NA,NA,"LS06","SA91","4.5",NA,"1614.11","2.976","18.6","19.4","3.67","6.03","8.84","0","17.9","35.9","4.37","55","3.3","262","92","919","18","10.3","0.69","3.016",NA,"5.6",NA,0.09,"0.07",0.9,0.09,NA,NA,NA,NA,NA,"0",NA,NA,NA
"80054","Quinces, raw",NA,NA,NA,NA,NA,"LS06","SAFV","83.8",NA,"253.5","0.06","0.4","0.1","0.01","0.04","0.05","0","13.4","1.9","0.4","11","0.7","8","17","197","4","0.04","0.13","45",NA,"0.1",NA,0.02,"0.03",0.2,0.04,NA,NA,NA,NA,NA,"15","0","0.55",NA
"80059","Strawberry, raw","1354.01","strawberries, fresh, raw","Fruits and Vegetables","fruits, other and products","h","LS06","SAFV","90.7",NA,"138.5","0.11","0.7","0.3","0.02","0.04","0.15","0","6","1.9","0.5","9","0.7","11","28","170","4","0.16","0.14","340",NA,"0.3",NA,0.03,"0.02",0.3,0.04,NA,NA,NA,NA,NA,"58","0","0.12",NA
"80061","Watermelon, raw",NA,NA,NA,NA,NA,"LS06","SAFV","91.8",NA,"126.4","0.14","0.9","0.1","0.01","0.02","0.03","0","5.9","1.1","0.3","3","0.1","10","5","137","4","0.09","0.09","25",NA,"0.1",NA,0.03,"0.01",0,0.03,NA,NA,NA,NA,NA,"6","0","0.15",NA
"90001","Animal fat, chicken",NA,NA,NA,NA,NA,"LS06","SA91","0.2",NA,"3692.6","0","0","99.8","29.8","44.7","20.9","8.5e-05","0","0","0",NA,NA,NA,NA,NA,NA,NA,NA,NA,NA,NA,NA,NA,NA,NA,NA,NA,NA,NA,NA,NA,NA,NA,"2.7",NA
"90004","Hard margarine",NA,NA,NA,NA,NA,"LS06","SA91","15.2",NA,"3051.6","0.048","0.3","82.2","18.92","42","17.34","0","0.4","0","2","6","0","1","0","9","1530","0","0",NA,NA,NA,NA,0,"0",0,0,NA,NA,NA,NA,NA,"0","5","15",NA
"90006","Mayonnaise, salad dressing, retail",NA,NA,NA,NA,NA,"LS06","SA91","36.2",NA,"2132.3","0.18","1.1","54","6.83","10.03","34.68","5.9e-05","8.7","0","1.9","6","0.2","1","21","13","354","0.08","0.02","0",NA,NA,NA,0.02,"0.06",0,0.008,NA,NA,NA,NA,NA,NA,"0.26","14.88",NA
"90007","Sunflower oil",NA,NA,NA,NA,NA,"LS06","SA91","0",NA,"3700","0","0","100","12.65","18.57","64.22","0","0","0","0","0","0","0","0","0","0","0","0",NA,NA,NA,NA,0,"0",0,0,NA,NA,NA,NA,NA,NA,NA,"39.22",NA
"100001","Atchar, mango",NA,NA,NA,NA,NA,"LS06","Food Finder","34.8",NA,"1312","0.064","0.4","10.9",NA,NA,NA,"0","49.5","1.6","0","23","2.3","27","0","57","1090","0.1","0.1","0",NA,"0",NA,0.02,"0.03",0.1,0,NA,NA,NA,NA,NA,"1","0","0",NA
"100003","Chutney, tomato",NA,NA,NA,NA,NA,"LS06","Food Finder","58.2",NA,"695.5","0.176","1.1","0.1","0","0","0","0","39.7","1.9","0","30","1.1","20","39","310","130","0.2","0.14",NA,NA,"0",NA,0.04,"0.05",0.5,0.09,NA,NA,NA,NA,NA,"8","0","0.8",NA
"100004","Gravy, tomato, onion, with sunflower oil, stewed",NA,NA,NA,NA,NA,"LS06","Recipe","66.2424587706147",NA,"964.1679","0.120983508245877","0.77775112","23.71748126","3.00494752623688","4.39782908545727","15.1952143928036","0","3.873043478","1.04485757","4.3915442","12.491154","0.255322338830585","12.726837","23.52894","191.0989505","1550.39580209895","0.177547226386807","0.0801319340329835","89.5592203898051",NA,"0.3928035982009",NA,0.025767916041979,"0.0479220389805097",0.589205397301349,0.0636341829085457,NA,NA,NA,NA,NA,"9.78866566716642","0","9.77138230884558",NA
"100009","Tomato sauce/Ketchup style",NA,NA,NA,NA,NA,"LS06","SA91","67.7",NA,"504.9","0.192","1.2","0.3","0.05","0.05","0.14","0","24.6","1.8","2","18","0.7","21","38","465","582","0.22","0.2","130",NA,NA,NA,0.09,"0.07",1.2,0.169,NA,NA,NA,NA,NA,"2",NA,NA,NA
"110011","Chocolate, kit kat",NA,NA,NA,NA,NA,"LS06","SA91","1.3",NA,"2188.14","1.312","8.2","26.6","13.8","9.7","1.6",NA,"60.5",NA,"1.28","200","1.5","52","190","330","110","1.1","0.28","0.3",NA,NA,NA,0.11,"0.44",0.5,0.06,NA,NA,NA,NA,NA,"0","0","1.03",NA
"110004","Ice cream, regular, 10% fat",NA,NA,NA,NA,NA,"LS06","SA99","61",NA,"867.7","0.55","3.5","11","6.79","3.17","0.41","4.4e-05","23.6","0","0.9","128","0.1","14","105","199","80","0.69","0.02","8",NA,"2.6",NA,0.04,"0.24",0.1,0.048,NA,NA,NA,NA,NA,"1","0.12","0",NA
"110005","Ice cream, rich, 16% fat",NA,NA,NA,NA,NA,"LS06","SA99","57.2",NA,"1038","0.55","3.5","16.2","9.97","4.66","0.6","6.1e-05","22.4","0","0.8","117","0.1","11","95","159","56","124","0.03","8",NA,"2.6",NA,0.04,"0.16",0.1,0.038,NA,NA,NA,NA,NA,"1","0.13","0",NA
"110007","Ice cream, sorbet/non dairy, 8% fat",NA,NA,NA,NA,NA,"LS06","SA99","65.3",NA,"746.9","0.5","3.2","8.7","4.4","3.2","0.8","7e-06","21.8","0","1","120","0.1","13","100","170","76","0.3","0","0",NA,NA,NA,0.04,"0.24",0.1,0.07,NA,NA,NA,NA,NA,"1","0","0.84",NA
"110012","Jelly, powder",NA,NA,NA,NA,NA,"LS06","SA99","29.9",NA,"1176.4","0.976","6.1","0","0","0","0","0","62.5","0","0.9","32","1.7","4","7","25","25",NA,"0.16",NA,NA,NA,NA,0,"0",0,0,NA,NA,NA,NA,NA,"0","0","0",NA
"110002","Jelly dessert, prepared with water",NA,NA,NA,NA,NA,"LS06","Recipe","90.2448275862069",NA,"162.2621","0.134620689655172","0.84137931","0","0","0","0","0","8.620689655","0","0.2103448","6.137931","0.23448275862069","1.413793","0.9655172","3.4482759","5.17241379310345","0","0.0281034482758621","0",NA,"0",NA,0,"0",0,0,NA,NA,NA,NA,NA,"0","0","0",NA
"110008","Sugar, granulated, brown",NA,NA,NA,NA,NA,"LS06","SA91","2.1",NA,"1649","0","0","0","0","0","0","0","96.4","0","0.9","85","3.4","15","19","344","30",NA,"0.06",NA,NA,NA,NA,0.01,"0.03",0.2,0,NA,NA,NA,NA,NA,"0","0","0",NA
"110009","Sugar, granulated, white",NA,NA,NA,NA,NA,"LS06","SA91","0.5",NA,"1691.5","0","0","0","0","0","0","0","99.5","0","0","0","0.1","0","0","3","1",NA,"0.02",NA,NA,NA,NA,0,"0",0,0,NA,NA,NA,NA,NA,"0","0","0",NA
"110010","Sweets, mashmellow",NA,NA,NA,NA,NA,"LS06","SA91","17.3",NA,"1400.8","0.32","2","0","0.02","0","0","0","80.4","0","0.3","18","1.6",NA,"6","6","39",NA,NA,NA,NA,NA,NA,0,"0",0,NA,NA,NA,NA,NA,NA,"0",NA,NA,NA
"120001","Baby cereal, containing milk dry cerelac",NA,NA,NA,NA,NA,"LS06","SA91","2.5",NA,"1779.8","2.48","15.5","9",NA,NA,NA,NA,"69","1.5","2.6","448","7.5",NA,"374","497","255",NA,NA,NA,NA,NA,NA,0.8,"0.3",4,3,NA,NA,NA,NA,NA,"35","5","2",NA
"120005","Baby cereal, wheat dry nestum-1",NA,NA,NA,NA,NA,"LS06","SA91","3",NA,"1594.8","1.6","10","1.3","0.19","0.11","0.57","0","80","4","2.6","130","15","85","114","130","69","2.73","0.51","1520",NA,NA,NA,0.55,NA,8,0.405,NA,NA,NA,NA,NA,"65","6.25","3.33",NA
"120017","Baby formula, soy-based, isomil, powder",NA,NA,NA,NA,NA,"LS06","SA91","2",NA,"2089.83","2.192","13.7","28","12.31","6.63","7.6","0","52.4","0","8.01","538","9.2","13.7","0","28","12.31","6.63","7.6","0",NA,NA,NA,0.31,"0.46",6.9,0.307,NA,NA,NA,NA,NA,"42","7.68","8.76",NA
"120018","Baby formula, whey predominant, nan powder",NA,NA,NA,NA,NA,"LS06","SA91","3",NA,"2034.61","1.824","11.4","25.8","9.8",NA,NA,NA,"57.9",NA,"7.67","230","6.1","34","160","500","120","3.8","0.3","40",NA,NA,NA,0.3,"0.7",3.8,0.4,NA,NA,NA,NA,NA,"41","7.5","4.07",NA
"120012","Wheat bran, with fresh milk, boiled  (Nepe)",NA,NA,NA,NA,NA,"LS06","Recipe","78.278268847646",NA,"275.972","0.0718559295375904","3.97467233","0.98745413","0.157269581629443","0.150716682394883","0.501183810422565","2.71154451085247e-07","5.569964349","9.67117542","1.529763","35.430848","2.38841878997588","140.683968","242.5928","289.5929538","9.76156023906889","1.6969749397085","0.23477456223131","2.8697179406522",NA,"17.8193666771521",NA,0.074160742371815,"0.0896165460836741",1.8490022019503,0.179910978295061,NA,NA,NA,NA,NA,"0.135577225542623","0","0.342106534607495",NA
"130001","Five roses tea, brewed",NA,NA,NA,NA,NA,"LS06","SA91","99.7",NA,"5.1","0","0","0","0","0","0","0","0.3","0","0","0","0","3","1","37","3","0.02","0.01",NA,NA,NA,NA,0,"0.1",0,0,NA,NA,NA,NA,NA,"0","0",NA,NA
"130002","Fermented thin porridge (Mahleu)",NA,NA,NA,NA,NA,"LS06",NA,"78.6828741586332",NA,"128","0.096","0.6","0.2","0","0.00965670775966861",NA,"0","6.8","0.2","0.4947712","7.729387","1.33103255277035","2.078089","5.435196","17.9112706","4","0.454315056713007","0.0124886384505733","0.00207306372670482",NA,"0.0908378832974292",NA,0.0453812495809563,"0.0456450940552642",0.338788869033911,0.00584227050253175,NA,NA,NA,NA,NA,"0.00113076203274808","0","0",NA
"130004","Ginger, powdered, brewed (Khemere)",NA,NA,NA,NA,NA,"LS06","Recipe","88.394364640884",NA,"195.0062","0.00806187845303867","0.05038674","0.03287293","0.0107182320441989","0.00552486187845304","0.00723756906077348",NA,"11.316519337","0.06906077","0.1368508","2.850829","0.0746961325966851","2.121547","0.8176796","7.7513812","2.49723756906077","0.0260773480662983","0.0125966850828729","0.146408839779006",NA,"0.179558011049724",NA,0,"0.00102209944751381",0.0284806629834254,0.00464088397790055,NA,NA,NA,NA,NA,"0.0386740331491713","0","0.0995580110497238",NA
"130003","Mint, herbal tea",NA,NA,NA,NA,NA,"LS06","SA91","99.7",NA,"5.1","0","0","0","0","0","0","0","0.2","0","0","1","0","1",NA,"4","3","0.02","0.04","0.02",NA,NA,NA,NA,NA,NA,NA,NA,NA,NA,NA,NA,NA,NA,NA,NA
"130005","Roibos tea, brewed",NA,NA,NA,NA,NA,"LS06","SA91","99.7",NA,"5.1","0","0","0","0","0","0.01","0","0.2","0","0","1","0","1",NA,"4","3","0.02","0.04","0.02",NA,NA,NA,NA,NA,NA,NA,NA,NA,NA,NA,NA,NA,NA,NA,NA
"130006","Sorghum beverage, soured,  (motoho)",NA,NA,NA,NA,NA,"LS06","Recipe","78.6828741586332",NA,"352.0183","0.0230976991222675","2.22898325","0.35907977","0.00224267803161703","0.00965670775966861",NA,"0","17.485978434","1.01592687","0.4947712","7.729387","1.33103255277035","2.078089","5.435196","17.9112706","12.450946382815","0.454315056713007","0.0124886384505733","0.00207306372670482",NA,"0.0908378832974292",NA,0.0453812495809563,"0.0456450940552642",0.338788869033911,0.00584227050253175,NA,NA,NA,NA,NA,"0.00113076203274808","0","0",NA
"130007","Water, tab",NA,NA,NA,NA,NA,"LS06","US18","99.9",NA,"0","0","0","0","0","0","0","0","0","0","0.1","2","0","1","0","0","2","0","0.007","0",NA,"0",NA,0,"0",0,0,NA,NA,NA,NA,NA,"0","0","0",NA
"140001","Beer, 5% alcohol",NA,NA,NA,NA,NA,"LS06","US18","91.96",NA,"193.96","0.0736","0.46","0","0","0","0","0","3.55","0","0.16","4","0.02","6","14","27","4","0.01","0.005","0.008",NA,"0.6",NA,0.005,"0.025",0.041,0.046,NA,NA,NA,NA,NA,"0",NA,"0",NA
"140004","Cider, 5.5% alcohol",NA,NA,NA,NA,NA,"LS06","GB6","91.2",NA,"215.6","0.592","3.7","0","0","0","0","0","3.909090909",NA,NA,"8","0.5","3","3","72","7","0","0.04","0",NA,"0",NA,0,"0",0,0.01,NA,NA,NA,NA,NA,"0","0",NA,NA
"150002","Curry powder",NA,NA,NA,NA,NA,"LS06","SA91","9.5",NA,"1573.11","2.032","12.7","13.8","1.15","4.81","5.07","0","41.8","16.3","5.57","478","29.6","254","349","1543","52","4.05","0.82","4290",NA,NA,NA,0.25,"0.28",3.5,NA,NA,NA,NA,NA,NA,"11","0",NA,NA
"150003","Ginger powder",NA,NA,NA,NA,NA,"LS06","US-18","9.38",NA,"1465.95","1.4592","9.12","5.95","1.94","1","1.31","0","58.29","12.5","4.77","116","11.52","184","148","1343","32","4.72","0.48","26.5",NA,"32.5",NA,0.046,"0.185",5.155,0.84,NA,NA,NA,NA,NA,"7",NA,"18.02",NA
"150009","Maize, roasted, milled (Lipabi), mixed with sugar and salted",NA,NA,NA,NA,NA,"LS06","Recipe","0.498469668820388",NA,"735.8246","0.512370689055038","3.20231681","1.49673503","0.184481294292915","0.428135833925066","0.675271152694819","0","35.087590326","3.68962589","2.2483466","3.666653","1.05873188254459","44.226223","83.90536","122.3568912","734.401347757682","0.802437937707976","0.0728869582167272","243.654539632151",NA,"0",NA,0.125743146345878,"0.0459776116285869",0.691108697770909,0.0587381479470364,NA,NA,NA,NA,NA,"0","0","0.452501287888281",NA
"150005","Salt, iodated",NA,NA,NA,NA,NA,"LS06","GB6","0.2",NA,"0","0","0","0","0","0","0","0","0",NA,"99.8","10","0.3","76","1","89","39300","0.1","0.08","0",NA,NA,NA,0,"1",0,0,NA,NA,NA,NA,NA,"0",NA,"0",NA
"150007","Vinegar",NA,NA,NA,NA,NA,"LS06","Food Finder","98",NA,"28.9","0.07","0.4","0","0","0","0","0","0.6","0","0.3","3","0.1","4","10","34","5","0.1","0.01","10",NA,"1",NA,0,"0",0,0,NA,NA,NA,NA,NA,"0","0","0",NA
"150008","Yeast, dried",NA,NA,NA,NA,NA,"LS06","US18","7.6",NA,"1354.8","6.128","38.3","4.6","0.595","2.562","0.01","0","17.3","21","7","64","16.6","98","1290","2000","50","6.4","0.5","0.55",NA,"24.1",NA,2.36,"5.47",39.75,1.55,NA,NA,NA,NA,NA,"0.3",NA,"0",NA
