"","original_food_id","original_food_name","food_genus_id","food_genus_description","food_group","food_subgroup","food_genus_confidence","fct_name","data_reference_original_id","moisture_in_g","energy_in_kcal","energy_in_kj","nitrogen_in_g","totalprotein_in_g","totalfats_in_g","saturatedfa_in_g","monounsaturatedfa_in_g","polyunsaturatedfa_in_g","cholesterol_in_mg","carbohydrates_in_g","fibre_in_g","ash_in_g","ca_in_mg","fe_in_mg","mg_in_mg","p_in_mg","k_in_mg","na_in_mg","zn_in_mg","cu_in_mg","mn_in_mcg","i_in_mcg","se_in_mcg","vitamina_in_rae_in_mcg","thiamin_in_mg","riboflavin_in_mg","niacin_in_mg","vitaminb6_in_mg","folicacid_in_mcg","folate_in_mcg","vitaminb12_in_mcg","pantothenate_in_mg","biotin_in_mcg","vitaminc_in_mg","vitamind_in_mcg","vitamine_in_mg","phyticacid_in_mg"
"1","MW01_0001","African cake, (Chikondamoyo/Chigumu cha nthochi ndi dzira)",NA,NA,NA,NA,NA,"MAFOODS","R06",49.04652687,215.2001747,910.8545653,0.907557886,5.673656619,2.996941896,NA,NA,NA,NA,38.19956313,3.183704675,0.845565749,14.5330166,1.841431848,54.03343163,22.67931411,292.1036151,12.45455439,0.880482744,0.130510594,323.2852774,0.420489297,0.0054609,5.233289646,0.189174312,0.08396789,0.786693971,0.292342726,NA,14.54991481,0.083005679,NA,NA,3.858453473,NA,0.71996505,NA
"2","MW01_0002","Banana fritters, (Zitumbuwa)",NA,NA,NA,NA,NA,"MAFOODS","R07",54.75505618,188.9955356,800.1579925,0.507086142,3.172434457,2.458426966,0.123445693,0.233707865,0.78741573,0,35.60716105,2.937827715,0.957003745,11.15926592,1.01929588,45.58002996,23.75289888,377.2217079,4.03764794,0.513588015,0.113006742,665.1685393,NA,NA,2.883595506,0.102793258,0.055159551,0.757631461,0.35588764,NA,12.18786966,NA,NA,NA,6.946516854,NA,1.095730337,NA
"3","MW01_0003","Bread, wheat, brown, homemade",NA,NA,NA,NA,NA,"MAFOODS","R44",11.2044702,361.9481236,1530.547737,1.716942605,10.66777042,6.185430464,1.705711921,0.926324503,0.52442053,0,63.21330022,2.688741722,0.82919426,13.48050037,4.316149283,35.68894408,134.2057395,198.4793598,33.6205298,0.30473234,0.03799094,41.98675497,0.177060338,0.002299485,35.22075055,0.390761589,0.187582781,1.929337748,0.181324503,NA,55.92163355,0.039321192,0.097130243,1.068432671,NA,NA,0.55209713,NA
"4","MW01_0004","Bread, wheat, white, commercial, (Buledi wa waiti)",NA,NA,NA,NA,NA,"MAFOODS","2",35.6,255.9,1085.7,1.36,8.5,1.5,NA,NA,NA,NA,48.9,3.2,2.325,55.449,1.188,28.712,101.987,136.643,2000,0.99,0.297,455.475,NA,NA,NA,0.149,0.04,1.188,0.071,NA,29.705,0,0.307,NA,NA,NA,NA,NA
"5","MW01_0005","Bread, wheat, white, homemade, (Buledi wa waiti)",NA,NA,NA,NA,NA,"MAFOODS","8",37.2,269.75,1140.75,1.65,10.35,4.55,NA,NA,NA,NA,46.5,0.35,1.4,27.6193,1.187,22.747,91.977,115.71,540.97,0.593,0.158,NA,NA,NA,0,0.518,0.049,1.483,0.059,NA,28.68,0,NA,NA,0,0,0,NA
"6","MW01_0006","Cake, banana, (Keke ya nthochi)",NA,NA,NA,NA,NA,"MAFOODS","R30",32.77569731,334.6751808,1404.990741,0.854209711,5.09375,13.90302169,6.160059401,3.345170455,1.999289773,NA,45.94510589,1.348140496,0.879907025,14.83729339,0.785640496,18.46849174,67.40702479,186.003422,133.1598657,0.455255682,0.072954545,483.161157,NA,NA,125.9958678,0.252732438,0.340552686,2.870958161,0.444979339,NA,39.65095558,0.386428202,0.135433884,0.294421488,3.421487603,NA,1.655552686,NA
"7","MW01_0007","Cake, plain, (Keke)",NA,NA,NA,NA,NA,"MAFOODS","R65",39.62870463,293.2835498,1232.784382,0.937728938,5.551365301,10.93656344,4.168831169,2.263736264,1.417582418,NA,42.48293373,0.679320679,0.715950716,59.39060939,0.670995671,12.23776224,87.41258741,105.3663004,113.0869131,0.501665002,0.055944056,228.011988,NA,NA,108.9477189,0.181884782,0.282450882,2.314851815,0.223989344,NA,29.58374958,0.271395271,0.165434565,0.37962038,0.187312687,NA,1.052114552,NA
"8","MW01_0008","Cassava stew, with pigeon pea, (Chinangwa chophika ndi nandolo)",NA,NA,NA,NA,NA,"MAFOODS","R17",89.90275008,40.07293577,170.1604227,0.200416751,1.251043072,0.119643433,NA,0,NA,0,7.763817871,0.734182439,0.338338225,29.85493414,0.697884838,18.13104021,21.48095924,70.76739954,16.41240701,0.341422089,0.178365356,65.70428095,0.275843951,0.44306748,1.580455348,0.035639934,0.015155117,0.218212794,0.024893782,NA,17.97102098,0,0.000487491,NA,3.179894081,0,0.060192494,NA
"9","MW01_0009","Cassava thick porridge, (Kondowole)",NA,NA,NA,NA,NA,"MAFOODS","R16",84.19126437,63.92827586,271.2422989,0.057931034,0.362298851,0.362298851,NA,0,NA,0,14.0983908,0.706206897,0.290574713,29.50436782,0.097816092,11.76091954,18.6583908,101.017977,5.434482759,0.135016092,0.040071264,NA,1.770114943,0.022988506,NA,0.010144368,0.017933793,0.195641379,0.027715862,NA,5.959816092,0,NA,NA,0.579678161,0,NA,NA
"10","MW01_0010","Cassava, tuber, boiled, (Chinangwa chophika)",NA,NA,NA,NA,NA,"MAFOODS","9",63,145.7824,619.2432,0.17,1.062,0.2656,NA,0,NA,0,33.105,1.681,0.885,26,0.619,22,43,263,7,0.6,0.2,280,NA,NA,0.885,0.0265,0.044,0.443,0.062,NA,14.1463,NA,NA,NA,19.474,0,0.177,NA
"11","MW01_0011","Cassava, tuber, raw, (Chinangwa chachiwisi)",NA,NA,NA,NA,NA,"MAFOODS","10",59.68,159.557,677.736,0.195,1.219,0.305,NA,0,NA,0,36.156,1.828,1.01562,31.5952,0.42315,33.7311,47.734,275.232,14.214,0.43121,0.114049,NA,NA,0.247442,1.01562,0.041,0.051,0.7118,0.091,NA,24.375,0,NA,NA,30.469,0,0.193,NA
"12","MW01_0012","Cocoyam, tuber, boiled, (Masimbi/koko wowilitsa)",NA,NA,NA,NA,NA,"MAFOODS","WA",63.2,144.6,614.3,0.4,2.5,0.2,NA,0,NA,0,28.9,4.3,1.3,11,0.6,12,57,384,6,0.36,0.15,NA,NA,NA,NA,0.1,0.03,0.8,0.24,NA,22,0,NA,NA,8,0,2.4,NA
"13","MW01_0013","Cocoyam, tuber, raw, (Masimbi/koko)",NA,NA,NA,NA,NA,"MAFOODS","WA",64.7,137.4,583.7,0.384,2.4,0.2,NA,NA,NA,0,27.4,4.1,1.2,11,0.6,13,58,457,7,1.38,0.16,NA,NA,NA,NA,0.1,0.03,0.8,0.24,NA,22,0,NA,NA,8,0,2.4,NA
"14","MW01_0014","Doughnuts (Mandasi)",NA,NA,NA,NA,NA,"MAFOODS","R05",48.9780658,211.1041874,892.4725823,1.082120306,6.773263543,3.776171486,NA,NA,NA,NA,37.02783317,0.478564307,0.608840146,58.32502493,2.002858092,14.59102692,96.82472582,128.356876,38.09332004,0.253406447,NA,NA,NA,NA,23.96144899,0.116259555,0.137879694,0.372107012,0.047185111,NA,11.43652376,0.267115321,NA,NA,0.353107345,NA,0.053406447,NA
"15","MW01_0015","Dumplings, (Dampuling'i)",NA,NA,NA,NA,NA,"MAFOODS","R28",39.76867031,293.8657923,1232.743939,1.53132969,9.575236794,12.94854281,0.922301913,1.722848361,4.941939891,NA,33.10056922,1.656420765,0.750910747,46.92622951,2.687454463,31.40122951,168.567179,155.1410337,51.26010929,0.785291439,0.040881148,449.4535519,NA,NA,28.08515483,0.202399818,0.192392987,0.42692623,0.0568602,NA,20.09392077,43.30555556,0.146490779,2.350665984,0.133196721,NA,3.029052823,NA
"16","MW01_0016","Finger millet, grain, raw, (Mawere)",NA,NA,NA,NA,NA,"MAFOODS","10",8.67,378.236,1602.208,1.8016,11.261,4.236,NA,NA,NA,0,64.675,9.092,2.066,300.377,10.1343,146.993,321.308,392.595,19.63,1.83513,0.518584,NA,NA,3.02203,0,0.31,0.134,1.756,0.754,NA,29.961,0,0,NA,0,0,0.052,NA
"17","MW01_0017","Flour, cassava, raw, (Ufa wa kondowole)",NA,NA,NA,NA,NA,"MAFOODS","11",14.04,347.61,1474.88,0.315,1.97,1.97,NA,NA,NA,0,76.66,3.84,1.58,135.93,0.53,44.325,101.455,578.195,29.55,0.7289,0.2167,NA,NA,NA,NA,0.06895,0.10835,1.182,0.16745,NA,46.295,0,NA,NA,3.94,0,NA,NA
"18","MW01_0018","Flour, maize, white, degermed-dehulled, unfortified, raw, (Ufa wa galamilu)",NA,NA,NA,NA,NA,"MAFOODS","4",12.19,367.02,1554.91,1.758,10.99,3.94,NA,NA,NA,0,71.67,0.23,0.98,3.903,0.976,31.221,89.761,139.52,1.951,0.498,0.107,NA,NA,NA,0,0.127,0.039,0.781,0.078,NA,9.757,0,NA,NA,0,0,0.41,NA
"19","MW01_0019","Flour, maize, white, whole, unfortified, raw, (Mgaiwa)",NA,NA,NA,NA,NA,"MAFOODS","6",12.3,374.3,1583.9,1.664,10.4,5.5,NA,NA,NA,0,65.5,5.3,1,17.837,3.766,92.159,1.962,312.153,10.901,1.714,0.228,NA,NA,NA,0,0.495,0.119,1.387,0.367,NA,24.774,0,NA,NA,0,0,1.288,NA
"20","MW01_0020","Flour, maize, white,degermed-dehulled,fermented, unfortified, raw, (Ufa woyera)",NA,NA,NA,NA,NA,"MAFOODS","9",10,371.504,1575.202,1.238,7.738,2.952,NA,NA,NA,0,72.896,5.6,0.814,3,1.222,21,102,99,0,0.8,0.1,140,NA,NA,0,0.387,0.051,1.629,0.377,NA,29.525,0,NA,NA,0,0,0.499,NA
"21","MW01_0021","Flour, maize-soy, commercial, raw, (Ufa wosakaniza chimanga ndi soya/ufa wa likuni phala)",NA,NA,NA,NA,NA,"MAFOODS","6",6.6,403.2,1703.35,2.26,14.15,8.2,NA,NA,NA,0,62.35,5.85,2.85,NA,NA,NA,NA,NA,NA,NA,NA,NA,NA,NA,NA,NA,NA,NA,NA,NA,NA,0,NA,NA,NA,0,NA,NA
"22","MW01_0022","Flour, sorghum, degermed, raw, Sorghum bicolor, (Ufa wa mapira)",NA,NA,NA,NA,NA,"MAFOODS","9",9,365.33,1550.48,1.7,10.634,1.738,NA,NA,NA,0,71.982,4.806,1.943,7,3.885,121.674,224,314.921,14.315,1.2,0.225,780,NA,NA,0,0.184,0.123,1.4321,0.256,NA,25.562,0,NA,NA,0,0,0.266,NA
"23","MW01_0023","Flour, wheat, cake (Ufa wa tirigu wama keke)",NA,NA,NA,NA,NA,"MAFOODS","ZA",12.5,352.9,1498.7,1.44,8.2,0.9,0.13,0.07,0.38,0,76.3,1.7,0.4,14,1.2,16,85,105,2,0.62,0.14,634,NA,NA,NA,0.12,0.04,1.3,0.033,NA,26,0,0.46,1,0,0,0.06,NA
"24","MW01_0024","{(Flour, wheat, white, unfortified, raw, (Ufa wa tirigu)}*",NA,NA,NA,NA,NA,"MAFOODS","8",10.75,345.96,1466.58,1.808,11.3,3,NA,NA,NA,0,67.24,1.2,0.61,13.125,4.543,22.212,109.038,168.606,2.019,NA,NA,NA,NA,NA,0,0.333,0.111,0.899,0.081,NA,26.25,0,NA,NA,0,0,0.061,NA
"25","MW01_0025","French fries/chips, (Chipisi)",NA,NA,NA,NA,NA,"MAFOODS","R19",48.87788779,263.6532178,1097.653548,0.38019802,3.415841584,18.29810231,1.913448845,3.53960396,11.98425743,0,18.95049505,2.301980198,0.876237624,8.613861386,1.023267327,20.48019802,62.90346535,461.389604,2.896039604,0.424158416,0.175544554,193.5378713,NA,NA,NA,0.187247525,0.01269802,1.945618812,0.297401733,NA,3.291460396,0,0.460804455,0,16.5029703,0,7.544537954,NA
"26","MW01_0026","Macaroni/Spaghetti, refined, cooked",NA,NA,NA,NA,NA,"MAFOODS","USDA",62.13,155.05,657.8,0.928,5.8,0.93,0.176,0.131,0.319,0,29.07,1.8,0.27,7,1.28,18,58,44,1,0.51,0.1,322,NA,NA,0,0.274,0.136,1.689,0.049,NA,66,0,0.112,NA,0,0,0.06,NA
"27","MW01_0027","Macaroni/Spaghetti, wholewheat, cooked",NA,NA,NA,NA,NA,"MAFOODS","USDA",67.15,132.34,561.77,0.8528,5.33,0.54,0.099,0.075,0.213,0,22.04,4.5,0.44,15,1.06,30,89,44,3,0.81,0.167,1379,NA,NA,0,0.108,0.045,0.707,0.079,NA,0,0,0.419,NA,0,0,0.3,NA
"28","MW01_0028","Maize and soya thick porridge, (Nsima ya ufa wa chimanga ndi soya)",NA,NA,NA,NA,NA,"MAFOODS","R21",78.47342466,93.30158174,394.4358137,0.573282192,3.583108676,1.676726941,NA,NA,NA,0,14.58773333,1.381917808,0.301837443,13.42656804,0.505702283,17.8579653,46.37839635,134.8936986,0.819652968,0.206593607,0.250520548,164.1860822,1.687671233,NA,NA,0.076095708,0.021920731,0.378692968,0.089572968,NA,20.72879087,0,0.078724201,NA,0,0,0.094787215,NA
"29","MW01_0029","Maize flour snack, fried, (Kadyaubwerere/Mbajira)",NA,NA,NA,NA,NA,"MAFOODS","R39",65.0666589,148.6225767,629.0443616,0.630203179,3.938988182,2.081271468,NA,NA,NA,0,26.52820632,2.005588869,0.378412994,9.602404378,1.425321651,37.15919544,0.742446294,112.2166138,4.125080049,0.649211154,0.086416429,NA,1.120684636,0.014554346,0.024451301,0.149851546,0.040528032,0.472372941,0.124989812,NA,6.562362461,0,0,0,0,0,0.487395936,NA
"30","MW01_0030","Maize soft porridge, whole flour, with groundnut flour (Phala la mgaiwa lothira nsinjilo)",NA,NA,NA,NA,NA,"MAFOODS","R02",82.21857134,84.82639238,356.7670208,0.454480759,2.843560603,2.996117439,NA,NA,NA,0,10.50635798,1.11530657,0.316406606,25.11654618,0.701050269,24.047332,29.35413666,94.39468401,11.26243636,0.404366372,0.062269894,33.69896841,1.076438905,0.013979726,6.151079459,0.084904491,0.042585936,0.523079141,0.0729172,NA,6.236624645,0,NA,NA,0.118827671,0,0.581287745,NA
"31","MW01_0031","Maize thick porridge, degermed-dehulled flour, (Nsima ya galamilu)",NA,NA,NA,NA,NA,"MAFOODS","R18",82.70409091,72.29181818,306.2701515,0.346272727,2.16469697,0.776060606,NA,NA,NA,0,14.11681818,0.04530303,0.193030303,5.223318182,0.192583333,9.717772727,17.68019697,26.10715152,0.384287879,0.099045455,0.021291667,NA,1.75,0.022727273,0,0.020012121,0.006913636,0.13845,0.013827273,NA,1.345283333,0,NA,NA,0,0,0.080757576,NA
"32","MW01_0032","Maize thick porridge, refined flour, (Nsima ya ufa oyera)",NA,NA,NA,NA,NA,"MAFOODS","R15",79.33774834,85.29010155,361.6357792,0.284220751,1.776494481,0.677721854,NA,NA,NA,0,16.73550552,1.285651214,0.186878587,5.015452539,0.280878587,8.286975717,23.41721854,21.59205298,NA,0.184591611,0.02316777,28.92715232,1.699779249,0.022075055,NA,0.071078146,0.010537748,0.336588079,0.077896689,NA,4.744856512,0,NA,NA,0,0,0.114560706,NA
"33","MW01_0033","Maize thick porridge, white, whole flour, (Nsima ya mgaiwa)",NA,NA,NA,NA,NA,"MAFOODS","4",76.54,129.63,542.09,0.45,2.84,7.07,NA,NA,NA,0,13.08,0.58,0.48,NA,NA,NA,NA,NA,NA,NA,NA,NA,NA,NA,NA,NA,NA,NA,NA,NA,NA,0,NA,NA,NA,NA,NA,NA
"34","MW01_0034","Maize thick porridge, white, whole flour, (Nsima ya mgaiwa)",NA,NA,NA,NA,NA,"MAFOODS","R01",79.86578366,85.93200883,363.6326711,0.382022075,2.387637969,1.262693157,NA,NA,NA,0,15.03752759,1.216777042,0.229580574,8.421739514,0.864931567,24.62369978,NA,68.08105166,2.502657837,0.394428256,0.052554084,NA,1.699779249,NA,NA,0.090913907,0.024588079,0.28658543,0.075830464,NA,3.981340397,0,0,NA,0,0,0.295699779,NA
"35","MW01_0035","Maize, bran, Zea mays, (Deya/Gaga)",NA,NA,NA,NA,NA,"MAFOODS","9",10,381.254,1611.342,1.87,11.664,7.19,NA,NA,NA,0,64.114,3.358,3.674,9,2.365,186,508,531,18,3.7,0.3,610,NA,NA,3.778,0.009,0.094,2.583,0.144,NA,3.7788,0,NA,NA,128.388,0,0.397,NA
"36","MW01_0036","Maize, grain, orange, raw, Zea mays, (Mthikinya)",NA,NA,NA,NA,NA,"MAFOODS","7",13.53,364.16,1541.13,1.05,9.56,5.24,NA,NA,NA,0,59.09,10.5,1.6,10,3,123,241,346,11,2.3,0.2,700,NA,NA,0.82,0.5,0.12,2.2,0.3,NA,33,0,0.54,6.1,NA,0,1.3,NA
"37","MW01_0037","Maize, grain, white, raw, (Chimanga)",NA,NA,NA,NA,NA,"MAFOODS","10",10.91,370.139,1567.937,1.48,9.251,4.123,NA,NA,NA,0,64.253,9.754,1.81,3.04722,1.41669,81.972,247.36,311.712,11.061,1.57707,0.183546,NA,NA,1.61271,NA,0.352,0.101,2.112,0.201,NA,26.144,0,NA,NA,0,0,1.307,NA
"38","MW01_0038","Maize, grain, white, raw, Se fertilizer applied, (Chimanga)",NA,NA,NA,NA,NA,"MAFOODS","14",15,351.774,1490.122,1.41,8.826,3.934,NA,NA,NA,0,60.96,9.306,1.727,1.3,2.2,111.9,236.004,381,10.553,1.8,0.3,NA,NA,11.3,NA,0.336,0.096,2.015,0.192,NA,24.944,0,NA,NA,0,0,1.247,NA
"39","MW01_0039","Maize, grain, white, raw, Zea mays, (Chimanga)",NA,NA,NA,NA,NA,"MAFOODS","7",13.36,335.34,1422.82,1.457,9.11,1.9,NA,NA,NA,0,59.85,10.6,1.6,10,3,123,241,346,11,2.3,0.2,700,NA,NA,0.02,0.5,0.12,2.2,0.3,NA,33,0,0.54,6.1,0,0,1.3,NA
"40","MW01_0040","Maize, green, boiled, (Dowe)",NA,NA,NA,NA,NA,"MAFOODS","9",68,133.061,563.633,0.52,3.284,1.501,NA,NA,NA,0,23.085,3.519,0.657,6.569,1.126,49,106,141,3,0.8,0.1,130,NA,NA,0,0.08,0.028,0.563,0.047,NA,6.569,0,NA,NA,0,0,0.469,NA
"41","MW01_0041","Milk scones, (Sikono ya mkaka)",NA,NA,NA,NA,NA,"MAFOODS","R22",46.96008823,224.3621011,947.8412491,1.118108499,7.00106845,4.558144344,NA,NA,NA,NA,38.43658234,0.3970497,0.687805887,71.75846143,1.803019232,14.79407183,109.0771627,136.6191053,51.41595092,0.355001034,NA,NA,NA,NA,32.17756945,0.110237816,0.168161577,0.331817743,0.044869373,NA,12.90411525,0.323292204,NA,NA,0.336044668,NA,0.056372786,NA
"42","MW01_0042","Oats, cooked, (Maotsi ophika)",NA,NA,NA,NA,NA,"MAFOODS","ZA 45 (1990)",85.3,66,278.5,0.272,1.7,1.6,0.29,0.51,0.59,0,9.6,1.6,0.17,8,0.7,24,77,57,2,0.5,0.06,590,NA,NA,NA,0.12,0.02,0.1,0.019,NA,5,0,0.2,3.2,0,0,0.24,NA
"43","MW01_0043","Oats, raw, (Maotsi)",NA,NA,NA,NA,NA,"MAFOODS","ZA 45 (1990)",5.6,423.6,1787.3,1.712,10.7,10.4,1.83,3.27,3.8,0,61.6,10.2,1.08,54,4.4,153,491,362,12,3.18,0.36,3760,NA,NA,NA,0.76,0.14,0.8,0.124,NA,33,0,1.29,20.7,0,0,1.56,NA
"44","MW01_0044","Pancakes, wheat flour and maize flour, (Mandasi a ufa wachimanga ndi tiligu)",NA,NA,NA,NA,NA,"MAFOODS","R29",67.21485084,148.9655741,627.0151035,0.831905173,5.209710601,4.870869148,0.58710952,0.318842782,0.180506615,NA,20.35646946,0.715757881,0.623480582,64.38130064,1.106631968,13.15075935,88.91775813,111.2377407,53.65659578,0.362860828,0.009170629,11.48859783,0.427099262,0.005546744,39.36858302,0.106726376,0.157558293,0.584956927,0.092599086,NA,12.81127775,0.31960261,NA,NA,0.403658571,NA,0.231637334,NA
"45","MW01_0045","Plantain and bean casserole, (Bean mbalagha)",NA,NA,NA,NA,NA,"MAFOODS","R66",77.26425358,89.02364589,376.0543765,0.207054125,1.293338274,1.8368948,0.183851966,0.348069257,1.17272565,NA,15.90016311,0.929500916,0.597376044,88.10077161,1.991444867,37.06698336,27.85426256,131.8699365,4.002363365,0.833602808,0.517678207,27.72722503,0.159024649,1.716101172,17.76365428,0.029925028,0.023307038,0.301379107,0.110944807,NA,6.742724364,0,0.00213661,0,5.912021502,0,0.890251169,NA
"46","MW01_0046","Plantain and beef casserole, (Beef mbalagha)",NA,NA,NA,NA,NA,"MAFOODS","R10",71.91533944,105.9005981,447.5779195,0.885557805,5.540478373,1.999697785,0.166016904,0.314303847,1.058962193,NA,15.9881263,0.44726512,0.948902119,120.243518,4.372380382,29.03828395,61.96085574,219.6253028,15.1175718,1.303110131,0.835871622,0.02756203,0.193921444,2.519246074,25.64370234,0.037128149,0.068230839,1.680316722,0.146427849,NA,7.522092941,0.249518974,0.004569494,NA,8.031228908,0.071242205,0.939573474,0.054673826
"47","MW01_0047","Plantain and fish casserole, (Fish mbalagha)",NA,NA,NA,NA,NA,"MAFOODS","R24",62.07251465,140.0488853,593.1482555,1.881891965,11.76277699,1.647605577,NA,NA,NA,NA,19.2542938,0.288067455,2.023178083,291.374478,2.502665101,50.39864956,284.9898464,316.1755531,40.72785327,4.567576783,0.443688245,156.8108709,0.162069778,1.091289486,34.73104415,0.039398111,0.142748451,5.595685997,0.642554514,NA,7.945110123,4.930547585,0.001718529,NA,7.347835421,0,0.578723816,NA
"48","MW01_0048","Plantain, green, boiled, Musaparadisiaca, (Matochi)",NA,NA,NA,NA,NA,"MAFOODS","31",63.1,124.28,528.19,0.2,1.25,0,NA,NA,NA,0,29.62,0.2,0.9,5.65,0.776,31.07,29.13,156.1,2.91,0.097,0.0679,NA,NA,NA,37.869,0.048,0.0388,0.48,0.204,NA,12.6,0,NA,NA,11.85,0,0.184,NA
"49","MW01_0049","Potato pie",NA,NA,NA,NA,NA,"MAFOODS","R31",71.78326886,139.4767215,582.5109188,0.369005803,2.675773694,8.212117988,3.602350097,1.947969052,1.123381044,NA,12.68163443,1.008481625,0.713752418,60.09864603,1.048174081,27.58043327,53.37262282,221.2186596,83.28029594,0.556116054,0.160085106,68.05645068,NA,0.258510638,84.62282398,0.200659381,0.198129207,2.330674468,0.298001325,NA,13.7189236,0.116054159,0.162039168,NA,6.286160542,NA,0.923624758,NA
"50","MW01_0050","Potato, local variety, raw, (Mbatata ya kachewere)",NA,NA,NA,NA,NA,"MAFOODS","30",77.8,67.5265,286.8645,0.256,2.3,0.0985,0.0295,0,0.0394,0,12.76,1.55,0.59,5.8,0.689,13.79,42.355,327.02,1.95,0.2856,0.1182,144.795,NA,NA,NA,0.1576,0.009,1.379,0.21079,NA,2.955,0,0.34475,0,13.89,0,0.0591,NA
"51","MW01_0051","Pumpkin fritters, (Mandasi a maungu)",NA,NA,NA,NA,NA,"MAFOODS","R50",69.65534655,153.6847368,643.6131044,0.603403611,3.771745992,7.637621512,0.624163616,1.181668981,3.98131549,NA,16.16722636,1.297563439,1.387350082,35.50056811,2.127731347,29.5048403,66.41739174,311.1518647,22.85646762,0.316879182,0.085847746,23.17889155,NA,NA,146.4923596,0.077308421,0.081369524,0.606382022,0.119773766,NA,11.08864537,0.179901528,NA,NA,4.963373311,NA,4.239707108,NA
"52","MW01_0052","Rice porridge, (Phala la mpunga)",NA,NA,NA,NA,NA,"MAFOODS","R03",89.87493392,42.41183491,179.6722388,0.123034141,0.772688767,0.462447687,0.113463656,0.061618943,0.034884361,0,8.674330396,0.115432269,0.100256057,7.689922907,0.044559609,19.77890969,36.14454846,24.89071916,9.634154736,0.189463106,0.061271338,77.31277533,0.530011013,0.00688326,4.351321586,0.017029736,0.01479598,0.071186674,0.023065529,NA,1.305165198,0.017241189,NA,NA,0.038849119,0,0.042329295,NA
"53","MW01_0053","Rice pudding",NA,NA,NA,NA,NA,"MAFOODS","R42",90.44899818,49.95047723,209.0031712,0.23064663,1.452105647,2.62908561,0.375318761,0.203825137,0.115391621,0,5.09657377,0.023497268,0.348896175,54.87038251,0.053656466,9.167577413,47.50382514,65.63606557,37.16963934,0.208014572,0.012459016,14.16393443,NA,NA,27.79690346,0.021240801,0.088912933,0.196887067,0.034263024,NA,3.714295082,0.108834244,NA,NA,0.295992714,0,0.125311475,NA
"54","MW01_0054","Rice pudding with eggs",NA,NA,NA,NA,NA,"MAFOODS","R43",74.22808554,129.2932682,542.1542473,0.960055369,6.017859262,5.873713947,NA,NA,NA,NA,13.01671799,0.072883415,0.788406452,96.29560157,0.604296167,22.47521116,138.024238,135.2450634,84.10481652,0.701714738,0.038645159,48.81493828,NA,NA,50.06073618,0.047945987,0.222114749,0.107861804,0.041969547,NA,12.94210571,0.584762281,NA,NA,NA,NA,0.056758665,NA
"55","MW01_0055","Rice, brown, raw, Oryza sativa, (Mpunga wa bulawuni)",NA,NA,NA,NA,NA,"MAFOODS","5",12.37,356.76,1513.43,1.24,7.76,2.24,NA,NA,NA,0,73.406,2.984,1.293,7.26,3.2,114,275.522,247.672,5.968,1.88,0.55,2010,0.7,4.1,NA,0.378,0.07,4.973,0.507,NA,39.787,0,NA,NA,0,0,0.597,558
"56","MW01_0056","Rice, soaked, (Chigodo)",NA,NA,NA,NA,NA,"MAFOODS","R40",80.12582057,79.51564004,337.8110613,0.203074398,1.274819475,0.104327133,NA,NA,NA,0,18.14000547,0.229349015,0.12523523,2.74059081,0.083501094,36.91466083,66.99124726,37.09053611,9.17630744,0.341586433,0.128060722,138.249453,0.421225383,0.00547046,0.018380744,0.031362144,0.00618709,0.037175875,0.033282276,NA,1.334704595,0,0,0,NA,0,0.023041575,NA
"57","MW01_0057","Rice, white, cooked, (Mphunga wophika)",NA,NA,NA,NA,NA,"MAFOODS","R37",85.11842105,59.54359211,252.9557105,0.1625,1.019986842,0.083644737,NA,NA,NA,0,13.49382895,0.183881579,0.100407895,2.627105263,0.063636184,29.94078947,51.025,29.7375,7.357144737,0.273960526,0.0975625,123.1578947,0.506578947,0.006578947,NA,0.020115789,0.004464474,0.035065789,0.02535,NA,0.936342105,0,0,0,NA,0,0.018473684,NA
"58","MW01_0058","Rice,white, raw, Oryza sativa, (Mpunga woyera)",NA,NA,NA,NA,NA,"MAFOODS","9",13,348.101,1478.818,0.95,5.963,0.489,NA,NA,NA,0,78.887,1.075,0.587,7.82,0.391,169,314,183,43.011,1.6,0.6,720,NA,NA,0,0.147,0.029,0.205,0.156,NA,7.82,0,NA,NA,0,0,0.108,NA
"59","MW01_0059","Samoosa, dough, raw",NA,NA,NA,NA,NA,"MAFOODS","R20",35.73529412,309.3882353,1297.988235,1.063529412,6.647058824,13.52941176,1.211764706,2.294117647,7.729411765,0,39.55294118,0.705882353,0.358823529,8.873529412,2.672441176,13.98941176,64.14,94.221,1.187647059,NA,NA,NA,0.452941176,0.005882353,0,0.195882353,0.065294118,0.4495,0.047647059,NA,12.35294118,0,NA,NA,0,0,4.868823529,NA
"60","MW01_0060","Sorghum, wholegrain, raw, Sorghum bicolor, (Mapira)",NA,NA,NA,NA,NA,"MAFOODS","10",12.4,357.572,1515.626,1.65,10.323,3.244,NA,NA,NA,0,62.038,9.733,2.36,17.52,12.6144,152.424,292,370.653,13.764,1.8396,0.445884,NA,NA,19.7976,0.938,0.354,0.157,3.244,0.246,NA,28.512,0,NA,NA,0,0,1.081,NA
"61","MW01_0061","Steamed maize & banana snack, (Mkate)",NA,NA,NA,NA,NA,"MAFOODS","R57",51.02455717,219.9100745,927.5468331,0.857031669,5.359391774,5.656786769,NA,NA,NA,0,33.03031065,3.859718867,0.984056294,16.70524691,0.912146068,45.98597692,89.99429683,361.8867418,3.522544283,0.617854267,0.165472356,631.4915459,NA,NA,2.41814278,0.171346618,0.051454727,1.697376124,0.365003942,NA,22.71053912,0,0.009943639,0.19058642,7.666062802,0,1.539905395,NA
"62","MW01_0062","Sweet potato fritters, (Zitumbuwa za mbatata)",NA,NA,NA,NA,NA,"MAFOODS","R32",61.68223163,198.0380965,827.2104212,0.833327253,5.22515565,11.56119096,4.510068583,2.449292281,1.386618999,NA,16.28758694,1.978695462,0.945619923,29.18429885,1.128182305,13.46729899,86.87744054,198.11355,119.6256092,0.616542633,NA,NA,NA,NA,622.6938081,0.204664624,0.318243227,2.499710467,0.368125395,NA,36.0745294,0.496741087,NA,NA,16.72377061,NA,1.272440294,NA
"63","MW01_0063","Sweet potato, orange fleshed, raw, (Mbatata yofiila mkati)",NA,NA,NA,NA,NA,"MAFOODS","29",76.6,80.6617,342.6906,0.2919,1.8487,0.0973,NA,NA,NA,0,15.37,2.72,0.68,26,0.486,13.62,45.73,243.25,9.73,0.486,NA,NA,NA,NA,925.83,0.029,0.0486,0.973,0.204,NA,10.7,0,NA,NA,30.16,0,0.25,NA
"64","MW01_0064","Sweet potato, orange fleshed, with milk, (Mbatata yothira mkaka)",NA,NA,NA,NA,NA,"MAFOODS","R68",86.57340659,56.7705102,238.9995604,0.271703297,1.712354788,1.820086342,NA,NA,NA,NA,7.220321821,1.161695447,0.458681319,36.21350078,0.243257457,12.09733124,41.91915228,127.8169152,24.51255887,0.312919937,0.008024333,31.36577708,0.604395604,0.085086342,353.8220173,0.016032182,0.053134223,0.628950549,0.091431711,NA,4.613422292,0.062794349,0.019277237,NA,9.636185243,NA,0.283281005,NA
"65","MW01_0065","Sweet potato, white-fleshed, raw, Ipomoea batatas, (Mbatata zoyera mkati)",NA,NA,NA,NA,NA,"MAFOODS","10",77.28,89.26,379.17,0.177,1.106,0.148,NA,NA,NA,0,18.663,2.213,0.664,16.798,0.23154,19.0907,37.621,337.112,14.753,0.170704,0.174336,NA,NA,0.043811,2.213,0.066,0.03,0.443,0.199,NA,38.358,0,NA,NA,16.45,0,0.125,NA
"66","MW01_0066","Sweet potato, white-fleshed, without skin, boiled, Ipomoea batatas, (Mbatata yoyera mkati yowilitsa)",NA,NA,NA,NA,NA,"MAFOODS","9",76,96.664,410.657,0.21,1.32,0.132,NA,NA,NA,0,19.912,2.637,0.527,19,0.396,11,38,302,10,0.2,0.2,120,NA,NA,NA,0.066,0.013,0.659,0.092,NA,7.912,0,0.514,6.066,9.231,0,0.29,NA
"67","MW01_0067","Sweet potatoes, boiled, with groundnut flour, (Futali wa mbatata yakholowa)",NA,NA,NA,NA,NA,"MAFOODS","R08",78.18518519,94.85925499,398.9436838,0.490167236,3.079212251,3.366519943,NA,NA,NA,0,10.60737892,2.448330484,0.585452991,23.93162393,0.596438746,23.47720798,63.01780627,214.2070869,7.570512821,0.519185185,0.05931339,68.88888889,0.438746439,0.005698006,563.8067308,0.079208689,0.038096154,1.262246866,0.164834473,NA,12.55352137,0,0,NA,15.46666667,0,0.945737892,NA
"68","MW01_0068","Tuber, wild water lily, freeze dried, boiled, Nymphaea Petersiana, (Nyika)",NA,NA,NA,NA,NA,"MAFOODS","1",0.7,394.75,1676.4,1.28,8,1.03,NA,NA,NA,0,75.37,13,1.9,138,2,NA,225,NA,NA,2.1,NA,NA,NA,NA,NA,NA,NA,NA,NA,NA,NA,0,NA,NA,NA,0,NA,NA
"69","MW01_0069","Tuber, wild water lily, sun dried, raw, Nymphaea Petersiana, (Nyika)",NA,NA,NA,NA,NA,"MAFOODS","1",10.77,351.86,1494.28,1.296,8.1,0.9,NA,NA,NA,0,63.84,12,2.4,94.675,10,NA,288.3,NA,NA,2.5,NA,NA,NA,NA,NA,NA,NA,NA,NA,NA,NA,0,NA,NA,NA,0,NA,NA
"70","MW01_0070","Wheat, bran, selected",NA,NA,NA,NA,NA,"MAFOODS","ZA",14,350.3,1482.4,2.71,15.5,5.1,NA,NA,NA,0,23.7,36.9,4.8,27,6.9,355,859,1115,18,6.9,0.86,951,NA,NA,NA,2.88,0.73,13.7,0.86,NA,1030,0,2.2,24.2,NA,0,1.91,NA
"71","MW02_0001","Bean and groundnut stew, (Ndawva)",NA,NA,NA,NA,NA,"MAFOODS","R12",89.13512931,53.75712069,225.5649766,0.438657635,2.742189655,2.322229064,NA,NA,NA,0,3.342068966,2.130027709,0.377706281,36.33866995,1.002299261,20.77573892,41.04264286,103.6223294,2.493705049,0.516754926,0.229054803,91.81596059,0.474137931,1.371727217,1.965517241,0.056255234,0.020957512,0.601006773,0.047925031,NA,22.98493103,0,0.000884483,NA,0.93907697,0,0.577157328,NA
"72","MW02_0002","Bean soup, (Supu wa nyemba)",NA,NA,NA,NA,NA,"MAFOODS","R45",88.71080955,43.54134771,184.9201487,0.458555628,2.868221954,0.10446324,NA,NA,NA,0,4.655302537,3.126803606,0.469803885,21.79942374,0.959373176,23.77878985,41.15518543,166.1175016,4.397940329,0.487621526,0.101530811,173.5849057,0.429407938,1.31998327,NA,0.043624779,0.023708755,0.208371038,0.04321054,NA,23.66157338,0,0.006431825,0.242029928,2.794905846,0,0.039537318,NA
"73","MW02_0003","Bean stew, (Nyemba zouma zokazingira)",NA,NA,NA,NA,NA,"MAFOODS","R11",88.20767614,49.20673837,208.1383039,0.462670041,2.892958829,0.792267366,0.069824197,0.13219144,0.445383468,0,4.543996023,3.082145117,0.46566977,45.23884847,1.439822389,20.48583179,49.14003254,143.278489,3.624740136,0.61153794,0.283756836,168.4670764,0.434988928,1.958913319,2.70484024,0.044234137,0.02118156,0.212197767,0.040229245,NA,24.29532585,0,0.001153116,0,1.33183554,0,0.341713178,NA
"74","MW02_0004","Bean, kidney, dry, Phaseolus vulgaris, (Nyemba)",NA,NA,NA,NA,NA,"MAFOODS","9",11,342.604,1455.022,3.8,23.76,0.836,NA,NA,NA,0,34.92,25.09,3.585,90,7.676,172,440,1397,27,3.3,0.7,1420,NA,10.375,0,0.537,0.2225,2.076,0.4001,NA,397.15,0,NA,NA,4.536,0,0.2217,NA
"75","MW02_0005","Beans, boiled, (Nyemba zowilitsa)",NA,NA,NA,NA,NA,"MAFOODS","R66A",93.8214876,23.78407934,101.0097917,0.263801653,1.649454545,0.058036364,NA,NA,NA,0,2.424198347,1.741785124,0.248876033,6.919008264,0.426402645,9.99338843,25.96363636,67.88727273,1.780661157,0.206459504,0.029219835,98.5785124,0.509090909,0.726859504,NA,0.016775702,0.012357025,0.086471405,0.015276545,NA,9.649760331,0,0,0,0.220427107,0,0.015390744,NA
"76","MW02_0006","Cowpea relish, (Khobwe wowilitsa ndi tomato)",NA,NA,NA,NA,NA,"MAFOODS","R62",90.99229798,39.53961911,166.934314,0.307744108,1.923989899,0.887253788,0.078030303,0.147727273,0.497727273,0,4.521298401,1.443310185,0.321929714,45.28827862,1.129648569,16.46261574,30.90553314,94.18757997,2.226058291,0.50349537,0.285126052,0.008636364,0.486111111,1.299856902,3.098609848,0.030825231,0.011929924,0.205919192,0.024592593,NA,13.51472854,0,0.001360227,0,1.098051136,0,0.388983586,NA
"77","MW02_0007","Cowpea, dry, Vigna unguiculata, (Khobwe/Nseula)",NA,NA,NA,NA,NA,"MAFOODS","10",11.05,349.443,1483.494,3.42,21.38,1.311,NA,NA,NA,0,47.601,15.43,3.227,82.2325,5.36956,172.466,390.291,1220.29,19.962,2.82702,0.585851,NA,NA,5.79628,3.026,0.716,0.151,3.126,0.363,NA,420.546,NA,NA,NA,0.807,0,0.424,NA
"78","MW02_0008","Cowpeas, boiled, Vigna unguiculata, (Khobwe wowilitsa)",NA,NA,NA,NA,NA,"MAFOODS","9",67,130.085,552.23,1.275,7.972,0.505,NA,NA,NA,0,17.661,5.752,1.211,23,2.321,48,152,389,10,1,0.2,480,NA,NA,NA,0.172,0.04,0.706,0.091,NA,77.706,0,NA,NA,0.202,0,0.141,NA
"79","MW02_0009","Flour, boiled soybean, (Ufa wa soya)",NA,NA,NA,NA,NA,"MAFOODS","6",6.7,478.7,2005.1,7.12,44.5,23.5,NA,NA,NA,0,15.6,6.7,3.1,180.271,5.754,219.586,568.622,2464.35,17.26,1.131,4.871,2953.38,NA,NA,NA,0.364,0.278,2.11,0.529,NA,393.145,0,1.745,NA,0,0,NA,NA
"80","MW02_0010","Flour, groundnut, Arachis hypogaea, (Nsinjilo)",NA,NA,NA,NA,NA,"MAFOODS","9",8,582.566,2420.148,4.0912,25.571,44.606,NA,NA,NA,0,10.19,9.5,2.019,83,3.845,187,455,892,18,2.8,0.8,930,NA,NA,0,0.856,0.135,9.517,0.577,NA,107.67,0,NA,NA,0,0,10.604,NA
"81","MW02_0011","Flour, pigeon pea, Canjanus cajan, (Ufa wa nandolo)",NA,NA,NA,NA,NA,"MAFOODS","8",7,373.6,1584.8,5.224,32.65,2.4,NA,NA,NA,0,54.6,0.75,2.5,128.8176,6.09527,179.0878,295.3378,970.8446,27.2297,2.901,NA,NA,NA,NA,8.378,0.607,0.178,2.723,0.272,NA,356.0811,NA,NA,NA,0,0,0.3875,NA
"82","MW02_0012","Flour, roasted soybean, (Ufa wa soya)",NA,NA,NA,NA,NA,"MAFOODS","6",9.1,458,1917.5,7.58,47.4,23.2,NA,NA,NA,0,6.8,8.1,5.3,264.371,9.511,243.5,469.43,1743.837,5.011,3.479,1312,NA,NA,7.404,1.002,0.702,0.08,2.005,0.822,NA,375.825,0,NA,NA,0,0,0.722,NA
"83","MW02_0013","Groundnut sauce, (Thendo)",NA,NA,NA,NA,NA,"MAFOODS","R09",83.85,98.19646465,408.8050505,0.669373737,4.184494949,6.823939394,NA,NA,NA,0,3.132828283,1.877525253,0.476717172,161.1212121,3.447373737,39.91212121,77.80424242,208.8962121,4.966111111,1.490828283,1.101106061,126.8527273,0.777777778,3.164494949,12.09090909,0.122212121,0.025381313,1.545477273,0.11160101,NA,16.30993939,0,0.005154545,NA,4.161060606,0,1.771262626,NA
"84","MW02_0014","Groundnut, dry, Arachis hypogae, (Mtedza wouma)",NA,NA,NA,NA,NA,"MAFOODS","10",6.5,597.3228,2481.3694,3.716,23.2252,45.802,NA,NA,NA,0,14.569,8.482,2.295,43.384,1.93545,199.155,358.234,725.448,5.987,2.4684,0.92752,NA,NA,3.0481,0,0.868,0.139,15.467,0.589,NA,109.765,0,NA,NA,0,0,10.877,NA
"85","MW02_0015","Groundnut, dry, boiled, Arachis hypogae,(Mtedza wouma wophika)",NA,NA,NA,NA,NA,"MAFOODS","9",49,323.907,1345.376,1.95,12.192,24.983,NA,NA,NA,0,7.947,4.626,1.252,41,2.123,123,265,510,15,1.4,0.4,650,NA,NA,0,0.474,0.076,8.437,0.321,NA,59.872,0,NA,NA,0,0,5.933,NA
"86","MW02_0016","Peanut butter, smooth style, with salt",NA,NA,NA,NA,NA,"MAFOODS","USDA",1.23,640.32,2657.16,3.55,22.21,51.36,NA,NA,NA,0,17.31,5,2.89,49,1.74,168,335,558,426,2.51,0.422,1665,NA,4.1,0,0.15,0.192,13.192,0.441,NA,0,0,1.137,NA,0,0,9.1,NA
"87","MW02_0017","Pigeon pea, dry, Canjanus cajan,(Nandolo)",NA,NA,NA,NA,NA,"MAFOODS","9",8,364.1708,1545.8934,3.39,21.155,1.466,NA,NA,NA,0,57.585,9.0042,3.77,112,6.095,179.088,344,970.845,27.23,2.2,1.2,1310,NA,NA,8.378,0.607,0.178,2.723,0.272,NA,356.081,0,NA,NA,0,0,0.388,NA
"88","MW02_0018","Pigeon pea, green, boiled, Canjanus cajan, (Nandolo wamuwisi owilitsa)",NA,NA,NA,NA,NA,"MAFOODS","9",63,145.962,619.4735,1.25,7.838,0.692,NA,NA,NA,0,18.448,8.6475,1.383,42,1.729,66.854,140,446.076,5.763,0.9,0.4,470,NA,NA,0,1.153,0.058,0.807,0.081,NA,96.82,NA,NA,NA,0,0,NA,NA
"89","MW02_0019","Soybean, dry, (Soya)",NA,NA,NA,NA,NA,"MAFOODS","10",8.54,432.154,1815.227,5.16,32.268,17.142,NA,NA,NA,0,27.831,9.37,4.941,240.645,17.2935,232.41,471.921,1754.58,5.042,3.88875,1.281,NA,NA,5.2521,1.008,0.706,0.08,2.017,0.827,NA,378.142,0,NA,NA,0,0,0.726,NA
"90","MW03_0001","Beef mince, fried, (Nyama ya ng'ombe yogaya yokazinga)",NA,NA,NA,NA,NA,"MAFOODS","R20B",67.25460279,158.7387855,663.0294985,2.537381752,15.87122368,9.288271793,0.838164988,1.586817211,5.346353372,0,2.477876106,0.437290204,1.337198657,94.16846811,7.026243515,72.74565151,131.1332316,295.4971659,38.12488557,2.454989319,0.424168447,NA,NA,0.906316753,NA,0.040631675,0.138708499,4.456423558,0.161205371,NA,5.411489167,1.000381446,NA,NA,1.311870613,0.317363442,3.531359984,0.182667074
"91","MW03_0002","Beef stew, (Nyama ya ng'ombe yokazingira)",NA,NA,NA,NA,NA,"MAFOODS","R27",73.57784431,94.14578842,398.516008,2.69740519,16.87704591,1.282874251,NA,NA,NA,NA,2.998003992,0.77506986,1.570339321,251.565691,10.44278942,43.13952096,143.0710898,391.8962555,39.72061876,3.315578842,1.699648204,0.054610778,0.384231537,5.169421158,18.10778443,0.055135729,0.15210507,4.402826347,0.166373453,NA,10.18881437,0.930618762,0.008148503,NA,6.835389222,0.332135729,0.452506986,0.191169661
"92","MW03_0003","Beef, kidney, raw, (Impsyo ya ng'ombe)",NA,NA,NA,NA,NA,"MAFOODS","WA",77.9,98.7,415.6,2.78,17.4,3.1,NA,NA,NA,NA,0.3,0,1.3,13,4.6,17,257,262,182,1.92,0.43,NA,NA,NA,419,0.36,2.84,8,0.67,NA,98,27.5,NA,NA,9.4,1.1,0.22,0
"93","MW03_0004","Beef, liver, raw, (Chiwindi cha ng'ombe)",NA,NA,NA,NA,NA,"MAFOODS","WA",71,132.8,558.9,3.1,19.4,4.4,NA,NA,NA,NA,3.9,0,1.3,7,8.8,18,369,313,69,3.5,9.76,NA,NA,NA,4970,0.19,1.56,13.2,1.08,NA,290,59.3,NA,NA,1.3,1.2,NA,0
"94","MW03_0005","Beef, liver, stew, (chiwindi cha ng'ombe chokazingira)",NA,NA,NA,NA,NA,"MAFOODS","R53",78.7309861,113.2374115,473.9434828,1.378179911,8.626081825,5.852412798,0.406667978,0.768587726,2.591955153,NA,5.449121427,1.066450302,0.876081825,244.4925256,8.178927354,51.9840021,171.2781275,280.65139,34.41525702,3.447088906,5.4817401,17.74744296,NA,4.581825334,1847.826515,0.094867886,0.651344086,5.195220299,0.453851954,NA,88.28723774,20.65507802,0.025282258,0.714742329,15.62001705,0.491738788,1.83874246,0
"95","MW03_0006","Beef, raw, (Nyama ya ng'ombe)",NA,NA,NA,NA,NA,"MAFOODS","22",72.1,95.07,402.21,3.27,20.46,1.47,NA,NA,NA,NA,0,0,1.6,0.636028,7.45,22.9,176.9776,374.7761,52.05,1.77,0.104,NA,NA,NA,NA,0.062,0.197799,6.45,0.23944,NA,7.287,1.457,NA,NA,0,0.416,0.23944,0.23944
"96","MW03_0007","Beef, tripe, raw, (Nthumbwana za ng'ombe)",NA,NA,NA,NA,NA,"MAFOODS","WA",84.2,81.7,342.6,1.94,12.1,3.7,NA,NA,NA,NA,0,0,0.6,69,0.6,13,64,67,97,1.42,0.07,NA,NA,NA,0,0,0.06,0.9,0.01,NA,5,1.4,NA,NA,0,0,0.09,0
"97","MW03_0008","Caterpillar, dry, roasted, Usta terphrichore,(Nyamanyama zootcha)",NA,NA,NA,NA,NA,"MAFOODS","23",14.7,376.9,1587.7,10.16,63.5,11.3,NA,NA,NA,NA,0,5.3,5.2,0.6613,208.5,4.6,NA,656.7,NA,NA,NA,NA,NA,NA,NA,NA,NA,NA,NA,NA,NA,NA,NA,NA,NA,NA,NA,0
"98","MW03_0009","Caterpillar, roasted, Imbrasia ertli, (Mphalabungu zootcha)",NA,NA,NA,NA,NA,"MAFOODS","23",20.7,308,1299.5,7.12,44.5,7.6,NA,NA,NA,NA,0,15.4,11.8,0.6109,226.3,4.2,NA,606.7,NA,NA,NA,NA,NA,NA,NA,NA,NA,NA,NA,NA,NA,NA,NA,NA,NA,NA,NA,0
"99","MW03_0010","Chicken stew, (Nkhuku yokazingira)",NA,NA,NA,NA,NA,"MAFOODS","R41",72.5296659,157.0468664,655.1950922,2.387672811,14.92546083,9.803271889,0.653686636,1.236635945,4.168202765,NA,1.736175115,0.542793779,1.090357143,120.0633641,2.894786866,28.36497696,110.3675806,216.4405818,32.59376152,2.006693548,0.73375288,12.46603687,0.443548387,2.284170507,13.25115207,0.055448445,0.050560484,2.235670507,0.144195565,NA,3.193491359,0.107834101,0.016528687,0.502361751,10.29278226,0,2.914095622,NA
"100","MW03_0011","Chicken, meat with skin, free range, local, raw, (Nkhuku ya chikuda)",NA,NA,NA,NA,NA,"MAFOODS","26",73.06,128.77,541.11,3.376,21.1,4.93,NA,NA,NA,NA,0,0,1.326,8,0.96,17.6,145.6,207.2,43.2,1.6,NA,NA,NA,NA,7.2,0.088,0.064,3.712,0.272,NA,1.6,0.24,NA,NA,1.28,NA,0.28,0
"101","MW03_0012","Crabs, boiled, (Nkhanu/Nkhala zowilitsa)",NA,NA,NA,NA,NA,"MAFOODS","9",51,191.486,810.428,6.683,41.774,2.71,NA,NA,NA,NA,0,0,4.516,3292,5.645,259,553,304,578,6.323,NA,NA,NA,NA,101.613,0.181,0.542,5.655,0.34,NA,99.355,20.323,NA,NA,15.807,NA,NA,0
"102","MW03_0013","Egg, chicken, boiled, (Dzira lowilitsa)",NA,NA,NA,NA,NA,"MAFOODS","R59",72.22222222,164.3333333,684.1111111,2.24,14,11.44444444,NA,NA,NA,NA,1.333333333,0,1,43.33333333,2,10,213.3333333,103.4444444,140,1.277777778,NA,NA,NA,NA,74.44444444,0.115555556,0.422222222,0.105555556,0.042222222,NA,38.33333333,1.794444444,NA,NA,0,NA,NA,0
"103","MW03_0014","Egg, chicken, scrambled, (Dzira la nkhuku lokanya)",NA,NA,NA,NA,NA,"MAFOODS","R61",66.6029106,231.1570775,956.9293852,1.592515593,9.957713098,20.39055539,6.11969112,3.323433323,1.881496881,NA,1.952806653,0,1.095931096,54.7965548,1.357291357,9.325809326,161.2711613,98.65708346,218.3522424,0.932877933,NA,NA,NA,NA,185.1202851,0.278838729,0.567864568,2.764330264,0.332699733,NA,44.31986932,1.414166914,NA,NA,0.176715177,NA,1.4995545,0
"104","MW03_0015","Egg, chicken, whole, raw, (Dzira la nkhuku)",NA,NA,NA,NA,NA,"MAFOODS","MZF",75,147.9,615.7,2.016,12.6,10.3,NA,NA,NA,NA,1.2,0,0.9,39,1.8,9,192,98,126,1.15,NA,NA,NA,NA,67,0.13,0.4,0.1,0.04,NA,46,1.9,NA,NA,0,NA,NA,0
"105","MW03_0016","Egg, duck, boiled, (Dzira la bakha lowilitsa/lobwatitsa)",NA,NA,NA,NA,NA,"MAFOODS","9",70,153.164,637.722,2.072,12.945,10.58,NA,NA,NA,NA,1.541,0,1.13,108,3.955,14,450,99,60,1.5,0.1,30,NA,NA,199.315,0.164,0.411,0.205,0.257,NA,82.192,5.548,NA,NA,0,NA,1.377,0
"106","MW03_0017","Eggs, chicken, boiled, with peas, (Mazira owilitsa ndi nsawawa)",NA,NA,NA,NA,NA,"MAFOODS","R63",82.39714638,96.96637236,405.1065301,0.67608003,4.231462747,5.600441989,0.290725742,0.514831304,1.760875396,NA,5.747557796,1.661653167,0.631619375,176.5681489,3.223034919,24.5458349,80.46846538,172.8966904,42.50713941,1.481735772,0.901571635,56.5975004,NA,2.775712064,32.31454165,0.078630156,0.124069517,0.652549053,0.065779435,NA,20.31842407,0.345706163,0.066994797,2.252319906,8.087249906,NA,1.232777986,0
"107","MW03_0018","Eggs, chicken, boiled, with tomatoes, (Mazira owilitsa othila tomato)",NA,NA,NA,NA,NA,"MAFOODS","R60",76.97886194,140.4224541,584.6571687,0.916706977,5.729781402,9.710608957,0.569414691,1.078018105,3.63209177,NA,6.439177205,1.087946007,0.711653191,303.6763182,6.263400364,35.12634464,95.58583834,196.1209392,53.44719324,2.664332496,1.869025407,4.900283325,NA,5.95991984,44.04671412,0.073361858,0.158981949,0.408324311,0.085942767,NA,17.27940421,0.589013276,0.009926059,NA,7.888259277,NA,2.589857877,NA
"108","MW03_0019","Fish powder stew, (Supu ya ufa wansomba)",NA,NA,NA,NA,NA,"MAFOODS","R13",91.13444358,44.44637794,186.6358905,0.442839386,2.769596038,1.808972616,NA,NA,NA,NA,3.154690231,1.117105263,0.739677607,291.5847495,6.632974849,42.75689454,29.53886677,176.5933919,4.481137114,2.044110507,1.879849243,27.15906001,0.934647504,6.005000971,23.24723247,0.043576908,0.014944649,0.598809963,0.06820572,NA,8.738337541,0,0.009910662,NA,7.896120606,0,0.624922315,NA
"109","MW03_0020","Fish, catfish, dry, Clarius gariepinus, (Mlamba wouma)",NA,NA,NA,NA,NA,"MAFOODS","9",17,418.514,1753.522,9.211,57.57,20.13,NA,NA,NA,NA,1.766,0,3.532,1145,3.179,143,1345,1328,340,5.5,0.2,3400,NA,NA,88.298,0.424,0.212,4.945,1.024,NA,28.255,8.123,NA,NA,0,30.374,2.049,0
"110","MW03_0021","Fish, catfish, fresh, fried, (Mlamba wokazinga)",NA,NA,NA,NA,NA,"MAFOODS","R34",60.81064356,207.149505,865.6576733,2.900792079,18.1299505,11.78217822,0.382425743,0.724009901,2.439356436,NA,7.028712871,0.118811881,1.143316832,43.93564356,1.730742574,29.11752475,223.8527723,279.3421782,77.79891089,0.838490099,0.040222772,NA,NA,NA,37.82487624,0.140971535,0.175732673,1.066804455,0.228938119,NA,18.15594059,1.887376238,NA,NA,0,NA,1.531287129,0
"111","MW03_0022","Fish, catfish, raw, Synodontis,(Nkholokolo)",NA,NA,NA,NA,NA,"MAFOODS","WA",76.5,116.5,488,2.608,16.3,5.7,NA,NA,NA,NA,0,0,1,38,0.9,30,191,304,48,0.6,0.05,NA,NA,NA,25,0.12,0.06,1.4,0.29,NA,8,2.3,NA,NA,NA,NA,NA,0
"112","MW03_0023","Fish, catfish, smoked, Clarias gariepinus, (Mlamba wowamba)",NA,NA,NA,NA,NA,"MAFOODS","9",14,433.66,1816.98,9.536,59.6,20.86,NA,NA,NA,NA,0,0,3.66,929,3.294,139,1016,1273,258,5.8,0.1,3080,NA,NA,91.49,0.44,0.22,5.123,1.06,NA,29.277,8.427,NA,NA,0,31.472,2.123,0
"113","MW03_0024","Fish, fillet, fresh, Rhamphochromis esox, (Mnofu wa mcheni wa fuleshi)",NA,NA,NA,NA,NA,"MAFOODS","13",65.77,167.928957,699.308631,2.5728,16.081254,11.511549,NA,NA,NA,NA,0,0,1.328124,NA,NA,NA,NA,NA,NA,NA,NA,NA,NA,NA,NA,NA,NA,NA,NA,NA,NA,NA,NA,NA,NA,NA,NA,0
"114","MW03_0025","Fish, fresh, gutted, Rhamphochromis esox,(Mcheni wa fuleshi)",NA,NA,NA,NA,NA,"MAFOODS","13",57.71,237.690945,988.803635,3.3488,20.93355,17.106305,NA,NA,NA,NA,0,0,3.962573,NA,NA,NA,NA,NA,NA,NA,NA,NA,NA,NA,NA,NA,NA,NA,NA,NA,NA,NA,NA,NA,NA,NA,NA,0
"115","MW03_0026","Fish, gutted, frozen, Rhamphochromis esox, (Mcheni wawuma ndi ayesi)",NA,NA,NA,NA,NA,"MAFOODS","13",56.6,225.9187,939.4798,3.083,19.26526,16.53974,NA,NA,NA,NA,0,0,4.51794,NA,NA,NA,NA,NA,NA,NA,NA,NA,NA,NA,NA,NA,NA,NA,NA,NA,NA,NA,NA,NA,NA,NA,NA,0
"116","MW03_0027","Fish, lake sardine, whole, dried, Engraulicypris breianalis, (Usipa wowuma)",NA,NA,NA,NA,NA,"MAFOODS","9",13,363.582,1532.661,10.758,67.243,10.05,NA,NA,NA,NA,1.04,0,8.665,1453,6.239,155,1630,1235,235,25.4,0.4,970,NA,NA,65.857,0.069,0.728,32.582,3.327,NA,13.865,38.127,NA,NA,NA,NA,2.53,0
"117","MW03_0028","Fish, powder, Engraulicypris sardella, (Ufa wausipa)",NA,NA,NA,NA,NA,"MAFOODS","6",9.4,387.9,1628.7,9.552,59.7,15.9,NA,NA,NA,NA,0,1.5,14.9,512.359,46.124,850.902,0.193,NA,NA,NA,NA,NA,NA,NA,NA,NA,NA,NA,NA,NA,NA,NA,NA,NA,NA,NA,NA,0
"118","MW03_0029","Fish, tilapia, fresh, fried, (Chambo chokazinga)",NA,NA,NA,NA,NA,"MAFOODS","R52",53.82729469,225.3441526,937.9015449,1.939231079,12.11989231,15.84888285,0.995954106,1.884319646,6.349396135,NA,8.30394525,0.252214171,4.663496377,112.6348631,4.368417874,86.2715781,13.65613426,24.47133655,0.322342995,NA,0.003140097,1.831723027,NA,NA,NA,0.031209742,0.012326892,0.102950886,0.009720209,NA,2.327596618,0,0.005652174,0.060185185,1.044082126,0,3.983514493,0
"119","MW03_0030","Fish, tilapia, fresh, grilled, (Chambo chootcha)",NA,NA,NA,NA,NA,"MAFOODS","R33",67.96268815,146.4413292,608.3542241,1.809412762,11.30816727,11.21714013,2.620945516,1.423362307,0.805808777,NA,0.063599746,0,4.943873225,116.5412338,4.014733941,87.85244859,0.072265211,0.57239771,47.6998092,0,NA,NA,NA,NA,54.05978376,0.082679669,0.108119568,1.144795421,0.127199491,NA,11.44795421,0.060419758,NA,NA,0,NA,0.635997456,0
"120","MW03_0031","Fish, tilapia, whole, dried, Oreochromis shiranus, (Chambo chouma)",NA,NA,NA,NA,NA,"MAFOODS","9",6,331.498,1402.794,11.489,71.813,4.858,NA,NA,NA,NA,0,0,17.198,1664,44.059,161,1369,1184,263,3.7,0.6,2790,NA,NA,0,0.053,0.236,3.44,0.722,NA,13.128,15.912,NA,NA,NA,NA,0.761,0
"121","MW03_0032","Fish, tilapia, whole, fresh, Oreochromis shiranus, (Chambo cha fuleshi)",NA,NA,NA,NA,NA,"MAFOODS","27",96.77,21.293784,89.430582,0.544,3.401046,0.8544,NA,NA,NA,NA,0,0,0.88644,NA,NA,NA,NA,NA,NA,NA,NA,NA,NA,NA,NA,NA,NA,NA,NA,NA,NA,NA,NA,NA,NA,NA,NA,0
"122","MW03_0033","Fish, whole, fresh, Barbus paludinosus, (Matemba a fuleshi)",NA,NA,NA,NA,NA,"MAFOODS","28",79.9,70.753,297.579,1.93,12.07,2.497,NA,NA,NA,NA,0,0,2.706,NA,NA,NA,NA,NA,NA,NA,NA,NA,NA,NA,NA,NA,NA,NA,NA,NA,NA,NA,NA,NA,NA,NA,NA,0
"123","MW03_0034","Fish, whole, fresh, Copadichromis inornatus, (Utaka wa fuleshi)",NA,NA,NA,NA,NA,"MAFOODS","15",72.9,114.1181,477.3123,2.35,14.6882,6.1517,NA,NA,NA,NA,0,0,4.1734,713.814,2.981,155.554,0.06775,NA,NA,NA,NA,NA,NA,NA,NA,NA,NA,NA,NA,NA,NA,NA,NA,NA,NA,NA,NA,0
"124","MW03_0035","Fish, whole, fresh, Engraulicypris sardella, (Usipa wa fuleshi)",NA,NA,NA,NA,NA,"MAFOODS","15",72.65,138.45093,578.19439,2.4208,15.13002,8.17765,NA,NA,NA,NA,1.083,0,2.95927,339.9605,4.6495,139.485,0.051965,NA,NA,NA,NA,NA,NA,NA,NA,NA,NA,NA,NA,NA,NA,NA,NA,NA,NA,NA,NA,0
"125","MW03_0036","Fish, whole, fresh, Oreochromis lidole, (Chambo cha fuleshi)",NA,NA,NA,NA,NA,"MAFOODS","15",74.75,94.71275,395.301375,1.707,10.668125,5.78225,NA,NA,NA,NA,0,0,4.55005,109.585,3.7875,82.82,0.068175,NA,NA,NA,NA,NA,NA,NA,NA,NA,NA,NA,NA,NA,NA,NA,NA,NA,NA,NA,NA,NA
"126","MW03_0037","{(Fish, whole, fresh, Rhamphochromis esox, (Mcheni wa fuleshi)}*",NA,NA,NA,NA,NA,"MAFOODS","13",70.71,214.030817,889.417211,2.739,17.122934,16.171009,NA,NA,NA,NA,0,0,3.798913,NA,NA,NA,NA,NA,NA,NA,NA,NA,NA,NA,NA,NA,NA,NA,NA,NA,NA,NA,NA,NA,NA,NA,NA,0
"127","MW03_0038","Fish, whole, fresh, Rhamphochromis ferox, (Mcheni wa fuleshi)",NA,NA,NA,NA,NA,"MAFOODS","15",70.25,129.65,544.7,3.056,19.1,5.05,NA,NA,NA,NA,1.95,0,3.65,825,188,490,0.42,NA,NA,NA,NA,NA,NA,NA,NA,NA,NA,NA,NA,NA,NA,NA,NA,NA,NA,NA,NA,0
"128","MW03_0039","Fish, whole, par-boiled, sun dried, Engraulicypris sardella, (Usipa ofutsa)",NA,NA,NA,NA,NA,"MAFOODS","15",56.3,193.98867,812.57091,4.3376,27.11148,9.50475,NA,NA,NA,NA,0,0,4.92499,510.416,9.177,283.176,0.0874,NA,NA,NA,NA,NA,NA,NA,NA,NA,NA,NA,NA,NA,NA,NA,NA,NA,NA,NA,NA,0
"129","MW03_0040","{(Fish, whole, salted, smoked, Rhamphochromis esox, (Mcheni wowamba)}*",NA,NA,NA,NA,NA,"MAFOODS","13",15.31,334.867,1393.1835,4.588,28.6845,24.001,NA,NA,NA,NA,1.03,0,18.166,NA,NA,NA,NA,NA,NA,NA,NA,NA,NA,NA,NA,NA,NA,NA,NA,NA,NA,NA,NA,NA,NA,NA,NA,0
"130","MW03_0041","{(Fish, whole, salted, sun dried, Rhamphochromis esox, (Mcheni wadzuwa)}*",NA,NA,NA,NA,NA,"MAFOODS","13",21.97,346.779,1439.302,3.932,24.579,27.607,NA,NA,NA,NA,0,0,15.169,NA,NA,NA,NA,NA,NA,NA,NA,NA,NA,NA,NA,NA,NA,NA,NA,NA,NA,NA,NA,NA,NA,NA,NA,0
"131","MW03_0042","{(Fish, whole, smoked, Barbus paludinosus, (Matemba owamba)}*",NA,NA,NA,NA,NA,"MAFOODS","28",19.52,344.21,1441.93,7.73,48.32,16.77,NA,NA,NA,NA,0,0,9.6,1569,NA,NA,NA,NA,NA,NA,NA,NA,NA,NA,NA,NA,NA,NA,NA,NA,NA,NA,NA,NA,NA,NA,NA,0
"132","MW03_0043","Fish, whole, smoked, Copadichromis inornatus, (Utaka wowamba)",NA,NA,NA,NA,NA,"MAFOODS","15",52.7,194.35,815.55,4.708,29.43,8.35,NA,NA,NA,NA,0.37,0,9.15,1744.424,12.298,355.696,0.15136,NA,NA,NA,NA,NA,NA,NA,NA,NA,NA,NA,NA,NA,NA,NA,NA,NA,NA,NA,NA,0
"133","MW03_0044","Fish, whole, smoked, Oreochromis lidole, (Chambo chowamba)",NA,NA,NA,NA,NA,"MAFOODS","15",12.75,339.56,1423.63,7.94,49.64,15.6,NA,NA,NA,NA,0,0,21.86,5870,190,312,320,1221.766,349.076,3.069,0.096,1179.57,NA,NA,NA,0.125,0.399,5.734,0.673,NA,4.986,10.19,0.773,NA,0,NA,0.499,0
"134","MW03_0045","Fish, whole, smoked, Rhamphochromis esox, (Mcheni owamba)",NA,NA,NA,NA,NA,"MAFOODS","13",12.9,465.3,1933.4,5.904,36.9,35.3,NA,NA,NA,NA,0,0,15.1,NA,NA,NA,NA,NA,NA,NA,NA,NA,NA,NA,NA,NA,NA,NA,NA,NA,NA,NA,NA,NA,NA,NA,NA,0
"135","MW03_0046","Fish, whole, smoked, Rhamphochromis ferox, (Mcheni owamba)",NA,NA,NA,NA,NA,"MAFOODS","15",48.8,196.8,828.4,5.57,34.8,6.4,NA,NA,NA,NA,0,0,10.2,2485,464,792,1050,NA,NA,NA,NA,NA,NA,NA,NA,NA,NA,NA,NA,NA,NA,NA,NA,NA,NA,NA,NA,0
"136","MW03_0047","Fish, tilapia, whole, smoked, sun dried, Oreochromis shiranus, (Chambo chowamba)",NA,NA,NA,NA,NA,"MAFOODS","9",9,354.154,1484.817,8.28,51.77,16.27,NA,NA,NA,NA,0,0,22.799,1565,198.17,172,1278,1274,364,3.2,0.1,1230,NA,NA,735.8,0.13,0.416,5.98,0.702,NA,5.2,11.18,0.806,NA,0,NA,0.52,0
"137","MW03_0048","Fish, whole, sun dried from fresh, Rhamphochromis esox, (Mcheni wadzuwa)",NA,NA,NA,NA,NA,"MAFOODS","13",21.03,491.153915,2037.702395,5.33,33.32534,39.761395,NA,NA,NA,NA,0,0,6.056999,NA,NA,NA,NA,NA,NA,NA,NA,NA,NA,NA,NA,NA,NA,NA,NA,NA,NA,NA,NA,NA,NA,NA,NA,0
"138","MW03_0049","Fish, whole, sun dried, Copadichromis inornatus, (Utaka wadzuwa)",NA,NA,NA,NA,NA,"MAFOODS","15",30.05,328.4,1373.05,6.369,39.81,18.12,NA,NA,NA,NA,1.52,0,10.7,1883.75,20.28,519.72,0.203,NA,NA,NA,NA,NA,NA,NA,NA,NA,NA,NA,NA,NA,NA,NA,NA,NA,NA,NA,NA,0
"139","MW03_0050","Fish, whole, sun dried, Engraulicypris sardella, (Usipa wadzuwa)",NA,NA,NA,NA,NA,"MAFOODS","15",20.25,353.8,1479.9,7.312,45.7,19,NA,NA,NA,NA,0,0,8.17,451,40.6,749,0.17,NA,NA,NA,NA,NA,NA,NA,NA,NA,NA,NA,NA,NA,NA,NA,NA,NA,NA,NA,NA,0
"140","MW03_0051","Fish, whole, sun dried, Rhamphochromis ferox, (Mcheni wadzuwa)",NA,NA,NA,NA,NA,"MAFOODS","15",24.1,349.49,1464.07,7.86,49.1,17.01,NA,NA,NA,NA,0,0,12.15,2485,464,595,1180,NA,NA,NA,NA,NA,NA,NA,NA,NA,NA,NA,NA,NA,NA,NA,NA,NA,NA,NA,NA,0
"141","MW03_0052","Goat, meat, raw, (Nyama ya mbuzi)",NA,NA,NA,NA,NA,"MAFOODS","WA",68,165.4,689.7,2.8,17.5,10.6,NA,NA,NA,NA,0,0,1.1,11,2.4,27,150,385,82,3.45,0.16,NA,NA,NA,0,0.18,0.29,6.1,0.4,NA,5,1.1,NA,NA,0,NA,0.18,0
"142","MW03_0053","Lake flies stew, (Nkhungu zotendera)",NA,NA,NA,NA,NA,"MAFOODS","R26",48.1305325,303.9758091,1267.255505,3.469156293,21.75558783,19.71334716,0.213692946,0.404564315,1.363070539,0,5.258367911,4.625017289,2.129426003,126.5950899,2.806723721,65.51071923,317.3654219,258.765612,3.436704703,1.43434509,0.947623963,0.023651452,0.079875519,3.011479945,8.278008299,0.212740318,0.040765906,4.186438451,0.176219744,NA,26.54872752,0,0.003725104,NA,2.923184647,0,3.974152835,NA
"143","MW03_0054","Lake flies, dry, roasted, Chaoborus edulis, (Nkhungu)",NA,NA,NA,NA,NA,"MAFOODS","23",1.1,500.7,2100.6,10.7,67.2,21.9,NA,NA,NA,NA,0,8.7,6.1,37.5,0.9,NA,941.7,NA,NA,NA,NA,NA,NA,NA,NA,NA,NA,NA,NA,NA,NA,NA,NA,NA,NA,NA,NA,0
"144","MW03_0055","Lake sardine stew, with groundnut flour, (Usipa wotendera)",NA,NA,NA,NA,NA,"MAFOODS","R25",48.34727856,249.8334091,1047.307847,4.997269001,31.23547113,11.58731339,0.131240842,0.248465671,0.837138185,NA,3.425492153,1.725594088,3.967561426,737.4567309,5.623886152,103.6939625,735.8795897,674.6842681,100.6424324,11.75508611,1.133517117,484.358725,0.204400178,2.749984073,35.67779481,0.136653359,0.319842745,14.01928168,1.324044044,NA,19.76729172,14.76855486,0.004816411,NA,3.636231392,0,3.157775701,NA
"145","MW03_0056","Lamb, meat, roast, (Nyama ya nkhosa yootcha)",NA,NA,NA,NA,NA,"MAFOODS","R54",44.50704225,361.6901408,1499.859155,3.718309859,23.23943662,29.85915493,NA,NA,NA,NA,0,0,1.408450704,14.08450704,2.957746479,30.98591549,209.8591549,334.5070423,107.0422535,4.690140845,0.154929577,NA,NA,NA,11.26760563,0.128169014,0.267605634,3.943661972,0.422535211,NA,1.971830986,2.85915493,NA,NA,0,0.422535211,0.295774648,NA
"146","MW03_0057","Locust, raw, (Dzombe)",NA,NA,NA,NA,NA,"MAFOODS","WA",76.7,105.3,443.4,2.24,14,3.3,NA,NA,NA,NA,0.9,4,1.1,28,3,22,150,217,32,3.5,0.87,NA,NA,NA,NA,0.19,0.57,6.7,NA,NA,NA,NA,NA,NA,NA,NA,NA,0
"147","MW03_0058","Locust, roasted, (Dzombe lokazinga)",NA,NA,NA,NA,NA,"MAFOODS","9",50,225.97,951.52,4.81,30.043,7.082,NA,NA,NA,NA,1.931,8.584,2.361,90,6.438,62,424,545,55,8.4,3,1460,NA,NA,NA,0.408,1.323,14.378,NA,NA,NA,NA,NA,NA,NA,NA,NA,0
"148","MW03_0059","Milk, cow, whole, fresh, (Mkaka wa ng'ombe wa madzi)",NA,NA,NA,NA,NA,"MAFOODS","20",87.86,66.5084,277.4732,0.46,2.8966,4.15,NA,NA,NA,NA,4.393,0,0.7,120,0.1,12,90,135.612,64.56,0.38,NA,NA,NA,NA,44,0.02,0.16,0.1,0.04,NA,5,0.4,NA,NA,1,NA,0.07,0
"149","MW03_0060","Milk, powder, full fat, vitamin A, D and Fe enriched, (Mkaka wa ngo'mbe ufa)",NA,NA,NA,NA,NA,"MAFOODS","ZA",3,504.4,2108.7,4.03,25.7,28,17.55,8.31,0.7,97,37.4,0,5.7,930,6,85,750,1200,350,3.34,0.08,40,NA,NA,NA,0.23,1.4,0.6,0.302,NA,37,1.8,2,13.9,9,10,1.08,NA
"150","MW03_0061","Milkshake, banana",NA,NA,NA,NA,NA,"MAFOODS","R35",82.6203966,81.42441926,342.3055524,0.383541076,2.413456091,2.998583569,NA,NA,NA,NA,10.59526912,0.600566572,0.735977337,87.53541076,0.160906516,17.20679887,71.10481586,201.3067989,46.32577904,0.325779037,0.024022663,188.6685552,NA,NA,32.25439093,0.026175637,0.125325779,0.223966006,0.130424929,NA,7.751274788,0.269121813,NA,NA,2.44305949,0,0.160679887,NA
"151","MW03_0062","Mutton stew, (Nyama ya nkhosa yokazingira)",NA,NA,NA,NA,NA,"MAFOODS","R56",77.36956807,125.3284558,522.4076653,0.903729436,5.764730943,8.190617422,0.207363833,0.383430556,1.298322082,NA,6.179196434,0.951219113,0.620207118,128.3836927,3.112608966,32.97927509,63.12149833,216.2259061,27.15201875,2.024841057,0.781309399,34.56311857,0.630857967,2.298354854,10.13960805,0.069735204,0.074276398,1.204947893,0.151807367,NA,48.42636331,0.582109851,0.063892721,0.235957266,5.321131284,0.086026086,1.025965131,NA
"152","MW03_0063","Mutton, meat, ~20% fat, raw, (Nyama ya Nkhosa)",NA,NA,NA,NA,NA,"MAFOODS","WA",60.6,256.8,1064.9,2.64,16.5,21.2,NA,NA,NA,NA,0,0,1,10,2.1,22,149,250,76,3.33,0.11,NA,NA,NA,10,0.13,0.19,3.5,0.4,NA,2,2.9,NA,NA,0,0.3,0.21,NA
"153","MW03_0064","Pork, meat,  ~20% fat, raw, Sus Scrofa domesticus, (Nyama ya nkhumba)",NA,NA,NA,NA,NA,"MAFOODS","WA",60.1,265.2,1099.6,2.67,16.8,22,NA,NA,NA,NA,0,0,1.1,10,1.4,20,170,301,68,3.6,0.1,NA,NA,NA,0,0.72,0.22,3.8,0.32,NA,2,0.8,NA,NA,0,0.7,0.1,NA
"154","MW03_0065","Quail, breast, raw, Coturnix japonica, (Chinziri)",NA,NA,NA,NA,NA,"MAFOODS","19",72.53,120.59,507.52,3.39,21.17,3.99,0.844,0.815,0.747,56.239,0,0,1.86,9.696,2.239,27.15,221.078,252.107,53.33,2.618,NA,NA,NA,NA,10.666,0.233,0.2356,7.951,0.514,NA,3.879,0.557,NA,NA,4.945,NA,NA,0
"155","MW03_0066","Rabbit stew, (Nyama ya kalulu yokazingira)",NA,NA,NA,NA,NA,"MAFOODS","R55",63.20769331,180.59249,757.8465919,3.942363414,24.61724341,7.737192355,0.134840286,0.255280154,0.860097748,NA,2.99189431,0.130378338,1.321674812,73.85669401,1.751710595,47.16725432,260.1362454,416.8341399,84.19372273,2.234683191,0.249934544,0,0,0.226806598,20.72787572,0.105628164,0.209747993,8.336783906,0.481992822,NA,5.187441089,7.669314016,NA,NA,0.451027666,0,1.432150026,NA
"156","MW03_0067","Rabbit, meat, raw, Oryctolagus cuniculus, (Nyama ya kalulu)",NA,NA,NA,NA,NA,"MAFOODS","WA",72.7,129.6,544.8,3.46,21.6,4.8,NA,NA,NA,NA,0,0,1,16,1.2,27,212,351,60,1.7,0.15,NA,NA,NA,10,0.11,0.15,9.5,0.57,NA,5,10,NA,NA,0,0,0.8,NA
"157","MW03_0068","Samoosa, beef filling, fried, (Samusa wa nyama ya ng'ombe wokazinga)",NA,NA,NA,NA,NA,"MAFOODS","R20C",64.37512855,179.7527496,749.9165776,2.541024534,15.89389202,11.22608649,1.034657687,1.958817952,6.599709715,NA,3.336384852,0.449518686,1.334641994,94.87853908,7.030376121,73.48831982,131.525189,295.1589731,37.85125871,2.435946135,0.420892848,NA,0.502725162,0.905714182,NA,0.044660206,0.138921527,4.429839016,0.160888819,NA,5.023966961,0.942884326,NA,NA,1.041238393,0.314866227,4.314355109,0.181229734
"158","MW03_0069","Termites, dry, Macrotermes subhyanlinus,(Ngumbi)",NA,NA,NA,NA,NA,"MAFOODS","23",2.9,627,2604.5,6.56,41,48.2,NA,NA,NA,NA,0,7.3,4.1,8.3,5.8,NA,478.3,NA,NA,NA,NA,NA,NA,NA,NA,NA,NA,NA,NA,NA,NA,NA,NA,NA,NA,NA,NA,NA
"159","MW04_0001","Bean, lima, green, fresh, Phaseolus lunatus,(Kabaifa/Kamumpanda)",NA,NA,NA,NA,NA,"MAFOODS","9",66,132.26,560.88,1.26,7.81,0.98,NA,NA,NA,0,17.45,5.596,2.158,29,3.586,66.236,161,660,17,1.3,0.3,700,NA,2.055,11.42,0.2478,0.1176,1.683,0.232,NA,NA,0,0.282,NA,26.723,0,0.365,NA
"160","MW04_0002","Black jack leaves stew, with groundnut flour, (Chisoso chotendera)",NA,NA,NA,NA,NA,"MAFOODS","R14",80.05136124,109.4804621,456.6705102,0.938064516,5.862765957,6.897163121,NA,NA,NA,0,3.170327156,2.81803935,1.45459849,582.0864791,9.255462137,203.0938,76.4235644,316.6280005,110.8934226,3.322820865,1.323206932,7056.644063,0.440402654,3.189224434,7.302676733,0.137477694,0.072516015,1.647373027,0.200845344,NA,90.92873027,0,0.034410432,0.027471974,7.379000229,0,2.112479982,NA
"161","MW04_0003","Cabbage, chinese, boiled, Brassica chinensis,(Chayinizi)",NA,NA,NA,NA,NA,"MAFOODS","9",95,18.75,79.545,0.128,0.795,0.114,NA,NA,NA,0,2.045,1.591,0.455,84,0.341,15,22,167,9,0.6,0.06,200,NA,NA,NA,0.023,0.023,0.455,0.049,NA,12.5,0,0.091,4.318,37.5,0,0,NA
"162","MW04_0004","Cabbage, raw, (Kabichi)",NA,NA,NA,NA,NA,"MAFOODS","10",92.18,32.041,136.053,0.23,1.448,0.097,NA,NA,NA,0,4.151,2.1931,0.579,51.324,0.8736,25.506,30.894,167.202,27.998,0.25428,0.041964,NA,NA,0.6981,NA,0.039,0.019,0.29,0.077,NA,15.447,0,0.154,4.634,28.963,0,0.241,NA
"163","MW04_0005","Carrot, with skin, raw, (Kaloti)",NA,NA,NA,NA,NA,"MAFOODS","ZA",89.2,40,170,0.14,0.9,0,NA,NA,NA,0,6.4,2.7,0.8,24,0.6,10,23,242,24,0.35,0.02,110,NA,NA,NA,0.03,0.12,0.6,0.06,NA,10,0,0.07,2.4,4,0,0.39,NA
"164","MW04_0006","Eggplant fritters, (Mabilinganya okazinga)",NA,NA,NA,NA,NA,"MAFOODS","R46",77.96431786,93.15952182,394.2425137,0.719208547,3.24924513,1.930363209,NA,NA,4.723,4.523,14.51199808,1.867820021,0.90194234,44.39346166,93.60420509,337.643602,73.83243457,298.9713443,24.25461316,86.95520501,0,1.994,1.534,0,17.50302029,3.870459484,0.182849694,29.60877595,0.084727811,NA,21.13207035,0.178918793,0,0.537,5.589306971,0,0.24483059,0
"165","MW04_0007","Eggplant, raw, (Mabilinganya)",NA,NA,NA,NA,NA,"MAFOODS","MZF",90,38.6,163.8,0.16,1,0.2,0,0,0,0,6.9,1.3,0.6,14,1.3,14,26,350,4,0.16,NA,NA,NA,NA,6,0.05,0.05,0.5,0.1,NA,29,0,NA,NA,9,0,0.3,NA
"166","MW04_0008","Green beans, raw, (Zitheba)",NA,NA,NA,NA,NA,"MAFOODS","ZA",89.7,38.1,161.8,0.34,2.1,0.1,0.02,0,0.05,0,3.8,3.4,0.8,51,1.3,24,45,265,5,0.36,0.11,250,NA,NA,NA,0.07,0.06,0.8,0.07,NA,23,0,0.17,6.1,9,0,0,NA
"167","MW04_0009","Green pepper, raw, (Gilini pepa)",NA,NA,NA,NA,NA,"MAFOODS","ZA",94.6,24.1,102.3,0.14,0.9,0.1,0.01,0.01,0.05,0,3.1,1.8,0.4,7,0.9,10,23,177,6,0.24,0.17,120,NA,NA,NA,0.04,0.02,0.6,0.171,NA,5,0,0.13,5.1,77,0,0.04,NA
"168","MW04_0010","Leaves, amaranth, boiled, Amaranthus thunbergii, (Bonongwe wowilitsa)",NA,NA,NA,NA,NA,"MAFOODS","9",84,57.378,243.394,0.91,5.7,0.37,NA,NA,NA,0,5.952,1.86,2.728,372,6.076,135,68,443,24,1.3,0.1,1888,NA,NA,282.72,0.0372,0.2852,0.744,0.1612,NA,52.08,0,NA,NA,23.56,0,0.31,NA
"169","MW04_0011","Leaves, amaranth, raw, (Bonongwe)",NA,NA,NA,NA,NA,"MAFOODS","10",87.8,41.9,177.7,0.61,3.8,0.3,NA,NA,NA,0,4.6,1.4,2.1,287.92,8.1374,157.38,58,602,13,0.59414,0.12322,NA,NA,0.93086,241,0.04,0.33,0.9,0.19,NA,79,0,NA,NA,45,0,0.24,NA
"170","MW04_0012","Leaves, black jack, raw, (Chisoso)",NA,NA,NA,NA,NA,"MAFOODS","10",88,40.28,170.44,0.8,5,0.6,NA,NA,NA,0,0.8,2.92,2.82,152.4,2.208,52.2,5.04,364.737,290,0.6828,0.1824,21000,NA,0.3708,NA,0.063,0.142,0.553,0.278,NA,277.105,0,0.095,0.079,18.158,0,1.189,NA
"171","MW04_0013","Leaves, cassava, boiled, Manihot esculenta, (Ntapasha/Chigwada chowilitsa)",NA,NA,NA,NA,NA,"MAFOODS","9",78,84.959,360.202,0.98,6.141,0.699,NA,NA,NA,0,10.572,2.954,1.477,178,3.42,75,94,304,13,1.2,0.05,920,NA,2.814,210.671,0.132,0.241,0.855,0.163,NA,48.198,0,NA,NA,12.438,0,1.967,NA
"172","MW04_0014","Leaves, cassava, raw, (Ntapasha/Chigwada)",NA,NA,NA,NA,NA,"MAFOODS","WA",73.2,104.1,441.3,1.2,7.5,0.9,NA,NA,NA,0,12.9,3.6,1.8,276,5.5,58,106,605,6,0.69,0.16,NA,NA,NA,286,0.25,0.46,1.6,0.3,NA,118,0,NA,NA,39,0,2.4,NA
"173","MW04_0015","Leaves, cat's whiskers, raw, Cleome gynadra, (Luni)",NA,NA,NA,NA,NA,"MAFOODS","18",82,44.68,188.54,0.76,4.8,1.08,NA,NA,NA,0,2.04,1.9,6.1,2209.8,35.7,91.2,14.4,573.6,22.8,2.6,0.504,1917.6,NA,NA,NA,0.12,0.144,1.56,0.416,NA,415.2,0,0.144,0.12,265.2,0,2.988,NA
"174","MW04_0016","Leaves, jews mallow, raw, Corchorus trilocularis, (Denje)",NA,NA,NA,NA,NA,"MAFOODS","21",77.3,79.0476,335.4548,0.66,4.1314,0.398,NA,NA,NA,0,12.08,2.655,3.093,495.314,8.06077,76.99,161.95,580.11,7.964,0.584,0.239,NA,NA,NA,346.474,0.199,0.704,1.593,0.398,NA,156.643,0,NA,NA,37.9544,0,1.049,NA
"175","MW04_0017","Leaves, okra, boiled, Abelmoschus esculentus, (Thelele lowilitsa)",NA,NA,NA,NA,NA,"MAFOODS","9",79,76.898,326.274,0.65,4.055,0.434,NA,NA,NA,0,6.662,7.531,2.462,514,0.724,74,116,317,23,1.8,0.2,2470,NA,NA,76.759,0.159,0.406,0.145,0.304,NA,89.793,0,NA,NA,22.014,0,1.115,NA
"176","MW04_0018","Leaves, pumpkin, boiled, Cucurbita maxima, (Nkhwani wowilitsa)",NA,NA,NA,NA,NA,"MAFOODS","9",89,47.246,199.443,0.84,5.23,1.082,NA,NA,NA,0,1.262,2.88,0.541,142,2.164,75,82,170,10,0.7,0.2,1230,NA,NA,485.082,0,0.108,NA,NA,NA,46.885,0,NA,NA,0,0,2.174,NA
"177","MW04_0019","Leaves, pumpkin, raw, (Nkhwani)",NA,NA,NA,NA,NA,"MAFOODS","10",92.88,26.791,113.598,0.32,2.004,0.211,NA,NA,NA,0,3.217,1.002,0.633,128.51,5.9001,47.996,54.85,229.95,5.801,0.3692,0.07526,NA,NA,0.55948,126.05,0.047,0.069,0.485,0.111,NA,31.644,0,NA,NA,23.206,0,4.536,NA
"178","MW04_0020","Leaves, rape, raw, (Lepu)",NA,NA,NA,NA,NA,"MAFOODS","10",89.67,37.22,157.81,0.24,1.5,0.3,NA,NA,NA,0,3.93,3.2,1.4,219.39,2.7707,44.496,42,296,40,0.4429,0.055105,NA,NA,0.84048,579,0.07,0.1,0.6,0.263,NA,194,0,NA,NA,60,0,2.86,NA
"179","MW04_0021","Leaves, roselle, raw, Hibiscus subdaiffa, (Chidede)",NA,NA,NA,NA,NA,"MAFOODS","21",83.6,53.747,228.116,0.27,1.66,0.247,NA,NA,NA,0,5.056,6.165,1.706,240.8027,12.252945,71.52,80.15,538.857,7.399,1.11,0.222,NA,NA,NA,265.113,0.21,0.555,1.48,0.37,NA,144.271,0,NA,NA,40.692,0,2.343,NA
"180","MW04_0022","Mushroom stew, with groundnut flour, (Bowa wotendera)",NA,NA,NA,NA,NA,"MAFOODS","R47",79.68856369,110.4222656,461.2141138,0.843204336,5.262688347,6.464411924,NA,NA,NA,0,5.887826558,1.909799458,0.905528455,156.3382114,3.356842818,50.01289973,127.3227534,383.2996238,13.3180813,1.852189702,1.124665312,176.7531837,0.208672087,4.039067751,11.27843902,0.164801084,0.172730081,3.544081843,0.151930623,NA,26.96365528,0,0.527812683,0,3.805430894,0.314341463,1.636672087,NA
"181","MW04_0023","((Mushroom, indigenous, raw, Cantherellus cibarius, (Bowa wa chiwindi/Malasutwe))",NA,NA,NA,NA,NA,"MAFOODS","16",91.5,15.04,63.67,0.3,1.9,0.2,NA,NA,NA,NA,0.91,0.5,0.911,6.1,2,9,39.464,381.488,2.024,0.577,NA,NA,NA,NA,17.202,0,0.192,0,NA,NA,NA,NA,NA,NA,NA,NA,NA,NA
"182","MW04_0024","Mushroom, indigenous, raw, Termitomyces letestui,(Utale)",NA,NA,NA,NA,NA,"MAFOODS","16",88,21.9,92.2,0.62,3.9,0.7,NA,NA,NA,0,0,0.5,NA,5.6,1,8.6,NA,NA,NA,NA,NA,NA,NA,NA,NA,NA,NA,NA,NA,NA,NA,NA,NA,NA,NA,NA,NA,NA
"183","MW04_0025","Mushroom, oyster, cultivated, raw, Pleurotus florida,(Bowa wolimidwa)",NA,NA,NA,NA,NA,"MAFOODS","16",91.7,29.892,126.791,0.37,2.3,0.2,NA,NA,NA,NA,4.523,0.2,0.775,2.8,0.2,8,92.052,322.181,13.808,0.591,0.187,86.682,NA,1.994,1.534,0.096,0.268,3.802,0.084,NA,29.15,0,0.993,NA,0,0.537,0,NA
"184","MW04_0026","Mushroom, relish, (Ndiwo za bowa)",NA,NA,NA,NA,NA,"MAFOODS","R38",85.86530556,84.42915867,351.7082762,0.257604823,1.604549192,5.692518498,0.56453823,1.068785969,3.600986572,0,5.660317895,1.034461496,0.671142779,301.3017265,5.765963278,42.37325295,57.4735544,291.0569129,11.36167443,2.584680734,1.978076185,32.13173472,NA,6.864209372,22.49958893,0.059848589,0.116504522,1.812784324,0.095187038,NA,14.41786106,0,0.377215676,NA,8.017059468,0.22074541,2.551452453,NA
"185","MW04_0027","Mushroom, white button, cultivated, raw, Agaricus bisporus,(Bowa wolimidwa)",NA,NA,NA,NA,NA,"MAFOODS","16",91.6,31.504,132.892,0.48,3,0.8,NA,NA,NA,NA,2.576,0.5,1.008,2.2,0.2,8.4,356.16,96.32,5.6,0.582,NA,NA,NA,NA,0,0.09,0.448,4.043,0.112,NA,17.92,0.045,NA,NA,2.153,NA,0.011,NA
"186","MW04_0028","Okra relish, (Thelele lobala lokazingira)",NA,NA,NA,NA,NA,"MAFOODS","R49",84.72074114,88.67559762,369.9236426,0.239713854,1.491713321,5.558117835,0.549186883,1.039722741,3.503065849,0,5.636008176,2.535568293,0.691904381,313.0054208,5.751910602,55.50608727,49.35723807,274.0405892,8.560006221,2.430796232,1.846285435,0.060783791,NA,5.74820048,32.38656358,0.041470052,0.050674265,0.662669955,0.160984848,NA,38.00705145,0,0.009069581,NA,19.31744868,0,2.669510353,0
"187","MW04_0029","Okra stew, (Thelele lobala lokupa)",NA,NA,NA,NA,NA,"MAFOODS","R48",90.31750107,38.69186992,164.1279204,0.301454857,1.880808729,0.250021395,NA,NA,NA,0,4.813436029,2.416174583,0.761617458,878.7762088,48.827316,274.7931108,58.50663243,286.4505777,7.441506205,2.819758237,1.550863821,0.043902439,0.411852803,7.582178006,68.13744116,0.044191271,0.0675,0.709796748,0.165012837,NA,43.1779525,0,0.006550706,NA,22.55418699,0,1.942041078,NA
"188","MW04_0030","Okra, raw, Abelmoschusesculentus, (Therere lobala)",NA,NA,NA,NA,NA,"MAFOODS","9",84,61.1708,259.5834,0.43,2.667,0.314,NA,NA,NA,0,6.8992,5.02,1.098,104,1.255,77,95,382,11,0.941,0.141,NA,NA,NA,40.784,0.063,0.125,1.098,0.345,NA,138.039,0,NA,NA,43.922,0,0.565,NA
"189","MW04_0031","Onion, raw, (Anyezi)",NA,NA,NA,NA,NA,"MAFOODS","10",89.11,42.512,180.556,0.14,0.86,0.096,NA,NA,NA,0,8.12,1.433,0.382,33.463,0.4796,20.056,31.524,171.945,14.329,0.39458,0.12317,NA,NA,0.32373,0,0.029,0.01,0.096,0.115,NA,1.911,0,NA,NA,5.732,0,0.019,NA
"190","MW04_0032","Peas, raw, Pisum sativum,(Nsawawa zaziwisi)",NA,NA,NA,NA,NA,"MAFOODS","ZA",78.2,87.6,371.3,0.88,5.5,0.8,0.14,0.07,0.38,0,8.3,6.3,0.7,20,1.7,28,83,265,14,0.87,0.17,330,NA,NA,NA,0.28,0.08,2.5,0.1,NA,82,0,0.38,13,27,0,0.04,NA
"191","MW04_0033","Pumpkin leaves stew, (Nkhwani wokazingira)",NA,NA,NA,NA,NA,"MAFOODS","R04",91.68240934,45.73936611,191.1421695,0.209138165,1.309763152,2.600109221,0.249994943,0.473291398,1.59462794,0,3.313201594,0.961691713,0.492263506,1120.234219,66.99544659,364.4866609,36.30533363,198.7547784,5.303513278,3.141223883,1.526085385,0.036892458,0.194676483,8.721243502,71.04103881,0.033404462,0.038237495,0.411812059,0.08241237,NA,14.99979976,0,0.005504743,NA,12.35811978,0,3.374871058,NA
"192","MW04_0034","Pumpkin, boiled, Cucurbita maxima, (Dzungu lowiritsa)",NA,NA,NA,NA,NA,"MAFOODS","9",84,59.822,254.016,0.32,2,0.182,NA,NA,NA,0,11.091,1.455,1.455,35,2,32,44,358,8,0.2,0.1,30,NA,NA,189.091,0.073,0.036,0.727,0.145,NA,9.091,0,NA,NA,9.636,0,2.036,NA
"193","MW04_0035","Tomato soup, (Supu wa tomato)",NA,NA,NA,NA,NA,"MAFOODS","R23",83.48704295,100.9961146,420.998994,0.235440228,1.47696524,6.587594533,3.21662735,1.746860473,0.988950947,0,7.341427878,1.608599875,0.810605009,556.9678849,11.25308923,13.19261084,34.82856796,310.3558192,65.59042705,3.828835079,3.861617984,0.14237147,NA,12.53649483,116.1763686,0.154015906,0.158674981,2.138324256,0.258857975,NA,23.05244137,0.078054534,0.022423507,NA,16.46286686,0,1.45772393,NA
"194","MW04_0036","Tomato, ripe, raw, (Tomato)",NA,NA,NA,NA,NA,"MAFOODS","10",94.52,25.68,108.89,0.14,0.88,0.2,NA,NA,NA,0,3.89,1.2,0.5,18.92,0.4884,12.925,24,237,5,0.1397,0.10175,0.114,NA,0.4301,42,0.037,0.019,0.594,0.08,NA,15,0,0.0189,NA,13.7,0,0.54,NA
"195","MW05_0001","Apple, average, raw, (Apozi)",NA,NA,NA,NA,NA,"MAFOODS","ZA",83.9,62.9,267.2,0.03,0.2,0.1,0.02,0,0.03,0,13,2.3,0.3,2,0.3,3,7,99,4,0.09,0.07,80,NA,NA,NA,0.02,0.06,0.2,0.03,NA,1,0,0.09,1.2,5,0,0.16,NA
"196","MW05_0002","Avocado, raw, peeled, Persea americana,(Peyala losenda)",NA,NA,NA,NA,NA,"MAFOODS","9",78,152.03,629.04,0.25,1.58,13.67,NA,NA,NA,0,1.302,4.371,1.023,7,0.744,14,40,455,9,0.3,0.3,170,NA,NA,5.58,0.0558,0.1395,1.674,0.32,NA,32.55,0,NA,NA,13.02,0,1.488,NA
"197","MW05_0003","Banana, fried, (Nthochi yokazinga)",NA,NA,NA,NA,NA,"MAFOODS","R64",57.59375,212.90375,892.4483594,0.38459375,2.40625,9.9140625,0.965625,1.828125,6.159375,0,26.70679688,1.80625,0.73875,8.3203125,0.8163125,26.792125,33.94225,296.0960625,1.9164375,0.15625,0.059625,520.3125,0,0,2.484375,0.05771875,0.0423,0.548325,0.26251875,NA,10,0,0,0,6.0375,0,4.16528125,0
"198","MW05_0004","Banana, white fleshed, raw, peeled, Musa paradisiaca,(Nthochi)",NA,NA,NA,NA,NA,"MAFOODS","9",72,109.1632,463.6811,0.203,1.272,0.21,NA,NA,NA,0,23.4263,2.12,0.848,9,0.318,30.74,26,391.14,2.13,0.2,0.0848,740,NA,NA,4.24,0.0424,0.0424,0.636,0.3604,NA,20.14,0,NA,NA,11.04,0,0.3922,NA
"199","MW05_0005","Baobab, raw, Adansonia digitata,(Malambe)",NA,NA,NA,NA,NA,"MAFOODS","17",13.2,348.8424,1477.9152,0.43,2.69,3.732,NA,NA,NA,0,68.9192,7.2044,4.34,100.34,5.0344,181.412,39.06,2461.995,16.318,3.753,0.73,NA,NA,NA,6.256,0.386,0.063,2.19,0.021,NA,NA,0,NA,NA,257.504,0,NA,NA
"200","MW05_0006","Custard apple, wild, Annona senegalensis, (Mpoza)",NA,NA,NA,NA,NA,"MAFOODS","USDA",71.5,113,479.5,0.272,1.7,0.6,NA,NA,NA,0,22.8,2.4,1,30,0.71,18,21,382,4,NA,NA,NA,NA,NA,2,0.08,0.1,0.5,0.221,NA,NA,0,NA,NA,19.2,0,NA,NA
"201","MW05_0007","Fruit salad, fresh, (mango, banana,pineapple & pawpaw)",NA,NA,NA,NA,NA,"MAFOODS","R67",79.53248322,80.46747747,341.7437028,0.129405561,0.801923298,0.19446117,NA,NA,NA,0,17.15936337,1.718045062,0.555959732,121.0111697,1.180997124,85.73116012,15.59386002,242.6730383,1.822667306,0.415471716,0.458634228,321.7641419,NA,2.623489933,53.9297162,0.050318313,0.03261745,0.299755369,0.17287536,NA,21.93636788,0,0.015532119,0.181208054,19.24003663,0.468644295,0.202627037,0
"202","MW05_0008","Guavas, Psidium guajava, (Gwafa)",NA,NA,NA,NA,NA,"MAFOODS","9",83,70.951,300.313,0.126,0.786,0.983,NA,NA,NA,0,6.977,7.763,0.59,7,0.393,18,28,282,7,0.2,0.1,90,NA,NA,4.913,0.049,0.02,1.179,0.79,NA,18.671,0,NA,NA,340.983,0,0.717,NA
"203","MW05_0009","Jakjak fruit, Azanza garckeana, (Matowo)",NA,NA,NA,NA,NA,"MAFOODS","17",47.2,200.5536,851.6268,1.014,6.336,0.5808,NA,NA,NA,0,18.5856,23.918,3.326,5.016,4.4352,76.718,77.932,1382.8,10.6656,NA,NA,NA,NA,NA,NA,NA,NA,NA,NA,NA,NA,0,NA,NA,NA,0,NA,NA
"204","MW05_0010","Juice tamarind, homemade, (Juwisi wa bwemba)",NA,NA,NA,NA,NA,"MAFOODS","R58",75.30970149,97.0261194,412.1651119,0.176679104,1.108208955,0.156716418,0,0,0,0,18.01585821,4.779850746,0.626865672,43.09701493,0.574906716,20.69029851,26.90298507,160.7910448,2.873134328,0.029514925,0.023684701,0,1.436567164,0.018656716,0.313432836,0.067910448,0.036567164,0.222014925,0.018283582,NA,3.134328358,0,0,0,0.548507463,0,0.023507463,0
"205","MW05_0011","Juice, baobab, homemade, (Malambe juisi)",NA,NA,NA,NA,NA,"MAFOODS","R36",84.37748254,62.57075469,265.6381783,0.029584988,0.186344336,0.230023284,NA,NA,NA,0,14.49474593,0.444046021,0.267497603,9.540199973,0.310554034,13.86938776,2.407478428,144.1587265,1.005766333,0.232036707,0.045156485,0,1.31831256,0.017120942,0.490847829,0.023791261,0.00388303,0.114734283,0.001294343,NA,NA,0,0,0,9.522816053,0,NA,NA
"206","MW05_0012","Juice, orange, homemade, (Juwisi wa malalanje)",NA,NA,NA,NA,NA,"MAFOODS","R51",77.80852644,88.57768865,376.385918,0.075037136,0.464275104,0.055407011,0.005637255,0.010791741,0.01127451,0,19.80466429,1.750816993,0.217765894,18.5063874,0.163491533,6.114081996,10.31491384,90.92765894,0.56372549,0.118983957,0.054740419,41.58496732,0.857843137,0.01114082,0.207961973,0.041008616,0.010252154,0.154240939,0.020641897,NA,11.34484551,0,0.13684492,2.257501485,27.44797237,0,0.10421123,NA
"207","MW05_0013","Jujube, Ziziphus mauritiana, (Masau)",NA,NA,NA,NA,NA,"MAFOODS","17",85.2,60.31,254.56,0.0976,0.6068,1.406,NA,NA,NA,0,10.804,0.5032,1.4948,19.98,0.499,7.5036,31.9976,256.306,6.3041,0.044,0.044,NA,NA,NA,1.249,0.012,0.019,0.6245,0.05,NA,NA,0,NA,NA,39.217,0,NA,NA
"208","MW05_0014","Lemon, raw, peeled, (Ndimu losenda)",NA,NA,NA,NA,NA,"MAFOODS","ZA",87.8,49,208,0.11,0.7,0.2,0.03,0.01,0.06,0,7,4.1,0.4,29,0.3,9,16,157,3,0.09,0.12,70,NA,NA,NA,0.04,0.01,0.2,0.035,NA,17,0,0.24,4.6,57,0,0.27,NA
"209","MW05_0015","Loquats, wild, Uapaca kirkiana,(Masuku a mtchire)",NA,NA,NA,NA,NA,"MAFOODS","USDA",86.73,52.08,221.09,0.068,0.43,0.2,NA,NA,NA,0,10.44,1.7,0.5,16,0.28,13,27,266,1,0.05,0.04,148,NA,0.6,76,0.019,0.024,0.18,0.1,NA,14,0,NA,NA,1,0,NA,NA
"210","MW05_0016","Mango,ripe, (Mango)",NA,NA,NA,NA,NA,"MAFOODS","10",83.46,65.621,278.663,0.09,0.542,0.181,NA,NA,NA,0,14.1,1.356,0.362,15.0315,0.2937,18.315,9.942,148.227,0.904,0.09504,0.13299,NA,NA,0.77055,122.92,0.054,0.03,0.027,0.063,NA,34.153,0,NA,NA,28.019,0,1.012,NA
"211","MW05_0017","Medlar, African, raw, Vangueria infausta, (Lokwati)",NA,NA,NA,NA,NA,"MAFOODS","17",73.5,105.842,448.966,0.24,1.51,0.69,NA,NA,NA,0,20.698,2.7,0.9,3.498,7.4995,47.9915,21.8095,482.51,6.4925,0.107,0.075,452.133,NA,NA,NA,0.031,0.025,0.44,0.029,NA,11.931,0,0.113,0.314,0,0,0,NA
"212","MW05_0018","Orange, raw, peeled, Citrus sinensis, (Lalanje losenda)",NA,NA,NA,NA,NA,"MAFOODS","ZA",86.5,53.7,228.1,0.13,0.8,0.1,0.01,0.02,0.02,0,9.2,3.2,0.4,30,0.3,8,19,176,1,0.22,0.1,85,NA,NA,NA,0.08,0.02,0.3,0.04,NA,30,0,0.28,4.4,53,0,0.19,NA
"213","MW05_0019","Pawpaw, fresh, (Papaya)",NA,NA,NA,NA,NA,"MAFOODS","10",88.06,47.6908,202.2859,0.07,0.426,0.32,NA,NA,NA,0,8.9628,1.8139,0.426,65.926,0.38437,48.552,7.463,204.686,7.463,0.12852,0.12376,NA,NA,1.2852,15.991,0.032,0.011,0.32,0.011,NA,14.925,0,NA,NA,92.748,0,0.778,NA
"214","MW05_0020","Peach, raw, Prunus persica, (Pichesi)",NA,NA,NA,NA,NA,"MAFOODS","ZA",87.8,46.1,195.8,0.11,0.7,0.1,0,0,0.01,0,8.6,2,0.4,4,0.3,8,17,201,4,0.09,0.08,50,NA,NA,NA,0.02,0.02,0.6,0.01,NA,2,0,0.25,5.1,8,0,0.7,NA
"215","MW05_0021","Pineapple, raw, peeled, Ananas comosus,(Nanazi losenda)",NA,NA,NA,NA,NA,"MAFOODS","ZA",85.3,58.1,246.8,0.06,0.4,0.1,0.01,0.01,0.03,0,12.1,1.8,0.4,4,0.3,10,6,159,1,0.03,0.04,440,NA,NA,NA,0.08,0.02,0.3,0.055,NA,16,0,0.18,2.1,43,0,0,NA
"216","MW05_0022","Plum, Mobola, Parinari curatellifolia, (Maula/Mbula)",NA,NA,NA,NA,NA,"MAFOODS","17",72.9,108.4768,460.5189,0.13,0.813,0.406,NA,NA,NA,0,23.9022,1.4905,0.4878,3.4959,2.7913,2.22493,9.1869,281.298,6.8292,NA,NA,NA,NA,NA,NA,NA,NA,NA,NA,NA,NA,0,NA,NA,NA,0,NA,NA
"217","MW05_0023","Plum, sour, Ximenia caffra, (Mpinjipinji)",NA,NA,NA,NA,NA,"MAFOODS","17",82.8,69.0736,292.4448,0.21,1.307,0.8944,NA,NA,NA,0,13.5536,0.3956,1.892,0.49,6.3,7.89,28.79,718.81,3.4056,NA,NA,NA,NA,NA,NA,NA,NA,NA,NA,NA,NA,0,NA,NA,NA,0,NA,NA
"218","MW05_0024","Tamarind, fruit, raw, Tamarindus indica, (Bwemba)",NA,NA,NA,NA,NA,"MAFOODS","WA",26.9,285.8,1213.9,0.67,4.2,0.6,NA,NA,NA,0,47.6,18.3,2.4,151,2.2,68,103,648,11,0.11,0.09,NA,NA,NA,1,0.26,0.14,1,0.07,NA,15,0,NA,NA,3.5,0,0.09,NA
"219","MW05_0025","Watermelon, raw, peeled, Citrullus lanatus, (Mavwende/Mavumbe osenda)",NA,NA,NA,NA,NA,"MAFOODS","ZA",91.8,32.5,138,0.14,0.9,0.1,0.01,0.02,0.03,0,5.9,1.1,0.3,3,0.1,10,5,137,4,0.09,0.09,25,NA,NA,NA,0.03,0.01,0.2,0.03,NA,4,0,0.32,2.7,6,0,0.15,NA
"220","MW06_0001","Margarine, Rama, brick",NA,NA,NA,NA,NA,"MAFOODS","MZF",17.1,724,2977,0,0,80,41.21,22.38,12.67,0,1,0,1.9,6,0,1,0,9,750,0,NA,NA,NA,NA,850,1.3,1.7,18,2,NA,200,1,NA,NA,0,NA,10,NA
"221","MW06_0002","Oil, soybean, fortified, local market, (Mafuta ophikira a soya)",NA,NA,NA,NA,NA,"MAFOODS","12",0,900,3700,NA,NA,100,15.65,22.783,57.74,0,0,0,0,NA,0.05,NA,NA,NA,NA,0.01,NA,NA,NA,NA,NA,NA,NA,NA,NA,NA,NA,NA,NA,NA,NA,NA,8.18,NA
"222","MW06_0003","Oil, soybean, fortified, supermarket, (Mafuta ophikira a soya)",NA,NA,NA,NA,NA,"MAFOODS","12",0,900,3700,NA,NA,100,15.65,22.783,57.74,0,0,0,0,NA,0.05,NA,NA,NA,NA,0.01,NA,NA,NA,NA,NA,NA,NA,NA,NA,NA,NA,NA,NA,NA,NA,NA,8.18,NA
"223","MW06_0004","Oil, sunflower, fortified, local market, (Mafuta ophikira a mpendadzuwa)",NA,NA,NA,NA,NA,"MAFOODS","12",0,900,3700,NA,NA,100,10.3,19.5,65.7,0,0,0,NA,NA,NA,NA,NA,NA,NA,NA,NA,NA,NA,NA,NA,NA,NA,NA,NA,NA,NA,NA,NA,NA,NA,NA,41.08,NA
"224","MW06_0005","Oil, sunflower, fortified, supermarket, (Mafuta ophikira a mpendadzuwa)",NA,NA,NA,NA,NA,"MAFOODS","12",0,900,3700,NA,NA,100,10.3,19.5,65.7,0,0,0,NA,NA,NA,NA,NA,NA,NA,NA,NA,NA,NA,NA,NA,NA,NA,NA,NA,NA,NA,NA,NA,NA,NA,NA,41.08,NA
"225","MW07_0001","Baby cereal, containing milk, 12 months, strawberry flavour, dry",NA,NA,NA,NA,NA,"MAFOODS","ZA",2.5,414.2,1749.1,2.4,15,9,4.2,4,2.4,NA,68.3,1.7,2,550,8,NA,440,730,250,3.9,NA,NA,NA,NA,NA,0.6,0.9,3.2,0.3,NA,60,2.3,2.8,34,50,6,3.2,NA
"226","MW07_0002","Baby cereal, containing milk, 6 months, dry",NA,NA,NA,NA,NA,"MAFOODS","ZA",2.5,420.3,1774.4,2.4,15,9.5,3,2.5,0.13,NA,68.7,1.3,1.9442533,550,11,NA,440,700,250,2.3,NA,NA,NA,NA,NA,0.6,0.4,2.9,0.3,NA,70,0.9,1.3,NA,80,6.5,3.5,NA
"227","MW07_0003","Baby cereal, containing milk, 7 months, regular flavour, dry",NA,NA,NA,NA,NA,"MAFOODS","ZA",5.2,393.7,1669.1,3.152,19.7,3.3,NA,NA,NA,NA,71.3,0,0.45,284.6,19.2,44.1,NA,NA,106,3,NA,NA,NA,NA,NA,0.5,0.4,NA,0.3,NA,19,1,1.9,37,35.4,6.25,0.4,NA
"228","MW07_0004","Baby cereal, containing milk, 9 months, mixed fruit flavour, dry",NA,NA,NA,NA,NA,"MAFOODS","ZA",2.5,420.3,1774.4,2.4,15,9.5,NA,NA,NA,NA,68.7,1.3,1.9442533,550,11,NA,440,700,250,2.3,NA,NA,NA,NA,NA,0.6,0.4,2.9,0.3,NA,70,0.9,1.3,NA,80,6.5,3.5,NA
"229","MW07_0005","Baby cereal, maize, 6 months, dry",NA,NA,NA,NA,NA,"MAFOODS","ZA",11.8,347.4,1473.2,0.96,6,2.6,NA,NA,NA,NA,75,2.6,0.82,691.2,50.4,70.2,NA,NA,2,10,NA,NA,NA,NA,NA,1.6,0.6,NA,0.6,NA,44,2,3,50,70.8,10,0.6,NA
"230","MW07_0006","Baby cereal, maize, 9 months, strawberry and banana flavour, dry (Nestum)",NA,NA,NA,NA,NA,"MAFOODS","ZA",3,366,1550.5,0.96,6,4,0.8,NA,NA,NA,76.5,3.5,1.0235375,323,15,NA,266,200,229,4.5,NA,NA,NA,NA,NA,1.2,0.6,5,0.5,NA,100,1.4,2.4,25,110,9,7,NA
"231","MW07_0007","Baby cereal, mixed cereal, 7 months, dry",NA,NA,NA,NA,NA,"MAFOODS","ZA",2.5,363.6,1542.3,1.44,9,2.4,0.8,NA,NA,NA,76.5,3.5,1.0235375,323,15,NA,266,200,229,4.5,NA,NA,NA,NA,NA,1.2,0.6,5,0.5,NA,100,1.4,2.4,25,110,9,7,NA
"232","MW07_0008","Baby cereal, mixed grain, 7 months, dry",NA,NA,NA,NA,NA,"MAFOODS","ZA",6.7,354.5,1503,1.936,12.1,2.9,NA,NA,NA,NA,70,2.2,0.64,556.8,25.2,35.1,NA,NA,20,5,NA,NA,NA,NA,NA,0.8,0.3,NA,0.3,NA,22,1,1.5,25,35.4,5,0.3,NA
"233","MW07_0009","Baby food (jar), 10 months, banana & berry with yoghurt",NA,NA,NA,NA,NA,"MAFOODS","ZA",85.2,46.8,198.9,0.112,0.7,0,0,NA,NA,NA,11,0.4,0.3102,28.2,0.1316,9.4,26.32,94,0.06,0.2444,0.0188,NA,NA,NA,2.82,0.094,0.376,0.1786,0.0752,NA,0,0.1222,NA,NA,13.066,0,0.0188,NA
"234","MW07_0010","Baby food (jar), 10 months, summer fruit dessert",NA,NA,NA,NA,NA,"MAFOODS","ZA",83,63.2,268.6,0.768,4.8,0,0,NA,NA,NA,11,0.5,0.4784,5.52,0.1564,6.44,8.28,118.68,14,0.0736,0.0322,NA,NA,NA,2.76,0.0092,0.0368,0.2576,0.0644,NA,0,0,NA,NA,11.684,0,0,NA
"235","MW07_0011","Baby food (jar), 6  months, apple",NA,NA,NA,NA,NA,"MAFOODS","ZA",87,48,204,0,0,0,0,NA,NA,NA,12,1,0.205,4.56,0.25,3.42,7.98,80.96,0,0.02,0.04,NA,NA,NA,1.14,0.01,0.03,0.07,0.04,NA,0,0,0.13,NA,43.68,NA,0.68,NA
"236","MW07_0012","Baby food (jar), 6  months, banana",NA,NA,NA,NA,NA,"MAFOODS","ZA",84.5,47.3,200.9,0.096,0.6,0.1,0.03,0.01,0.02,NA,11,0.5,0.226,4.84,0.1995,9.69,13.3,192.85,0.06,0.06,0.04,NA,NA,NA,1.94,0.0133,0.0399,0.3591,0.1729,NA,0,0,0.15,NA,16.18,NA,0.58,NA
"237","MW07_0013","Baby food (jar), 6  months, butternut",NA,NA,NA,NA,NA,"MAFOODS","ZA",88.8,52,221,0.16,1,0,0,NA,NA,NA,12,2,0.305,16,0.5,12,37,236,4,0.18,0.07,NA,NA,NA,NA,0.09,0.07,0.9,0.184,NA,NA,NA,0.31,NA,18,NA,NA,NA
"238","MW07_0014","Baby food (jar), 6  months, carrot",NA,NA,NA,NA,NA,"MAFOODS","ZA",88.8,44,187,0.16,1,0,0,NA,NA,NA,10,3,0.428,31.988,0.53798,13.086,29.08,284.984,69,0.2181,0.06,NA,NA,NA,833.45,0.033442,0.05816,0.673202,0.106142,NA,0,0,0.349,NA,8.2878,0,0.756,NA
"239","MW07_0015","Baby food (jar), 6  months, guava & pear",NA,NA,NA,NA,NA,"MAFOODS","ZA",84.5,51.3,217.9,0.096,0.6,0.1,0,NA,NA,NA,12,0.6,0.2,4,0.1,9,9,183,0.06,0.09,0.08,NA,NA,NA,NA,0.02,0.03,0.4,0.026,NA,NA,0,0.17,NA,35,NA,NA,NA
"240","MW07_0016","Baby food (jar), 6  months, sweet potato",NA,NA,NA,NA,NA,"MAFOODS","ZA",88.8,36,153,0.16,1,0,0,NA,NA,NA,8,0.5,0.2,11.792,0.27269,9.581,17.688,193.831,0.06,0.15477,0.0597,NA,NA,NA,237.26,0.020636,0.024321,0.263846,0.068541,NA,0,0,0.079,NA,43.7,NA,1.887,NA
"241","MW07_0017","Baby food (jar), 7 months, apple",NA,NA,NA,NA,NA,"MAFOODS","ZA",87,48,204,0,0,0,0,NA,NA,NA,12,1,0.205,4.56,0.25,3.42,7.98,80.96,0,0.02,0.04,NA,NA,NA,1.14,0.01,0.03,0.07,0.04,NA,0,0,0.13,NA,43.68,NA,0.68,NA
"242","MW07_0018","Baby food (jar), 7 months, banana",NA,NA,NA,NA,NA,"MAFOODS","ZA",84.5,47.3,200.9,0.096,0.6,0.1,0.03,0.01,0.02,NA,11,0.5,0.226,2.66,0.1995,17.29,13.3,192.85,0.06,0.06,0.04,NA,NA,NA,1.94,0.0133,0.0399,0.3591,0.1729,NA,0,0,0.15,NA,3.86365,NA,0.58,NA
"243","MW07_0019","Baby food (jar), 7 months, banana & yoghurt",NA,NA,NA,NA,NA,"MAFOODS","ZA",89,37.4,158.7,0.144,0.9,0.2,0.1,NA,NA,NA,8,0.2,0.148349223,26.42487047,0.123316062,8.808290155,24.66321244,88.08290155,0.06,0.229015544,0.01761658,NA,NA,NA,2.642487047,0.00880829,0.035233161,0.167357513,0.070466321,NA,NA,0.114507772,NA,NA,12.24352332,0,NA,NA
"244","MW07_0020","Baby food (jar), 7 months, butternut",NA,NA,NA,NA,NA,"MAFOODS","ZA",88.2,38.4,163.2,0.256,1.6,0,0,NA,NA,NA,8,0.4,0.2849257,12.96,0.243,14.58,34.83,221.94,0.06,0.235,0.081,56.7,NA,NA,NA,0.0405,0.0162,1.134,0.0729,NA,6.48,0,0.2106,5.103,3.24,0,1.0935,NA
"245","MW07_0021","Baby food (jar), 7 months, carrot",NA,NA,NA,NA,NA,"MAFOODS","ZA",92,19.6,83.3,0.144,0.9,0,0,NA,NA,NA,4,0.3,0.418379195,33.71428571,0.567012987,13.79220779,30.64935065,300.3636364,39,0.22987013,0.062831169,NA,NA,NA,878.1038961,0.035246753,0.061298701,0.709532468,0.11187013,NA,0,0,0.367792208,NA,8.735064935,0,NA,NA
"246","MW07_0022","Baby food (jar), 7 months, mixed vegetables",NA,NA,NA,NA,NA,"MAFOODS","ZA",89.4,48.8,207.4,0.832,5.2,0,0,NA,NA,NA,7,0.5,0.193275098,13.50980392,0.33254902,10.39215686,22.8627451,131.9803922,14,0.155882353,0.041568627,NA,NA,NA,164.1960784,0.022862745,0.025980392,0.339823529,0.057156863,NA,NA,0,0.259803922,NA,1.766666667,0,NA,NA
"247","MW07_0023","Baby food (jar), 7 months, peach",NA,NA,NA,NA,NA,"MAFOODS","ZA",84,37.7,160.1,0.192,1.2,0.1,0,NA,NA,NA,8,1.6,0.230170642,4.159021407,0.239143731,7.278287462,15.59633028,202.7522936,0.06,0.114373089,0.031192661,NA,NA,NA,35.35168196,0.01559633,0.080061162,1.705198777,0.018715596,NA,NA,0,0.086299694,NA,47.93272171,0,NA,NA
"248","MW07_0024","Baby food (jar), 7 months, pear",NA,NA,NA,NA,NA,"MAFOODS","ZA",83,60,255,0,0,0,NA,NA,NA,NA,15,3,0.233115948,11.72413793,0.351724138,11.72413793,17.5862069,190.5172414,1,0.117241379,0.095258621,NA,NA,NA,1.465517241,0.019051724,0.041034483,0.276982759,0.011724138,NA,NA,0,0.131896552,NA,35.90517241,0,NA,NA
"249","MW07_0025","Baby food (jar), 7 months, sweet potato",NA,NA,NA,NA,NA,"MAFOODS","ZA",88.2,36,153,0.16,1,0,0,NA,NA,NA,8,0.5,0.245828934,12.42105263,0.287236842,10.09210526,18.63157895,204.1710526,0.06,0.163026316,0.062881579,NA,NA,NA,249.9736842,0.021736842,0.025618421,0.277921053,0.072197368,NA,NA,0,0.302763158,NA,7.685526316,0,NA,NA
"250","MW07_0026","Baby food (jar), 7 months, vegetables & beef",NA,NA,NA,NA,NA,"MAFOODS","ZA",88.5,36.1,152.8,0.144,0.9,0.5,0.3,NA,NA,NA,7,0.1,0.17626085,12.9814077,0.267264276,7.636122178,25.19920319,110.7237716,19,0.290172643,0.022908367,140,NA,NA,187.8486056,0.006108898,0.036653386,0.60249004,0.04810757,NA,2.290836653,0.137450199,0.07559761,NA,0.152722444,0,NA,NA
"251","MW07_0027","Baby food (jar), 7 months, vegetables & chicken",NA,NA,NA,NA,NA,"MAFOODS","ZA",88.5,42,178,0.416,2.6,0.4,0.1,NA,NA,NA,7,0.7,0.25803229,23.70229008,0.465267176,12.29007634,41.25954198,138.7022901,41,0.421374046,0.061450382,130,NA,NA,181.7175573,0.028091603,0.045648855,0.632061069,0.063206107,NA,NA,0.008778626,0.093931298,NA,0.08778626,0.08778626,NA,NA
"252","MW07_0028","Baby food (jar), 8 months, apple",NA,NA,NA,NA,NA,"MAFOODS","ZA",86.5,50.1,212.8,0.048,0.3,0.1,NA,NA,NA,NA,12,1.2,0.135,6.43,0.28,3.86,7.71,99,0,0.05,0.045,NA,NA,NA,1.59,0.019,0.04452,0.09699,0.04929,NA,0,0,0.12,NA,60.897,0,0.954,NA
"253","MW07_0029","Baby food (jar), 8 months, apple & banana",NA,NA,NA,NA,NA,"MAFOODS","ZA",81.9,70.5,299.5,0.064,0.4,0.1,NA,NA,NA,NA,17,1.2,0.3103,3.21,0.107,8.56,9.63,75.97,1,0.0535,0.0321,NA,NA,NA,2.14,0.0214,0.0214,0.1391,0.0642,NA,0,0,NA,NA,13.161,0,0.0214,NA
"254","MW07_0030","Baby food (jar), 8 months, fruit & yoghurt",NA,NA,NA,NA,NA,"MAFOODS","ZA",90.6,37.4,158.7,0.144,0.9,0.2,0.1,NA,NA,NA,8,0.3,0.37,28,0.2,4,22,62,0.06,0.11,0.02,NA,NA,NA,5,0.02,0.05,0.14,0.04,NA,0,0,NA,NA,11.7,0,0.13,NA
"255","MW07_0031","Baby food (jar), 8 months, fruit salad",NA,NA,NA,NA,NA,"MAFOODS","ZA",81.9,66.5,282.5,0.064,0.4,0.1,NA,NA,NA,NA,16,1.2,0.09,10.773,0.28,5.387,8.619,62.488,1,0.05,0.03,NA,NA,NA,1.077,0.0119,0.033,0.086,0.033,NA,0,0,0.101,NA,20.255,0,NA,NA
"256","MW07_0032","Baby food (jar), 8 months, peach",NA,NA,NA,NA,NA,"MAFOODS","ZA",84.5,37.7,160.1,0.192,1.2,0.1,NA,NA,NA,NA,8,1.6,0.649,4.4,0.253,7.749,16.605,215.87,0.06,0.121,0.033,40.7,NA,NA,37.63,0.0165,0.0852,1.81553,0.01992,NA,0,0,0.0913,NA,51.03,0,2.189,NA
"257","MW07_0033","Baby food (jar), 8 months, pear",NA,NA,NA,NA,NA,"MAFOODS","ZA",81.9,62.5,265.5,0.064,0.4,0.1,NA,NA,NA,NA,15,2.9,0.468,12.48,0.3744,12.48,18.72,202.8,1,0.1248,0.1014,NA,NA,NA,1.56,0.02028,0.04368,0.29484,0.01248,NA,0,0,0.1404,NA,38.22,0,0.1404,NA
"258","MW07_0034","Baby food (jar), 8 months, pears with yoghurt",NA,NA,NA,NA,NA,"MAFOODS","ZA",91.3,33.6,142.8,0.064,0.4,0,0,NA,NA,NA,8,0.3,0.4275,25.65,0.38,12.35,25.65,96.9,0.06,0.171,0.038,NA,NA,NA,0.95,0.00095,0.0475,0.38,0.019,NA,0,0.4085,NA,NA,11.115,0,0,NA
"259","MW07_0035","Baby food (jar), 8 months, vegetables & chicken",NA,NA,NA,NA,NA,"MAFOODS","ZA",88.5,55,233,0.864,5.4,0.6,0.2,NA,NA,NA,7,1.2,0.4312,23.76,0.4664,12.32,41.36,139.04,42,0.4224,0.0616,NA,NA,NA,182.16,0.02816,0.04576,0.6336,0.06336,NA,0,0.088,0.09416,NA,0.088,0.088,0.2816,NA
"260","MW07_0036","BMS, acidified follow-up formula, Nan Pelargon 2, reconstituted/100mL",NA,NA,NA,NA,NA,"MAFOODS","ZA",90.5,67.9,284.7,0.32,2,3.1,NA,NA,NA,NA,8,0,0.3,81.6,1,6.8,54.4,94.1,31,0.8,0.05,7,NA,NA,NA,0.1,0.2,0.6,0.1,NA,17,0.2,0.8,2,8.2,1,1.34,NA
"261","MW07_0037","BMS, acidified formula, Nan Pelargon 1 powder",NA,NA,NA,NA,NA,"MAFOODS","ZA",3.5,511.6,2141.8,1.824,11.4,26,NA,NA,NA,NA,58,0,2.03715399,480,5.4,50,270,670,210,5.1,0.4,90,NA,NA,NA,0.6,1.2,4.5,0.4,NA,70,1.3,4.3,16,60,8,8.04,NA
"262","MW07_0038","BMS, acidified formula, Nan Pelargon 1, reconstituted/100mL",NA,NA,NA,NA,NA,"MAFOODS","ZA",90.5,68.6,287.3,0.24,1.5,3.4,NA,NA,NA,NA,8,0,0.267670212,63,0.7,6.6,35.4,87.8,28,0.7,0.1,12,NA,NA,NA,0.1,0.2,0.6,0.1,NA,9,0.2,0.6,2,7.9,1,1.34,NA
"263","MW07_0039","BMS, acidified, follow-up formula, Nan Pelargon 2 powder",NA,NA,NA,NA,NA,"MAFOODS","ZA",3.5,492.4,2064.2,2.368,14.8,22.8,NA,NA,NA,NA,57,0,2.4,600,7.2,50,400,692,225,5.9,0.4,50,NA,NA,NA,0.9,1.5,4.2,0.6,NA,125,1.5,5.7,18,60,9,9.38,NA
"264","MW07_0040","BMS, casein-predominant formula, Lactogen 1 powder",NA,NA,NA,NA,NA,"MAFOODS","ZA",3,512.9,2146.7,1.856,11.6,26.5,NA,NA,NA,NA,57,0,1.938356308,485,5.4,46,275,565,180,5.4,0.4,108,NA,NA,NA,0.6,1,4.3,0.4,NA,68,1,4.1,18,90,7,8.04,NA
"265","MW07_0041","BMS, casein-predominant formula, Lactogen 1, reconstituted/100mL",NA,NA,NA,NA,NA,"MAFOODS","ZA",86.7,65.5,274,0.24,1.5,3.5,NA,NA,NA,NA,7,0,0.252054564,63.2,0.7,6,35.8,73.6,23,0.7,0.05,14,NA,NA,NA,0.1,0.1,0.6,0.05,NA,9,0.13,0.5,2,11.7,1,1.34,NA
"266","MW07_0042","BMS, follow-up formula Lactogen 2, reconstituted/100mL",NA,NA,NA,NA,NA,"MAFOODS","ZA",84.8,67,281,0.32,2,3,NA,NA,NA,NA,8,0,0.315216955,81.5,1,5.5,55.5,89.1,25,0.8,0.05,5.36,NA,NA,NA,0.1,0.2,0.6,0.1,NA,12,0.1,1,3,8,1,1.34,NA
"267","MW07_0043","BMS, follow-up formula, Infacare Classic 2 powder",NA,NA,NA,NA,NA,"MAFOODS","ZA",3,457.1,1921.8,2.672,16.7,16.7,8,4,3.6,2.6,60,0,2.575889959,583.3,6.3,51.4,437.5,722.2,240,4.2,0.328,31,NA,NA,NA,0.694,1.09,2.917,0.397,NA,57,1.4,1.986,14,63.9,7.6,5.1,NA
"268","MW07_0044","BMS, follow-up formula, Infacare Classic 2, reconstituted/100mL",NA,NA,NA,NA,NA,"MAFOODS","ZA",88,67.2,282.6,0.384,2.4,2.4,1.1,0.6,0.5,0.4,9,0,0.5,84,0.9,7.4,63,104,35,0.6,0.047,4,NA,NA,NA,0.1,0.157,0.42,0.057,NA,8,0.2,0.286,2,9.2,1.1,0.7,NA
"269","MW07_0045","BMS, follow-up formula, Infacare Classic 3 powder",NA,NA,NA,NA,NA,"MAFOODS","ZA",3,458.4,1927.2,2.688,16.8,16.8,8.1,4.1,3.7,2.6,60,0,2.574889959,583.2,6.3,51.6,437.5,722.1,239,4.2,0.328,31,NA,NA,NA,0.694,1.09,2.917,0.397,NA,57,1.4,1.986,14,63.7,7.6,5.3,NA
"270","MW07_0046","BMS, follow-up formula, Infacare Classic 3, reconstituted/100mL",NA,NA,NA,NA,NA,"MAFOODS","ZA",82,87.6,368.3,0.512,3.2,3.2,1.55,0.75,0.7,0.5,11.5,0,0.7,110.8,1.2,9.8,83.1,137.2,45.5,0.8,0.0625,5.5,NA,NA,NA,0.132,0.207,0.554,0.0755,NA,11,0.25,0.3775,2.5,12.1,1.45,1,NA
"271","MW07_0047","BMS, follow-up formula, Lactogen 2 powder",NA,NA,NA,NA,NA,"MAFOODS","ZA",3,486.1,2038.8,2.352,14.7,21.7,NA,NA,NA,NA,58,0,2.297813239,595,7.3,40,405,650,180,5.5,0.4,39,NA,NA,NA,1,1.4,4.5,0.6,NA,90,1,7,19,58,9,8.71,NA
"272","MW07_0048","BMS, follow-up formula, Lactogen 3, powder",NA,NA,NA,NA,NA,"MAFOODS","ZA",2,486.1,2038.8,2.352,14.7,21.7,NA,NA,NA,NA,58,0,3.7,560,7.3,40,370,580,180,5.5,0.4,39,NA,NA,NA,1,1.4,4.5,0.6,NA,90,1,7,19,58,9,8.71,NA
"273","MW07_0049","BMS, follow-up formula, Lactogen 3, reconstituted/100mL",NA,NA,NA,NA,NA,"MAFOODS","ZA",88,67.03,281.14,0.3248,2.03,2.99,NA,NA,NA,NA,8,0,0.51,77.3,1,5.5,51.1,80,25,0.8,0.1,5.38,NA,NA,NA,0.14,0.2,0.62,0.1,NA,12,0.14,1,3,8,1.2,1.34,NA
"274","MW07_0050","BMS, follow-up formula, Nan 2 powder",NA,NA,NA,NA,NA,"MAFOODS","ZA",3,489.88,2053.24,2.3552,14.72,23,NA,NA,NA,NA,56,0,3,580,7.3,45,380,650,190,5.4,0.4,60,NA,NA,NA,1.1,1.2,4.4,0.6,NA,127,2,5.2,19,65,9,10.72,NA
"275","MW07_0051","BMS, follow-up formula, Nan 2, reconstituted/100mL",NA,NA,NA,NA,NA,"MAFOODS","ZA",90.4,67.98,285.04,0.3232,2.02,3.1,NA,NA,NA,NA,8,0,0.41,79.1,1,6.1,51.9,88.7,26,0.7,0.05,10,NA,NA,NA,0.2,0.2,0.6,0.1,NA,17,0.2,0.7,3,8.9,1.2,1.34,NA
"276","MW07_0052","BMS, follow-up formula, Nan 3 powder",NA,NA,NA,NA,NA,"MAFOODS","ZA",3,485.2,2035.6,2.336,14.6,21.2,NA,NA,NA,NA,59,0,3.3,575,7.3,45,390,625,205,5.9,0.4,40,NA,NA,NA,0.9,1.4,4.5,0.4,NA,106,1,5.9,19,62,8,9.38,NA
"277","MW07_0053","BMS, follow-up formula, Nan 3, reconstituted/100mL",NA,NA,NA,NA,NA,"MAFOODS","ZA",90.4,66.63,279.49,0.3232,2.02,2.95,NA,NA,NA,NA,8,0,0.46,79.3,1,6.2,53.8,86.2,28,0.8,0.1,5.5,NA,NA,NA,0.1,0.2,0.6,0.1,NA,15,0.1,0.8,3,8.6,1,1.34,NA
"278","MW07_0054","BMS, follow-up formula, S-26 Progress 3 powder",NA,NA,NA,NA,NA,"MAFOODS","ZA",2,451.7,1901.1,2.304,14.4,14.9,3.1,5.9,5,1,65,0,2.4,450.5,5.6,45,360.4,810.8,212,4.5,0.405,586,NA,NA,NA,0.405,0.721,5.18,0.45,NA,23,0.9,1.351,9,54.1,6,3.9,NA
"279","MW07_0055","BMS, follow-up formula, S-26 Progress 3, reconstituted/100mL",NA,NA,NA,NA,NA,"MAFOODS","ZA",80,100.5,423,0.512,3.2,3.3,0.65,1.6,1.1,0.4,14.5,0,0.5,100,1.5,10,80,180,47,1,0.09,130,NA,NA,NA,0.09,0.16,1.3,0.1,NA,5,0.21,0.3,2,12,1.5,0.85,NA
"280","MW07_0056","BMS, follow-up formula, S-26 Progress Gold 3 powder",NA,NA,NA,NA,NA,"MAFOODS","ZA",2,452.2,1900.6,2.368,14.8,17,3.7,6.7,5.7,2,60,0,2.8,517,6.8,45.5,346.6,1136.4,256,2.8,0.205,682,NA,NA,NA,0.347,0.568,3.409,0.284,NA,85,1.2,2.29,9,57,10,3.4,NA
"281","MW07_0057","BMS, follow-up formula, S-26 Progress Gold 3, reconstituted/100mL",NA,NA,NA,NA,NA,"MAFOODS","ZA",83.3,77.32,324.86,0.4128,2.58,3,0.625,1.208,1,0.416,10,0,0.6,91,1.2,8,61,200,45,0.5,0.036,120,NA,NA,NA,0.0608,0.1,0.6,0.05,NA,15,0.4166,0.403,1.66,10,1.667,0.416,NA
"282","MW07_0058","BMS, follow-up formula, S-26 Promil 2 powder",NA,NA,NA,NA,NA,"MAFOODS","ZA",2,470.8,1975.9,2.512,15.7,20,8.8,5.7,4.3,2,57,0,2.32,821,8.6,61,464,714,250,3.6,0.286,71.4,NA,NA,NA,0.714,1.071,2.857,0.429,NA,57,1.4,2.5,14,64.3,8,1,NA
"283","MW07_0059","BMS, follow-up formula, S-26 Promil 2, reconstituted/100mL",NA,NA,NA,NA,NA,"MAFOODS","ZA",90,66,277,0.352,2.2,2.8,1.2,0.8,0.6,0.3,8,0,0.4,115,1.2,8.5,65,100,35,0.5,0.04,10,NA,NA,NA,0.1,0.15,0.4,0.06,NA,8,0.2,0.35,2,9,1.0625,0.737,NA
"284","MW07_0060","BMS, follow-up formula, S-26 Promil Gold 2 powder",NA,NA,NA,NA,NA,"MAFOODS","ZA",2,477.7,2002.6,2.512,15.7,22.1,9.7,6.3,4.8,0,54,0,2.5,558.8,8.8,62.5,375,661.8,246,3.1,0.22,257,NA,NA,NA,0.375,1.029,2.941,0.294,NA,59,1.3,2.574,10,62.5,10,4.9,NA
"285","MW07_0061","BMS, follow-up formula, S-26 Promil Gold 2, reconstituted/100mL",NA,NA,NA,NA,NA,"MAFOODS","ZA",90,63.4,265.7,0.336,2.1,3,1.3,0.9,0.6,0.3,7,0,0.3,76,1.2,8.5,51,90,34,0.4,0.029,35,NA,NA,NA,0.051,0.14,0.4,0.04,NA,8,0.18,0.35,1,8.5,1,0.7,NA
"286","MW07_0062","BMS, follow-up formula, soy based, Infasoy 2 powder",NA,NA,NA,NA,NA,"MAFOODS","ZA",2,496.7,2081.1,2.624,16.4,23.9,9.5,5.9,7.1,0,54,0,2.11,653,7.5,59.7,410.4,746.3,224,6,0.418,246,NA,NA,NA,0.746,1.119,4.478,0.41,NA,60,1.5,2.239,26,67.2,7.9,5.5,NA
"287","MW07_0063","BMS, follow-up formula, soy-based, Infasoy 2, reconstituted/100mL",NA,NA,NA,NA,NA,"MAFOODS","ZA",89.8,65.6,274.8,0.352,2.2,3.2,1.3,0.8,0.9,0,7,0,0.3,87.5,1,8,55,100,30,0.8,0.056,33,NA,NA,NA,0.1,0.15,0.6,0.055,NA,8,0.2,0.3,4,9,1.1,0.7,NA
"288","MW07_0064","BMS, follow-up formula, soy-based, Isomil 2 powder",NA,NA,NA,NA,NA,"MAFOODS","ZA",2,470.96,1976.58,2.384,14.9,20,NA,NA,NA,NA,57.84,0,2.21923363,530,7,56,350,600,220,5,0.33,300,NA,NA,NA,0.68,0.77,4,0.43,NA,72,1,3,18,63,7,7.4,NA
"289","MW07_0065","BMS, follow-up formula, soy-based, Isomil 2, reconstituted/100mL",NA,NA,NA,NA,NA,"MAFOODS","ZA",85.5,68.43,287.19,0.3456,2.16,2.91,NA,NA,NA,NA,8.4,0,0.3,77,1,8.1,51,87,32,0.73,0.048,40,NA,NA,NA,0.1,0.11,0.58,0.06,NA,10,0.15,0.44,2.6,9.2,1.025,1.072,NA
"290","MW07_0066","BMS, follow-up formula, soy-based, Isomil 3, reconstituted/100mL",NA,NA,NA,NA,NA,"MAFOODS","ZA",85.74,68.95,289.2,0.368,2.3,3.07,NA,NA,NA,NA,8.03,0,0.4,95,1.2,8.7,66,100,35,0.78,0.066,40,NA,NA,NA,0.1,0.11,1.3,0.14,NA,7,0.14,0.43,3,7.7,1,1.8,NA
"291","MW07_0067","BMS, premature, whey-predominant formula, PreNan powder",NA,NA,NA,NA,NA,"MAFOODS","ZA",3,502.7,2104.1,2.304,14.4,25.9,NA,NA,NA,NA,53,0,2.56788757,760,10.4,50,445,605,269,6.3,0.8,70,NA,NA,NA,0.9,1.3,14.9,0.8,NA,300,2,6,25,124.5,19,20.1,NA
"292","MW07_0068","BMS, premature, whey-predominant formula, PreNan, reconstituted/100mL",NA,NA,NA,NA,NA,"MAFOODS","ZA",87.5,83,347.5,0.368,2.3,4.2,NA,NA,NA,NA,9,0,0.41241581,122,1.7,8,72,97,43,1,0.1,10,NA,NA,NA,0.1,0.2,2.4,0.1,NA,48,0.4,1,4,20,3,3.35,NA
"293","MW07_0069","BMS, soy-based formula, Infasoy 1 powder",NA,NA,NA,NA,NA,"MAFOODS","ZA",2,516.5,2160.5,2.208,13.8,27.7,11.1,6.9,8.1,0,53,0,2,515.4,6.2,51.2,384.6,553.8,146,4.6,0.431,154,NA,NA,NA,0.769,1.154,4.615,0.423,NA,62,1.5,2.308,27,69.2,8,5.7,NA
"294","MW07_0070","BMS, soy-based formula, Infasoy 1, reconstituted/100mL",NA,NA,NA,NA,NA,"MAFOODS","ZA",89.8,67.6,282.8,0.288,1.8,3.6,1.4,0.9,1,0,7,0,0.258560576,67,0.8,6.7,50,72,19,0.6,0.056,20,NA,NA,NA,0.1,0.15,0.6,0.055,NA,8,0.2,0.3,4,9,1,0.7,NA
"295","MW07_0071","BMS, soy-based formula, Isomil 1 powder",NA,NA,NA,NA,NA,"MAFOODS","ZA",2,507.4,2122.2,2.048,12.8,27.4,NA,NA,NA,0,52.4,0,2.2,532,7.8,41,380,578,243,6,0.357,300,NA,NA,NA,0.49,0.52,4.8,0.3,NA,75,1.3,3.8,19,64,8,9.4,NA
"296","MW07_0072","BMS, soy-based formula, Isomil 1, reconstituted/100mL",NA,NA,NA,NA,NA,"MAFOODS","ZA",86.62,68.1,284.8,0.272,1.7,3.7,NA,NA,NA,NA,7,0,0.298600948,71,1,5.5,51,77,33,0.8,0.048,0.04,NA,NA,NA,0.065,0.07,0.64,0.04,NA,10,0.17,0.51,2.5,8.6,1.1,1.3,NA
"297","MW07_0073","BMS, whey-predominant formula, Infacare Classic 1 powder",NA,NA,NA,NA,NA,"MAFOODS","ZA",3,506.6,2121.8,1.824,11.4,25,11.9,6,5.5,2.7,59,0,1.635551381,344.7,6.1,34.8,240.2,490.2,155,3.8,0.349,32,NA,NA,NA,0.788,1.182,3.939,0.472,NA,63,1.6,2.364,16,71.2,8.4,5.6,NA
"298","MW07_0074","BMS, whey-predominant formula, Infacare Classic 1, reconstituted/100mL",NA,NA,NA,NA,NA,"MAFOODS","ZA",88,67.7,283.6,0.24,1.5,3.3,1.6,0.8,0.7,0.4,8,0,0.3,45.5,0.83,4.6,31.7,64.7,21,0.5,0.0461,4.2,NA,NA,NA,0.104,0.156,0.52,0.062,NA,8,0.21,0.312,2,9.4,1.1,0.7,NA
"299","MW07_0075","BMS, whey-predominant formula, Nan 1 powder",NA,NA,NA,NA,NA,"MAFOODS","ZA",3,501.6,2099.3,1.584,9.9,26,NA,NA,NA,NA,57,0,1.6316488,325,5.4,50,170,500,190,5,0.4,0.1,NA,NA,NA,0.6,0.8,4.3,0.3,NA,85,1,3.3,13,80,8,8.04,NA
"300","MW07_0076","BMS, whey-predominant formula, Nan 1, reconstituted/100mL",NA,NA,NA,NA,NA,"MAFOODS","ZA",90.4,68.7,287.6,0.208,1.3,3.5,NA,NA,NA,NA,8,0,0.2183209,43.6,0.7,6.7,22.8,67,25,0.7,0.1,0.01,NA,NA,NA,0.1,0.1,0.6,0.05,NA,11,0.1,0.4,2,10.7,1,1.34,NA
"301","MW07_0077","BMS, whey-predominant formula, S-26 Classic 1, powder",NA,NA,NA,NA,NA,"MAFOODS","ZA",2,521.9,2182.7,1.888,11.8,28.3,12.3,8.1,6.2,0.4,55,0,1.7,362,6.3,50.4,262,551,126,4.7,0.441,39.4,NA,NA,NA,0.787,1.181,3.937,0.472,NA,63,1.6,2.362,16,70.9,8,5.8,NA
"302","MW07_0078","BMS, whey-predominant formula, S-26 Classic 1, reconstituted/100mL",NA,NA,NA,NA,NA,"MAFOODS","ZA",90,66.4,277.7,0.24,1.5,3.6,1.6,1,0.7,0,7,0,0.215217261,46,0.8,6.4,33,70,16,0.6,0.056,5,NA,NA,NA,0.1,0.15,0.5,0.06,NA,8,0.2,0.3,2,9,1.1,0.737,NA
"303","MW07_0079","BMS, whey-predominant formula, S-26 Comfort Gold, powder",NA,NA,NA,NA,NA,"MAFOODS","ZA",2,520,2175,1.92,12,28,12.5,10,5.3,37,55,0,1.5,328,6.3,35,188,508,125,4.7,0.34,39,NA,NA,NA,0.781,0.859,3.906,0.43,NA,84,1.4,2.734,16,70,8.3,5.8,NA
"304","MW07_0080","BMS, whey-predominant formula, S-26 Comfort Gold, reconstituted/100mL",NA,NA,NA,NA,NA,"MAFOODS","ZA",90,66.8,279.4,0.256,1.6,3.6,1.6,1.3,0.7,4.7,7,0,0.2,42,0.8,4.5,24,65,16,0.6,0.044,5,NA,NA,NA,0.1,0.11,0.5,0.55,NA,11,0.18,0.35,2,9,1.1,0.7,NA
"305","MW07_0081","BMS, whey-predominant formula, S-26 Gold 1 powder",NA,NA,NA,NA,NA,"MAFOODS","ZA",2,526,2199.5,1.712,10.7,28.8,12.6,8.1,6.3,3.4,56,0,1.6,336,6.4,36,192,520,128,4.8,0.266,40,NA,NA,NA,0.8,0.88,4,0.44,NA,86,1.4,2.8,16,72,10,5.896,NA
"306","MW07_0082","BMS, whey-predominant formula, S-26 Gold 1, reconstituted/100mL",NA,NA,NA,NA,NA,"MAFOODS","ZA",90,65.6,274.3,0.208,1.3,3.6,1.6,1,0.8,0.4,7,0,0.2,42,0.8,4.5,24,65,16,0.6,0.033,5,NA,NA,NA,0.1,0.11,0.5,0.055,NA,11,0.18,0.35,2,9,1.2,0.737,NA
"307","MW07_0083","Maize soft porridge, with egg & vegatable, (Phala loika mazira ndi masamba)",NA,NA,NA,NA,NA,"MAFOODS","R70",82.40623276,93.40044126,390.8604523,0.509735245,3.185328185,4.873138445,0.28405957,0.537782681,1.811913955,NA,8.484555985,0.715664644,0.335079978,107.5087286,3.475027579,70.68989244,29.11828461,75.21936224,19.26515444,0.590085494,0.070415058,NA,1.061776062,0.329219526,18.71001103,0.065871484,0.07865968,0.203388031,0.05369829,NA,9.360537783,0.222697187,NA,NA,1.303088803,NA,1.302702703,NA
"308","MW07_0084","Rice porridge, with carrot, milk & groundnut flour, (Phala la mpunga lothira kaloti, mkaka ndi nsinjilo)",NA,NA,NA,NA,NA,"MAFOODS","R69",88.82374332,52.42634011,220.5953412,0.249129412,1.56435508,1.773283422,NA,NA,NA,NA,6.74484492,0.80740107,0.283197861,18.61946524,0.251149198,21.44652406,44.16898396,88.75277005,12.02124064,0.277673797,0.065581551,93.68983957,1.029411765,0.013368984,3.294117647,0.036571123,0.036057219,0.400860428,0.03845615,NA,4.556171123,0.023957219,0.011229947,0.385026738,0.609090909,NA,0.414973262,NA
"309","MW08_0001","Fortificant premix, IS-353, DSM",NA,NA,NA,NA,NA,"MAFOODS","3",5,0,0,0,0,0,NA,NA,NA,NA,0,0,NA,NA,19.2775,NA,NA,NA,NA,8.288,NA,NA,NA,NA,1.25,NA,NA,NA,NA,NA,1100,NA,NA,NA,NA,NA,NA,0
"310","MW08_0002","Ready to use therapeutic food (RUTF), milk, maize, soya, sorghum (MSMS)",NA,NA,NA,NA,NA,"MAFOODS","25",2.9,553.2,2306.1,2.66,16.6,36,15.5,12.6,4.09,NA,35.9,4.8,3.8,399,31.6,119,493,1070,52.2,19.9,1.5,1350,1e+05,25,NA,1.12,1.97,7.94,0.93,NA,200,2.6,4.73,81,306,17.8,39,3
"311","MW08_0003","Ready to use therapeutic food (RUTF), milk-free, soya, maize, sorghum (FSMS)",NA,NA,NA,NA,NA,"MAFOODS","25",2.2,546.6,2280.3,2.94,18.4,34.2,13.5,11.5,5.58,NA,34.2,7.1,3.9,571,35.1,104,503,991,87.3,19.5,1.48,1710,1e+05,26,NA,1.28,1.63,7.54,0.99,NA,210,2.5,5.36,86,323,19.2,39,4.65
"312","MW08_0004","Ready to use therapeutic food (RUTF), peanut, milk (PM)",NA,NA,NA,NA,NA,"MAFOODS","25",1.1,546.6,2280.8,2.5,15.6,33.8,11,18.2,3.16,NA,43.1,1.9,3.9,434,10.5,97,351,1125,131.4,11.1,1.6,NA,85000,27,NA,0.97,3.2,7.6,0.66,NA,268,3.2,4.5,80,87,18.7,35,2.51
"313","MW08_0005","Sugar, brown, fortified, (Suga wa bulawuni)",NA,NA,NA,NA,NA,"MAFOODS","24",0,399.8,1699.15,0.032,0.2,0,NA,NA,NA,NA,99.75,0,NA,NA,NA,NA,NA,NA,NA,NA,NA,NA,NA,NA,1.4,NA,NA,NA,NA,NA,NA,NA,NA,NA,NA,NA,NA,NA
"314","MW08_0006","Sugar, white, fortified, (Suga wa waiti)",NA,NA,NA,NA,NA,"MAFOODS","24",0,399.8,1699.15,0.03,0.2,0,NA,NA,NA,NA,99.75,0,NA,NA,NA,NA,NA,NA,NA,NA,NA,NA,NA,NA,1.4,NA,NA,NA,NA,NA,NA,NA,NA,NA,NA,NA,NA,NA
"315","MW08_0007","Sugarcane, raw, Saccharum officinarum, (Mzimbe)",NA,NA,NA,NA,NA,"MAFOODS","9",90,39.712,168.776,0.05,0.288,0,NA,NA,NA,NA,9.64,0,0.072,8,0.647,NA,18,NA,NA,NA,NA,610,NA,NA,0,NA,NA,NA,NA,NA,NA,0,NA,NA,7.194,NA,NA,NA
"316","MW08_0008","Water, (Madzi)",NA,NA,NA,NA,NA,"MAFOODS","10A",100,0,0,0,0,0,0,0,0,0,0,0,0,3.92,3e-04,3.14,0,0,0,0.00084,0.00019,0,1.54,0.02,0,0,0,0,0,NA,0,0,0,0,0,0,0,0
