"Priority","fdc_id","food_desc","food_group","Edible_factor_in_FCT","ENERCkJ","ENERCkcal_standardised","WATERg","CHOAVLDFg","NTg","PROCNTg","PROPLAg","PROANIg","FIBTGg","ASHg","FATg","CHOLEg","CHOLEmg","FASATg","FAMSg","FAPUg","STARCHg","SUGARg","CAmg","FEmg","MGmg","Pmg","Kmg","NAmg","ZNmg","CUmg","SEmcg","MNmcg","VITAmcg","CARBEQmcg","VITDmcg","VITEmg","THIAmg","RIBFmg","NIAmg","VITB6_mg","FOLmcg","VITCmg","source_fct","nutrient_data_source"
1,"011001","Maize, sorghum and wheat grains, boiled (Likhobe)","GRAINS",1,434.7548,108.209125532,73.2480988593156,19.521863118,0.469201520912548,2.93250951,2.93250950570342,0,2.79467681,1.8412548,1.82129278,0,0,0.241539923954373,0.404752851711027,0.98745247148289,5.82604562737643,0.0389733840304183,25.237643,1.00998098859316,33.536122,97.05798,104.3203422,207.604562737643,0.469106463878327,0.128707224334601,0,66.957319391635,0.0285171102661597,0,0,0.592395436355823,0.0645057034220532,0.0232699619771863,0.566178707224335,0.0326235741444867,3.5171102661597,0,"LS06","Recipe"
1,"011002","Maize meal, super, white, unfortified, raw","GRAINS",1,1471.4,341.4,12,74,1.23,7.7,7.7,0,4.9,0.5,1.4,NA,NA,0.189,0.28,0.42,67.2,6.8,3,0.7,36,60,108,3,0.58,0.1,NA,170,10,NA,0,0.34,0.13,0.02,0.8,0.17,8,0.12,"LS06","MRC05"
1,"011042","Maize meal, super, white, fortified, raw","GRAINS",1,1482.9,343.7,12.1,74,1.22,7.6,7.6,0,4.1,0.5,1.7,0,0,0.195,0.32,0.491,74.6,0,5,2.6,38,60,98,3,2.07,0.1,NA,190,184,NA,NA,0.36,0.43,0.19,3.5,0.63,210,0.12,"LS06","MRC05"
1,"011003","Maize meal, white, sifted, unfortified, raw","GRAINS",1,1482.7,336.9,11.9,68,1.33,8.3,8.3,0,7.3,0.9,3.3,0,0,0.462,0.897,1.431,68.4,9.9,3,1.5,98,190,196,3,1.67,0.16,NA,360,12,NA,NA,0.56,0.38,0.05,1.7,0.31,29,128,"LS06","MRC05"
1,"011043","Maize meal, white, sifted, fortified, raw","GRAINS",1,1487.8,340.4,11.8,69,1.35,8.4,8.4,0,6.7,0.9,3.2,0,0,0.421,0.825,1.376,68.5,0.5,12,3.2,98,90,197,4,2.98,0.16,NA,330,196,NA,NA,0.62,0.68,0.23,4.6,0.75,225,125,"LS06","MRC05"
1,"011004","Maize meal, yellow, refined, raw","GRAINS",1,1488.2,386.5,13,81.6,1.424,8.9,8.9,0,3.4,0.6,2.5,0,0,0.33,0.78,0.95,NA,0,4,0.7,75,174,251,7,0.9,0.09,0,300,49,NA,0,0.64,0.32,0.04,0.9,0.06,16,0,"LS06","SA91"
1,"011005","Maize meal, special, white, unfortified, raw","GRAINS",1,1493.6,344.9,12,71.5,1.24,7.7,7.7,0,5.2,0.8,2.9,0,0,0.392,0.78,1.255,70.3,1.2,9,2.9,88,175,186,4,2.91,0.14,NA,290,235,NA,NA,0.62,0.77,0.21,4.6,0.72,265,131,"LS06","MRC05"
1,"011006","Maize meal, special, white, fortified, raw","GRAINS",1,1497.7,344.5,11.6,71.5,1.23,7.6,7.6,0,5.5,0.8,2.9,NA,NA,0.392,0.78,1.255,69.9,1.6,6,1.2,83,105,180,7,1.53,0.22,0,540,23,NA,0,0.49,0.38,0.05,1.6,0.37,42,126,"LS06","MRC05"
1,"011007","Maize, whole grain, white, dried, raw","GRAINS",1,1450.39,378.7,13,75.3,1.472,9.2,9.2,0,10.6,1.13,4.3,0,0,0.53,1.23,1.94,NA,0,10,3,123,241,346,11,2.3,0.2,0,700,0,NA,0,1.3,0.5,0.12,2.2,0.3,33,0,"LS06","SA91"
1,"011040","Maize, whole, grain, white, dried, roasted (Machechisa)","GRAINS",1,629.3633,142.977816124,67.4157303370787,28.202247191,0.551310861423221,3.43249287,3.43249287234778,0,3.95482874,0.4215997,1.60431732,0,0,0.19774143721134,0.458909373150845,0.723808279603772,0,0,3.730971,1.11929115402645,45.890937,89.91639,129.0915798,4.10406756476365,0.858123218086946,0.0746194102684301,0,261.167935939505,0,0,0,0.485026166744795,0.158566246820414,0.0380558992368993,0.779772837305094,0.0839468365519838,6.15610134714548,0,"LS06","Recipe"
1,"011010","Maize, whole grain, yellow, dried, raw","GRAINS",1,1450.39,378.7,13,75.3,1.472,9.2,9.2,0,10.6,1.13,4.3,0,0,0.53,1.23,1.94,NA,0,10,3,123,241,346,11,2.3,0.2,0,700,49,NA,0,1.3,0.5,0.12,2.2,0.3,33,0,"LS06","SA91"
1,"011014","Maize samp/rice , white, raw","GRAINS",1,1454,387.1,13,85.9,1.408,8.8,8.8,0,3.2,0.6,0.7,0,0,0.09,0.21,0.28,NA,0,3,0.6,28,60,110,3,0.5,0.07,0,100,0,NA,0,0.18,0.13,0.01,0.5,0.025,10,0,"LS06","SA91"
1,"011015","Maize samp/rice, white, boiled","GRAINS",1,364,98.6,78.2,21.5,0.352,2.2,2.2,0,0.8,0.2,0.2,0,0,0.03,0.05,0.07,NA,0,1,0.2,7,15,28,1,0.13,0.02,0,30,0,NA,0,0.05,0.03,0,0.1,0.006,3,0,"LS06","SA91"
1,"011038","Maize samp with dried beans (Umngdusho)","GRAINS",1,613.5835,146.57236842,62.3774671052632,27.158717105,0.845394736842105,5.28371711,5.28371710526316,0,4.64638158,1.004523,1.64473684,0,0,0.213610197368421,0.301027960526316,1.05123355263158,0,0,19.777961,1.33758223684211,10.365954,46.05674,257.3560855,171.052631578947,0.625411184210526,0.20139802631579,0,0,0.0370065789473684,NA,0,0.590707236842105,0.0715460526315789,0.0197368421052632,0.370065789473684,0.0569901315789474,39.0625,0.616776315789474,"LS06","Recipe"
1,"011018","Hard porridge from white maize meal, boiled (Papa )","GRAINS",1,568.8838,148.98012229,66.632874617737,31.19266055,0.54434250764526,3.40214067,3.40214067278287,0,1.29969419,0.3396024,0.95565749,0,0,0.126146788990826,0.298165137614679,0.363149847094801,0,0,3.733945,0.267584097859327,29.772171,66.51376,95.9480122,4.88073394495413,0.344036697247706,0.0421207951070336,0,114.678899082569,0,NA,0,0.244648318042813,0.073394495412844,0.00917431192660551,0.206422018348624,0.0137614678899083,3.05810397553517,0,"LS06","Recipe"
1,"011019","Soft porridge from white maize meal, boiled (Lesheleshele)","GRAINS",1,291.5675,75.2318339,82.7470588235294,16.297577855,0.197093425605536,1.23183391,1.2318339100346,0,0.47058824,0.2598616,0.34602076,0,0,0.0456747404844291,0.107958477508651,0.131487889273356,0,5.00346020761246,7.567474,0.273356401384083,12.460208,25.0692,52.5951557,5.1280276816609,0.124567474048443,0.0246782006920415,0,41.522491349481,0,NA,0,0.0885813148788927,0.0268858131487889,0.0042560553633218,0.0809688581314879,0.00498269896193772,1.10726643598616,0,"LS06","Recipe"
1,"011020","Hard porridge from yellow maize meal, boiled (Papa)","GRAINS",1,568.8838,148.98012229,66.632874617737,31.19266055,0.54434250764526,3.40214067,3.40214067278287,0,1.29969419,0.3396024,0.95565749,0,0,0.126146788990826,0.298165137614679,0.363149847094801,0,0,3.733945,0.267584097859327,29.772171,66.51376,95.9480122,4.88073394495413,0.344036697247706,0.0421207951070336,0,114.678899082569,18.7308868501529,NA,0,0.244648318042813,0.073394495412844,0.00917431192660551,0.206422018348624,0.0137614678899083,3.05810397553517,0,"LS06","Recipe"
2,"011021","Popped corn, plain, salted","GRAINS",1,2506.7,587.090909092,0.9,44.272727273,0.99,6.2,6.2,0,NA,2,42.8,0,0,4.3,14.5,19.7,43.2727272727273,1.04761904761905,10,1.1,81,170,220,4,1.7,NA,NA,0.01,NA,230,NA,11.03,0.18,0.11,1,0.2,9,0,"LS06","GB6"
1,"011022","Rice, white, raw","GRAINS",1,1450.09,338.08,13.29,76.35,1.09243700980938,6.5,6.5,0,2.8,0.54,0.52,0,0,0.14,0.161,0.138,NA,NA,3,4.23,23,95,76,1,1.1,0.21,15.1,1.037,NA,NA,0,0.1,0.565,0.048,4.113,0.171,6,0,"LS06","US18"
1,"011023","Rice, white, boiled","GRAINS",1,526.39,124.07,68.53,27.73,0.396638668176945,2.36,2.36,0,1,0.2,0.19,0,0,0.051,0.058,0.05,NA,NA,1,1.46,8,33,26,0,0.4,0.072,7.5,0.357,NA,NA,0,0,0.164,0.016,1.493,0.059,2,0,"LS06","US18"
1,"011024","Mealie meal and wheat bread (Mochahlama)","GRAINS",1,440.5449,100.66731381,73.5726087103293,20.67817492,0.481521468937823,2.89535619,2.71629573168393,0,1.01452009,0.5475448,0.48590993,0,0,0.0685151703060722,0.0845994435399849,0.169756795210746,18.718398646691,1.88634987467749,15.626103,0.549492756736519,16.185569,40.64158,56.7570227,124.999472540659,0.331160552485849,0.0580738728865184,0.517857183957871,0,1.87008311992009,0,0,0.124360527474686,0.0449380973716797,0.0237968077009831,0.444939526306987,0.0416561014962199,8.80107868312391,0.0238435597789811,"LS06","Recipe"
1,"011030","Sorghum, whole grain, raw","GRAINS",1,1526.21,350.22,9.2,68.33,1.808,11.3,11.3,0,6.3,1.57,3.3,0,0,0.457,0.993,1.37,NA,NA,28,4.4,NA,287,350,6,NA,NA,NA,NA,NA,NA,0,0,0.237,0.142,2.927,NA,NA,0,"LS06","US18"
1,"011025","Sorghum flour","GRAINS",1,1478.37,347.58,11,72.2,1.6592,10.37,10.37,0,4.66,1.57,1.7,0,0,NA,NA,NA,71.4,0.370000004768372,12,5.8,NA,NA,NA,44,2.14,NA,NA,NA,NA,1,0,0,0.18,0.12,0.91,NA,NA,0,"LS06","MALI"
1,"011026","Sorghum porridge, hard (Papa)","GRAINS",1,567.6535,134.693242456,65.7157031419826,27.722819909,0.63708729629854,3.9817956,3.98179560186587,0,1.7893122,0.7135746,0.65275338,0,0,0,0,0,27.4156418489126,0.142069854549378,6.822425,2.2270409345055,1.107377,0,0,19.1095471083569,0.821701310317548,0.00775163834237881,0,0,0,0,0,0,0.0414690380907921,0.0276460253938614,0.209649025903449,0,0,0,"LS06","Recipe"
1,"011027","Sorghum porridge, soft (Lesheleshele)","GRAINS",1,302.145,72.962721386,82.4254638862853,14.038731774,0.294892338917117,1.84307712,1.25990176111178,0.5831754,0.56616608,0.4735262,0.82616509,0.00182242299100064,1.82242299100064e-06,0.353550060254124,0.164018069190058,0.0200466529010071,8.67473343716305,5.31175554501587,28.93704,0.877800407331975,4.012368,16.72073,42.4624557,17.926567488143,0.329251087040782,0.0125504196646911,0.364484598200128,0.728969196400256,7.28969196400256,3.58409854896793,0.00546726897300192,0.025513921874009,0.0155817165730555,0.0248760738271588,0.0827380037914291,0.00295232524542104,0.45560574775016,0.182242299100064,"LS06","Recipe"
1,"011037","Wheat, whole grain, raw","GRAINS",1,1383.25,304.4,12.17,61.74,1.77530019475895,10.35,10.35,0,12.5,1.68,1.56,0,0,0.289,0.178,0.656,61.29,0.41,27,3.21,126,493,397,2,2.63,0.45,NA,4.391,NA,NA,0,1.00999999046326,0.394,0.096,4.8,0.272,41,0,"LS06","US18"
2,"011031","Wheat flour, for brown bread","GRAINS",1,1494.01,317.490909092,14,62.272727273,2.2,12.6,12.6,0,NA,0.47,2,0,0,0.3,0.2,0.9,60.7272727272727,1.61904761904762,130,3.2,80,230,250,4,1.9,0.32,4,1.9,NA,0,NA,0.6,0.39,0.07,4,0.3,51,0,"LS06","GB6"
2,"011032","Wheat flour, for white bread","GRAINS",1,1482.01,332.41818182,14,68.454545455,2.02,11.5,11.5,0,NA,0.47,1.4,0,0,0.2,0.1,0.6,67.1818181818182,1.33333333333333,140,2.1,31,120,130,3,0.9,0.18,3,0.7,NA,0,NA,0.3,0.32,0.03,2,0.15,31,0,"LS06","GB6"
1,"011033","Wheat flour, white, self raising flour","GRAINS",1,1441.89,336.6,10.6,71.5,1.584,9.9,9.9,0,2.7,4.33,1,0,0,0.15,0.09,0.41,NA,NA,338,1.6,19,595,124,1270,0.62,0.11,NA,1,0,NA,0,0.004,0.1,0.03,0.7,0.05,42,0,"LS06","SA91"
2,"011034","Wheat flour, white, for cake, sifted","GRAINS",1,1479.37,321.309090908,14,68.727272727,1.56,8.9,8.9,0,NA,0.39,1.2,0,0,0.2,0.1,0.5,67.5454545454545,1.23809523809524,350,2,20,450,150,360,0.6,0.17,2,6,NA,0,NA,0.3,0.3,0.3,1.5,0.15,19,0,"LS06","BG6"
2,"011035","Wheat flour, whole-wheat meal","GRAINS",1,1478.8,302.963636364,14,58.090909091,2.18,12.7,12.7,0,NA,1.6,2.2,0,0,0.3,0.3,1,NA,NA,38,3.9,120,320,340,3,2.9,0.45,6,3.1,NA,0,NA,1.4,0.47,0.09,5.7,0.5,57,0,"LS06","GB6"
1,"011036","Wheat, bran, crude","GRAINS",1,1133.24,189.29,9.89,21.71,2.46434233613483,15.55,15.55,0,42.8,5.79,4.25,0,0,0.63,0.637,2.212,NA,0.41,73,10.57,611,1013,1182,2,7.27,0.998,77.6,11.5,NA,0,0,1.49000000953674,0.523,0.577,13.578,1.303,79,0,"LS06","US18"
1,"011041","Wheat, sorghum, dried beans, boiled (Likhobe)","GRAINS",1,404.461,89.806083698,73.1730038022814,16.755703422,0.586311787072243,3.66444867,3.66444866920152,0,3.63117871,1.9134981,0.68060837,0,0,0.100998098859316,0.142271863117871,0.346787072243346,5.82604562737643,0.0389733840304183,32.36692,1.2856463878327,23.45057,89.73859,179.7956274,209.885931558935,0.491920152091255,0.193346007604563,0,124.94211026616,0.00285171102661597,0,0,0.165608364112477,0.0616539923954373,0.0238403041825095,0.58328897338403,0.0404372623574144,19.5342205323194,0.285171102661597,"LS06","Recipe"
2,"012001","Bread, brown coated","BREADS",1,1444.9767,202.337209286,22.6209302325581,16.081395349,1.66279069767442,10.3255814,3,7.3255814,2.30232558,3.5418605,10.52325581,0.243604651162791,0.000243604651162791,2.37959302325581,3.10675581395349,3.54448837209302,0,0.697674418604651,42.093023,1.57674418604651,32.813953,172.3488,136.4883721,1144.53488372093,1.1593023255814,0.137906976744186,19.3023255813953,35.3232558139535,38.4872093023256,0,4.61627906976744,3.52820930232558,0.0788372093023256,0.166046511627907,0.57906976744186,0.0431162790697674,20.6976744186047,0,"LS06","Recipe"
1,"012002","Bread, brown, baked","BREADS",1,1026.1,230.8,36.5,44.1,1.4,8.6,8.6,0,6.6,2,2,0,0,0.38,0.18,0.83,NA,0,55,1.5,74,174,222,451,1.4,0.19,4,1.26,0,0,0,0,0.16,0.06,2.6,0.136,42,0,"LS06","SA91"
1,"012003","Bread, brown, steamed","BREADS",1,824.6955,177.34301615,51.7906089988016,34.388510335,1.21507789519556,6.96780695,6.86349275520209,0,0.05719577,0.9640484,1.10197189,0,0,0.165037041072012,0.115922213748774,0.490276718596797,33.0794600322871,1.30201962035495,72.077568,1.80509859461815,44.733631,128.8888,143.708465,259.99019501035,1.05305588844101,0.178744961324763,2.24452554744526,1034.97262773723,0,0,0,0.326832988342957,0.131347641355267,0.0358176271925046,1.37281294258634,0.100582852162545,17.0770236409195,NA,"LS06","Recipe"
1,"012004","Bread, white, baked","BREADS",1,1070.6,249.4,35.4,49.3,1.4,8.5,8.5,0,3.1,2.1,1.8,0,0,0.32,0.15,0.72,NA,0,56,1.2,29,103,138,490,1,0.3,6,0.46,0,NA,0,0,0.15,0.04,1.2,0.072,30,0,"LS06","SA91"
1,"012005","Bread, white, steamed","BREADS",1,818.1588,185.474224732,51.7906089988016,37.755880518,1.11702799869267,6.36861314,6.26429894324,0,0.05719577,0.9640484,0.7751389,0,0,0.110564876348186,0.0614500490249482,0.326860224425319,36.5953906644614,1.14638486400116,77.524785,1.20590478265606,18.04227,68.96939,78.3418673,259.445473363111,0.508334241202746,0.102483930711406,1.69980390020699,381.306651051313,0,0,0,0.163416494171478,0.10846933217126,0.0227443076587864,0.719146965900425,0.0515579039111014,11.6298071685369,0.000817082470857392,"LS06","Recipe"
1,"013003","Macaroni, raw","PASTA",1,1527.34,341.836363636,9.7,68.909090909,2.11,12,12,0,3.2,0.88,1.8,0,0,0.3,0.1,0.8,66.9090909090909,2.0952380952381,25,1.6,53,180,230,11,1.5,0.3,20,0.9,NA,0,NA,0,0.18,0.05,2.9,0.1,23,0,"LS06","GB6"
1,"013002","Macaroni, boiled","PASTA",1,361.51,121.772727272,78.1,16.818181818,2.11,12,12,0,1.8,0.27,0.5,0,0,0.1,0,0.2,16.5454545454545,0.285714285714286,6,0.5,14,42,25,1,0.5,0.09,5,0.3,NA,0,NA,0,0.03,0,0.5,0.01,3,0,"LS06","GB6"
2,"013004","Noodles, egg, raw","PASTA",1,1690.26,382.927272728,9.1,65.181818182,2.12,12.1,12.1,0,NA,1.12,8.2,0.03,3e-05,2.3,3.5,0.9,63.4545454545454,1.80952380952381,28,1.5,43,200,260,180,1.3,0.24,NA,800,NA,0,NA,0.370000004768372,0.26,0.1,2.2,0.1,29,0,"LS06","GB6"
2,"013005","Noodles, egg, boiled","PASTA",1,149.5805,35.887369296,91.5316814159292,5.768302494,0.187610619469027,1.07079646,1.07079646017699,0,0,0.5231858,0.72566372,2.65486725663717,0.00265486725663717,0.20353982300885,0.309734513274336,0.079646017699115,5.61544650040225,0.160134850400337,3.929204,0.133805309734513,4.782301,17.70265,23.3238938,156.46017699115,0.115398230088496,0.0264778761061947,0,70.7964601769911,0,0,0,0.0327433632538382,0.0138053097345133,0.00743362831858407,0.116814159292035,0.00530973451327434,1.28318584070796,0,"LS06","Recipe"
1,"013007","Spaghetti, white, raw","PASTA",1,1525.64,335.654545456,9.8,67.363636364,2.11,12,12,0,3.2,0.88,1.8,0,0,0.2,0.2,0.8,64.3636363636364,3.14285714285714,25,2.1,56,190,250,3,1.5,0.32,17,0.9,NA,0,0,0,0.22,0.03,3.1,0.17,23,0,"LS06","GB6"
1,"013008","Spaghetti, white, boiled","PASTA",1,438.61,103.427272728,73.8,20.181818182,0.63,3.6,3.6,0,1.8,0.27,0.7,0,0,0.1,0.1,0.3,19.7272727272727,0.476190476190476,7,0.5,15,44,45,1,0.5,0.1,5,0.3,NA,0,0,0,0.01,0.01,0.5,0.02,7,0,"LS06","GB6"
2,"013006","Spaghetti bolognaise","PASTA",1,284.4706,66.65828873,85.6458823529412,6.831729055,0.521176470588235,3.14313725,1.21176470588235,1.9313725,0.36470588,0.6639216,2.75098039,0.00588235294117647,5.88235294117647e-06,0.821078431372549,0.878921568627451,0.759411764705882,6.31016042780749,0.484593837535014,5.686275,0.358039215686275,8.690196,35.4549,58.4078431,164.21568627451,0.539019607843137,0.0412941176470588,2.37254901960784,5.57843137254902,0.794117647058823,4.52941176470588,0,0.417647058823529,0.0172941176470588,0.012,0.535294117647059,0.0342352941176471,2.00980392156863,0.509803921568628,"LS06","Recipe"
2,"014004","Cake, madeira","CAKES AND BISCUITS",1,1638.2,369.863636364,20.2,53.090909091,0.94,5.4,5.4,0,NA,1.2,15.1,NA,NA,8.4,3.8,1.6,19.9090909090909,34.7619047619048,42,1.1,12,120,120,380,0.5,0.1,NA,NA,NA,NA,NA,0.86,0.06,0.11,0.5,NA,NA,0,"LS06","GB6"
2,"014005","Cake, sponge","CAKES AND BISCUITS",1,1557.5,280.027272728,15.2,48.181818182,1.05,6.3,6.3,0,NA,1.3,6.9,0.112,0.000112,5.8,8.9,10.9,NA,NA,69,1.3,10,156,83,326,0.6,0.11,4,200,NA,100,NA,9.7,0.09,0.12,0.5,0.06,10,0,"LS06","GB6"
2,"014006","Fat cakes, homemade, brown","CAKES AND BISCUITS",1,2540.4149,606.728956722,17.7783984041037,17.998069898,0.635691080079795,3.64534055,3.59076660017099,0,0.02992306,0.5023083,57.57281277,0,0,7.2963736107153,10.6448589341693,36.8595183813052,17.3061478276639,0.688243835579259,37.514962,0.936848104873183,23.369051,67.38729,74.4063836,135.95269307495,0.550926189797663,0.0934226275292106,1.17426617269877,541.465588486748,1.70988885722428,0,0,22.5249358791679,0.0687033342832716,0.0186976346537475,0.717939583927045,0.0526218295810772,8.93416927899687,0.00042747221430607,"LS06","Recipe"
1,"014007","Fat cakes, homemade, white","CAKES AND BISCUITS",1,2536.8983,610.954682756,17.7820461669991,19.752706029,0.584394414363066,3.33186093,3.27728697634654,0,0.02992306,0.5043602,57.40182388,0,0,7.2678754630949,10.6163607865489,36.774023938444,19.1455737195264,0.599753016053956,40.558564,0.630891992020519,9.439156,36.08264,40.9860359,135.733827301225,0.265944713593616,0.0536164149330294,0.889284696494728,199.487817041892,1.70988885722428,0,0,22.4394414363066,0.0567477913935594,0.0118991165574238,0.376235394699344,0.026973496722713,6.0843545169564,0.00042747221430607,"LS06","Recipe"
2,"014009","Scones, plain","CAKES AND BISCUITS",1,1327.8062,315.634146364,32.659891598916,43.046070461,0.169376693766938,6.49051491,5.36585365853659,1.1246612,1.46341463,3.5555556,12.83197832,0.00338753387533875,3.38753387533875e-06,3.30216802168022,6.04471544715447,2.60907859078591,0,4.23848238482385,226.01626,0.995257452574526,15.420054,352.4864,128.1504065,1179.33604336043,0.465447154471545,0.0651761517615176,0.677506775067751,543.360433604336,115.176151761518,6.43631436314363,0.687669376693767,2.08211382113821,0.052059620596206,0.0605826558265583,0.397764227642276,0.0271849593495935,12.2289972899729,0.338753387533875,"LS06","Recipe"
1,"015001","Breakfast cereal, all bran flakes","BREAKFAST CEREALS",1,1402,294.5,3,57.5,2.06,12.7,12.7,0,19,6,1.3,0,0,0.22,0.17,0.68,46.9,10.6,50,14,182,480,498,804,4,1,4,NA,0,0,2.8,2.2,1.33,1.59,17.7,1.8,250,0,"LS06","SA91"
1,"015002","Breakfast cereal, plain corn flakes","BREAKFAST CEREALS",1,1590.49,366.2,3,82.9,1.26,7.7,7.7,0,3.3,1.93,0.2,0,0,0.03,0.06,0.1,76.6,6.3,11,12,13,51,106,1211,0.2,0.03,5,0.08,0,0,2.8,0.4,1.33,1.59,17.7,1.8,250,0,"LS06","SA91"
1,"015003","Breakfast cereal, rice crispies","BREAKFAST CEREALS",1,1602.26,377.4,3,86.8,1.03,6.6,6.6,0,0.5,2.72,0.2,0,0,0.05,0.04,0.04,78.3,8.5,11,11,37,141,100,1323,2,0.25,2,0.99,0,0,2.8,0.6,1.33,1.59,17.7,1.8,250,0,"LS06","SA91"
1,"015004","Breakfast cereal, weetbix","BREAKFAST CEREALS",1,1378.1,320.1,9,63.2,1.8,11.6,11.6,0,12.1,6,2.1,0,0,0.27,0.31,0.94,57,6.2,34,5.8,116,280,357,165,1.93,0.52,2,NA,0,0,0,1,0.68,0.97,9.7,0.213,48,0,"LS06","SA91"
1,"020010","Beef, fatty, raw","MEAT, POULTRY, FISH AND THEIR PRODUCTS",1,856.9,206.6,65.4,0,3.08,19.2,0,19.2,0,0.9,14.2,0.076,7.6e-05,5.95,5.29,0.64,0,0,13,0.7,19,164,274,85,3.42,0.32,8.6,17,0,0,0.62,0.16,0.13,0.08,5.4,0.212,10,0,"LS06","SA99"
1,"020011","Beef, fatty, boiled","MEAT, POULTRY, FISH AND THEIR PRODUCTS",1,1189.3,287.6,50.3,0,4.37,27.3,0,27.3,0,2.8,19.6,0.082,8.2e-05,9.11,8.6,0.24,0,0,15,2.8,23,165,277,93,4.9,0.15,3,23,0,0,NA,0.08,0.09,0.12,4.2,0.383,14,0,"LS06","SA99"
2,"020002","Beef and pork, sausage/boerwors, grilled/braai (Mmeso)","MEAT, POULTRY, FISH AND THEIR PRODUCTS",1,1159.2927,279.9591837,57.0103896103896,0,2.76924860853432,17.26808905,0.00927643784786642,17.2588126,0,2.1013915,23.2096475,0.0737012987012987,7.37012987012987e-05,8.73562152133581,9.95408163265306,2.03571428571429,0,0.0139146567717996,15.292208,0.73821892393321,17.797774,165.1308,271.8961039,538.404452690167,2.64805194805195,0.21,16.4935064935065,15.6771799628943,1.11317254174397,0,0.716141001855288,0.177365491651206,0.261595547309833,0.116883116883117,3.80333951762523,0.188719851576994,7.28200371057514,0,"LS06","Recipe"
1,"020024","Beef, liver, raw","MEAT, POULTRY, FISH AND THEIR PRODUCTS",1,582.9,140.3,69,5.8,3.2,20,0,20,0,1.3,3.9,0.354,0.000354,1.5,0.51,0.84,5.8,0,6,6.8,19,318,323,73,3.92,3.34,41.3,264,10503,1119,1.1,0.67,0.26,2.78,12.8,0.94,248,22,"LS06","SA99"
1,"020003","Beef, liver, boiled","MEAT, POULTRY, FISH AND THEIR PRODUCTS",1,478.76,113.15,76.46,0,2.7072,16.92,NA,NA,0,1.06,4.83,0.345,0.000345,1.563,1.249,0.819,NA,0,8,8.99,19,297,230,71,2.67,0.492,54.6,0.255,NA,NA,NA,0.7,0.305,1.778,9.728,0.853,588,17.9,"LS06","Recipe"
1,"020040","Beef, liver, fried","MEAT, POULTRY, FISH AND THEIR PRODUCTS",1,882.5,212.4,55.7,7.9,4.28,26.7,0,26.7,0,1.8,8,0.482,0.000482,2.67,1.62,1.71,7.9,0,11,6.3,23,461,364,106,5.54,4.47,57,423,10729,1143,1.55,0.64,0.21,4.14,14.4,1.43,220,23,"LS06","SA99"
2,"020007","Beef, meat, roasted","MEAT, POULTRY, FISH AND THEIR PRODUCTS",1,887.7932,214.08070621,63.9606557377049,0,3.10718789407314,19.36948298,0,19.369483,0,1.4113493,14.95586381,0.0766708701134931,7.66708701134931e-05,6.08228247162673,5.45378310214376,1.05056746532156,0,0,13.165195,0.707692307692308,19.551072,165.4527,276.8675914,283.984867591425,3.45069356872636,0.323228247162673,8.67591424968474,17.1500630517024,0.0189155107187894,0,0.62547288776797,0.326960907944514,0.104918032786885,0.0686002522068096,4.35813366960908,0.17109709962169,10.0882723833544,0,"LS06","Recipe"
2,"020008","Beef, sausage, grilled/braai (Mmeso)","MEAT, POULTRY, FISH AND THEIR PRODUCTS",1,861.0934,207.645496172,64.6062110484268,0.004934308,3.04010919692552,18.95103101,0.0032895384498883,18.9477415,0,1.7113824,14.4246261,0.0750014766574533,7.50014766574533e-05,5.92384195978948,5.29685593124077,0.895659081443338,0,0.00493430767483246,13.034796,0.69738215137632,19.556306,162.1167,271.8639052,407.244860096172,3.37671121881034,0.316782552724244,8.49523304683654,16.8588845556776,0.0123357691870811,0,0.611854151679225,0.25533397448033,0.102633599636515,0.0697382151376321,4.26324183105524,0.167371716330317,9.86861534966491,0,"LS06","Recipe"
1,"020016","Beef, mince savoury onion, tomato, green sweet pepper","MEAT, POULTRY, FISH AND THEIR PRODUCTS",1,686.703,162.841961832,70.2697547683924,1.501362398,2.18010899182561,13.73841962,0.318801089918256,13.4196185,0.42234332,2.1689373,11.09809264,0.0408719346049046,4.08719346049046e-05,4.71008174386921,4.70926430517711,0.36566757493188,0,1.28882833787466,10.899183,1.05313351498638,16.594005,118.515,255.9809264,592.506811989101,2.72697547683924,0.0316076294277929,4.92643051771117,34.3324250681199,10.6267029972752,62.9427792915531,0,0.27574931880109,0.0433787465940055,0.0845776566757493,3.36348773841962,0.229100817438692,14.6049046321526,5.94005449591281,"LS06","Recipe"
1,"020014","Beef, mince, fatty, raw","MEAT, POULTRY, FISH AND THEIR PRODUCTS",1,954.7,226.6,62,0,3.15,19.7,0,19.7,0,0.9,16.2,0.06,6e-05,6.9,6.9,0.5,0,0,9,1.4,17,160,260,80,3.9,0,7,0,NA,0,NA,0.17,0.06,0.13,5.8,0.37,14,0,"LS06","GB6"
1,"020015","Beef, mince, fatty, boiled","MEAT, POULTRY, FISH AND THEIR PRODUCTS",1,859.9,210.7,64.4,0,3.49,21.8,0,21.8,0,0.9,13.5,0.079,7.9e-05,5.7,5.7,0.6,0,0,20,2.7,15,150,210,73,5,0.1,7,0.02,NA,25,NA,0.34,0.03,0.19,4.6,0.28,17,0,"LS06","GB6"
1,"020021","Beef, meat, very fat, boiled","MEAT, POULTRY, FISH AND THEIR PRODUCTS",1,2170.04,534.7,33.6,0,2.48,15.5,0,15.5,0,0.28,52.3,0.097,9.7e-05,24.3,23.4,1.8,0,0,6,1,12,110,200,35,1.5,0.01,3,10,0,0,NA,0.08,0.05,0.18,1.6,0.23,26,0,"LS06","GB6"
2,"020022","Beef, meat, stewed with vegetables","MEAT, POULTRY, FISH AND THEIR PRODUCTS",1,727.2526,175.133876578,69.5778036476523,1.185098952,2.41753977493209,15.07566938,0.174621653084983,14.9010477,0.34070625,1.5917734,12.01008925,0.0589833139309274,5.89833139309274e-05,4.74375242530074,4.28826154443151,1.12747380675204,0.0124175397749321,0.978657353511835,14.326737,0.630190143577804,17.516492,132.5728,255.2813349,373.899883585565,2.70834303453628,0.264610011641444,6.80325960419092,39.1152502910361,204.235545207606,1225.05238649593,0.481179666278619,0.581024447031432,0.0644004656577415,0.0471711292200233,2.57462165308498,0.109336437718277,4.81955762514552,1.90919674039581,"LS06","Recipe"
1,"020106","Beef, heart, raw","MEAT, POULTRY, FISH AND THEIR PRODUCTS",1,449.23,108.9,77.11,0.14,2.8352,17.72,0,17.72,0,1.1,3.94,0.124,0.000124,1.383,1.137,0.546,0.1,0,7,4.31,21,212,282,98,1.7,0.396,21.8,0.035,NA,0,NA,0.22,0.238,0.906,7.53,0.279,3,2,"LS06","US18"
1,"020025","Beef, heart, boiled","MEAT, POULTRY, FISH AND THEIR PRODUCTS",1,703.6,167.6,64.1,0,4.61,28.8,0,28.8,0,1.1,5.6,0.193,0.000193,1.68,1.25,1.37,0,0,6,7.5,25,250,233,63,3.13,0.74,3,59,0,0,NA,0.72,0.14,1.54,4.1,0.21,2,2,"LS06","SA99"
1,"020023","Beef, kidney, raw","MEAT, POULTRY, FISH AND THEIR PRODUCTS",1,434.3,96.3,77,0,2.65,16.6,0,16.6,0,1.1,3.1,0.285,0.000285,0.97,0.66,0.67,0,0,6,7.4,17,210,257,179,1.85,0.47,148.8,102,264,624,NA,0.2,0.38,2.55,8,0.51,80,9,"LS06","SA99"
1,"020026","Beef, kidney, boiled","MEAT, POULTRY, FISH AND THEIR PRODUCTS",1,576.3,134.6,68.8,0,4.08,25.5,0,25.5,0,1.3,3.4,0.387,0.000387,1.09,0.74,0.74,0,0,17,7.3,18,306,179,134,4.22,0.68,210,185,373,883,NA,0.18,0.19,4.06,6,0.52,98,1,"LS06","SA99"
1,"020043","Beef, tripe, raw","MEAT, POULTRY, FISH AND THEIR PRODUCTS",1,389.4,96.4,81.4,0,2.33,14.6,0,14.6,0,0.4,4,0.095,9.5e-05,2.03,1.31,0.07,0,0,9,2,8,79,270,46,2.47,0.09,NA,10,0,0,0,0.08,0.01,0.17,0.1,0.04,2,3,"LS06","SA99"
1,"020030","Beef, tripe, boiled","MEAT, POULTRY, FISH AND THEIR PRODUCTS",1,125.209,32.35369771,92.3344051446945,0,0.7491961414791,4.69453376,0,4.6945338,0,1.8135048,1.28617363,0.0305466237942122,3.05466237942122e-05,0.652733118971061,0.421221864951768,0.022508038585209,0,0,4.662379,0.647909967845659,4.598071,25.41801,88.2475884,648.231511254019,0.795819935691318,0.0358520900321543,0,3.21543408360129,0,0,0,0.0257234726688103,0.00192926045016077,0.042443729903537,0.0192926045016077,0.00771704180064309,0.321543408360129,0.964630225080386,"LS06","Recipe"
1,"020031","Blood, pork, boiled with fat","MEAT, POULTRY, FISH AND THEIR PRODUCTS",1,328.56,74.09,79.76,0.08,2.8752,17.97,0,17.97,NA,1.16,0.21,0.04,4e-05,NA,NA,NA,NA,NA,6.333,30.647,10.225,51,175.267,205,0.36,0.12,0.014,0.056,27,NA,0.1,NA,NA,0.03,1.5,0.01,NA,0.105,"LS06","SK"
1,"020034","Chicken, meat and skin, raw","MEAT, POULTRY, FISH AND THEIR PRODUCTS",1,462,118.3,74.9,0,3.68,23,0,23,0,1.1,2.7,0.041,4.1e-05,0.75,1.05,0.68,0,0,14,1.1,28,224,309,43,0.74,0.06,12,90,8,0,0.2,0.13,0.13,0.08,5.7,0.061,1,1,"LS06","SA99"
1,"020050","Chicken, meat and skin, boiled","MEAT, POULTRY, FISH AND THEIR PRODUCTS",1,921.8,222.6,59.6,0,4.29,26.8,0,26.8,0,1,12.6,0.086,8.6e-05,3.52,5.47,2.92,0,0,11,0.8,23,184,234,56,1.78,0.09,14.6,18,12,0,0.46,0.42,0.08,0.15,10.3,0.173,6,0,"LS06","SA99"
1,"020046","Chicken, meat and skin, stewed with vegetable","MEAT, POULTRY, FISH AND THEIR PRODUCTS",1,685.3516,165.538293178,68.8730853391685,0.555069292,3.14237782640408,19.63311451,0.0853391684901532,19.5477753,0.18307805,1.5368344,9.19839533,0.062727935813275,6.2727935813275e-05,2.56878191101386,3.990882567469,2.13304157549234,0.0087527352297593,0.480671043034282,10.401167,0.62873814733771,18.533917,136.674,192.5966448,329.387308533917,1.32582056892779,0.0734865061998541,10.7177242888403,24.507658643326,152.122538293217,860.131291028446,0.335521517140773,0.347921225382932,0.0368927789934355,0.0734792122538293,4.54048140043764,0.080437636761488,2.69146608315098,0.889861415025529,"LS06","Recipe"
2,"020037","Chicken, white meat, raw","MEAT, POULTRY, FISH AND THEIR PRODUCTS",1,462,118.3,74.9,0,3.68,23,0,23,0,1.1,2.7,0.041,4.1e-05,0.75,1.05,0.68,0,0,14,1.1,28,224,309,43,0.74,0.06,12,90,8,0,0.2,0.13,0.13,0.08,5.7,0.61,1,1,"LS06","SA99"
2,"020051","Chicken, white meat, boiled","MEAT, POULTRY, FISH AND THEIR PRODUCTS",1,614.1,153.3,67.6,0,4.57,28.6,NA,NA,0,1.1,4.1,0.052,5.2e-05,1.2,1.67,0.94,0,0,8,0.5,26,207,259,46,0.88,0.06,13,10,8,0,0.1,0.27,0.06,0.1,5.7,0.16,2,0,"LS06","SA99"
2,"020035","Chicken curry, boiled","MEAT, POULTRY, FISH AND THEIR PRODUCTS",1,432.8402,109.60480596,77.4578558225508,0.78336414,2.72839186691312,17.1702403,0.164695009242144,17.0055453,0.21719039,1.6444547,3.9767098,0.031,3.1e-05,0.799870609981516,1.16449168207024,1.73846580406654,0,0.281700554528651,16.820702,1.12051756007394,24.735675,170.9076,253.0147874,324.251386321627,0.60090573012939,0.0607763401109057,8.91756007393715,116.136783733826,5.97042513863216,0,0.147874306839187,0.821072088724584,0.0598558225508318,0.0417449168207024,2.55072088724584,0.0302550831792976,0.414048059149723,1.10720887245841,"LS06","Recipe"
2,"20036","Chicken, drumsticks, fried in sunflower oil","MEAT, POULTRY, FISH AND THEIR PRODUCTS",0.63,794.68,185.1,63,0,4.14,25.8,0,25.8,NA,0.96,9.1,0.135,0.000135,0.3,0.3,0.2,NA,NA,15,1,25,210,280,130,2.3,0.09,17,20,NA,0,NA,0.21,0.09,0.09,5.5,0.19,12,0,"LS06",NA
2,"020028","Chicken, feet, raw","MEAT, POULTRY, FISH AND THEIR PRODUCTS",0.65,844.4,202.9,55.7,0,3.25,20.3,0,20.3,0.9,9.8,13.3,NA,NA,3.98,5.95,2.79,0,0,NA,NA,NA,NA,NA,NA,NA,NA,NA,NA,NA,NA,NA,NA,NA,NA,NA,NA,NA,NA,"LS06","SA99"
2,"020038","Chicken, feet, boiled","MEAT, POULTRY, FISH AND THEIR PRODUCTS",0.65,273.0496,66.96406551,84.6259256897698,0,1.05093684814589,6.56431324,0,6.5643132,0.29102867,4.2179755,4.30075695,0,0,1.28699343249866,1.92402284506709,0.902188863485239,0,0,1.713835,0.002910286656404,1.545686,0.009700956,0.863385,382.864377909148,0.000970095552134666,0.00643496716249328,0,0,0,0,0,0,0,0.00582057331280799,0,0,0,0,"LS06","Recipe"
1,"020108","Chicken, giblets, raw","MEAT, POULTRY, FISH AND THEIR PRODUCTS",1,499.78,120.95,74.87,1.8,2.8608,17.88,0,17.8,0,0.99,4.47,0.262,0.000262,1.36,1.12,1.09,1.8,0,10,5.86,18,197,228,77,3.32,0.243,0.149,55.2,NA,NA,NA,NA,0.088,0.987,6.662,0.42,345,16.2,"LS06","US18"
1,"020039","Chicken, giblets, boiled","MEAT, POULTRY, FISH AND THEIR PRODUCTS",1,631.5,148.8,67.6,0,4.14,25.9,0,25.9,0,0.9,4.8,0.393,0.000393,1.49,1.19,1.08,0,0,12,6.4,20,229,158,58,4.57,0.26,NA,170,2229,NA,NA,1.3,0.09,0.95,4.1,0.34,376,8,"LS06","SA99"
2,"020041","Chicken, heads, raw","MEAT, POULTRY, FISH AND THEIR PRODUCTS",1,522.5,122.6,73.1,0,2.16,13.5,0,13.5,2.4,3.6,7.4,NA,NA,2.21,3.31,1.55,0,0,NA,NA,NA,NA,NA,NA,NA,NA,NA,NA,NA,NA,NA,NA,NA,NA,NA,NA,NA,NA,"LS06","SA99"
2,"020042","Chicken, heads, boiled","MEAT, POULTRY, FISH AND THEIR PRODUCTS",0.6,168.9583,40.99784116,90.2524798921509,0,0.698468797536959,4.36542998,0,4.36543,0.77607644,2.2131113,2.39290236,0,0,0.714637056739204,1.07033875918858,0.501216035269577,0,0,1.713835,0.002910286656404,1.545686,0.009700956,0.863385,382.864377909148,0.000970095552134666,0.00643496716249328,0,0,0,0,0,0,0,0.00582057331280799,0,0,0,0,"LS06","Recipe"
2,"020029","Chicken, heads and feet, boiled","MEAT, POULTRY, FISH AND THEIR PRODUCTS",0.6,221.3174,54.05468517,87.5829741625049,0,0.875943536065312,5.4726232,0,5.4726232,0.53430937,3.0585163,3.35157693,0,0,1.00223484071059,1.49930446284007,0.702697772000639,0,0,1.700075,0.00242867893548608,1.424825,0.008095596,0.7205081,319.776059839,0.000809559645162026,0.0063145652322638,0,0,0,0,0,0,0,0.00485735787097216,0,0,0,0,"LS06","Recipe"
1,"020044","Chicken, liver, raw","MEAT, POULTRY, FISH AND THEIR PRODUCTS",1,478.76,113.15,76.46,0,2.7072,16.92,NA,NA,0,1.06,4.83,0.345,0.000345,1.563,1.249,0.819,NA,0,8,8.99,19,297,230,71,2.67,0.492,54.6,0.255,NA,NA,NA,0.7,0.305,1.778,9.728,0.853,588,17.9,"LS06","US18"
1,"020045","Chicken, liver, boiled","MEAT, POULTRY, FISH AND THEIR PRODUCTS",1,631.9,152.7,68.3,0.9,3.9,24.4,0,24.4,0,1,5.5,0.631,0.000631,1.84,1.34,0.9,0.9,0,14,8.5,21,312,140,51,4.34,0.37,36.9,297,4913,0,1.79,1.44,0.15,1.75,4.5,0.58,770,16,"LS06","SA99"
2,"020048","Chicken, wings, fried in sunflower oil","MEAT, POULTRY, FISH AND THEIR PRODUCTS",1,1303.52,315.04,48.62,2.29,4.1776,26.11,0,26.11,0.1,0.72,22.16,0.081,8.1e-05,6.06,8.89,4.95,NA,NA,15,1.25,19,150,177,77,1.76,0.061,0.028,21.3,NA,NA,NA,NA,0.058,0.137,6.697,NA,NA,0,"LS06","US18"
2,"020058","Goat, meat, raw","MEAT, POULTRY, FISH AND THEIR PRODUCTS",1,438.9,105.19,75.8,0,3.3,20.6,0,20.6,0,1.1,2.31,0.057,5.7e-05,0.71,1.03,0.17,0,0,13,2.8,0,180,385,82,4,0.26,NA,38,0,NA,NA,0.04,0.11,0.49,3.8,0,5,0,"LS06","SA99"
2,"020059","Goat, meat, roasted","MEAT, POULTRY, FISH AND THEIR PRODUCTS",1,575.1,137.4,68.2,0,4.34,27.1,NA,NA,0,1.5,3,0.075,7.5e-05,0.93,1.36,0.23,0,0,17,3.7,0,201,405,86,5.27,0.3,NA,42,0,NA,NA,0.05,0.09,0.61,4,0,5,0,"LS06","SA99"
2,"020070","Mutton, meat, raw","MEAT, POULTRY, FISH AND THEIR PRODUCTS",1,1084.8,264,60.7,0,2.7,16.9,0,16.9,0,0.9,21.6,0.072,7.2e-05,9.47,8.86,1.7,0,0,12,1.6,22,160,230,58,3.33,0.1,2.7,19,0,0,0.53,0.21,0.12,0.22,6.1,0.13,18,0,"LS06","SA99"
2,"020066","Mutton curry","MEAT, POULTRY, FISH AND THEIR PRODUCTS",1,748.1169,182.227944106,72.1530938123752,0.845908184,1.62487025948104,10.29760479,0.177844311377246,10.1197605,0.23453094,1.4484032,15.07265469,0.0431137724550898,4.31137724550898e-05,5.93558882235529,5.72453093812375,2.35231536926148,0,0.304191616766467,14.411178,1.28982035928144,17.648703,101.519,164.2335329,350.778443113772,2.05207584830339,0.0784431137724551,1.66546906187625,64.9301397205589,0.0598802395209581,0,0.317365269461078,0.908582834331337,0.0454730538922156,0.0857964071856287,2.21544910179641,0.0501556886227545,5.43712574850299,0.397205588822355,"LS06","Recipe"
2,"020069","Mutton, mince, boiled","MEAT, POULTRY, FISH AND THEIR PRODUCTS",1,1138.6,278.5,55.1,0,3.96,24.8,0,24.8,0,1.1,19.7,0.097,9.7e-05,8.12,8.32,1.4,0,0,22,1.8,24,201,339,81,4.67,0.13,3.6,24,0,0,0.6,0.25,0.1,0.25,6.7,0.14,19,0,"LS06","SA99"
2,"020075","Mutton, stewed with vegetables","MEAT, POULTRY, FISH AND THEIR PRODUCTS",1,637.1078,161.485396428,85.0131736526946,1.517385257,1.44047287899861,9.0132128,0.148817802503477,8.8143255,0.17385257,1.2496523,13.0403338,0.0375521557719054,3.75521557719054e-05,5.17034075104312,4.9442628650904,2.02426981919332,1.11265646731572,0.296244784422809,10.639777,0.93115438108484,14.005563,89.0751,165.3616134,306.954102920723,1.77892906815021,0.0705146036161335,1.53755215577191,37.6564673157163,0.1,1040.77885952712,0.276425591098748,0.842280945757997,0.0499860917941586,0.0741863699582754,1.9798331015299,0.0596244784422809,5.34075104311544,2.76773296244784,"LS06","Recipe"
1,"020090","Offals, chicken, raw (liver, giblets)","MEAT, POULTRY, FISH AND THEIR PRODUCTS",1,555.13,130.975,72.03,0,2.07,21.41,0,12.95,0,0.98,4.815,0.369,0.000369,1.5265,1.2195,0.9495,0,0,10,7.695,19.5,263,194,64.5,3.62,0.376,27.3,85.1275,1114.5,0,0,1,0.1185,0.8184,4.1484,0.3579,241,12.95,"LS06","Recipe"
1,"020091","Offals, beef, raw (heart, kidney, liver and tripe)","MEAT, POULTRY, FISH AND THEIR PRODUCTS",1,473.4686,113.850000024,75.73,2.091428571,2.35357142857143,17.26,0,17.26,0,0.9214286,3.82714286,0.218785714285714,0.000218785714285714,1.59685714285714,0.906714285714286,0.498714285714286,2.08571428571429,0,7.214286,4.81571428571429,15.071429,202.0714,288.7857143,82.0714285714286,2.78928571428571,1.34871428571429,39.1214285714286,112.433571428571,3788.78571428571,488.785714285714,0.392857142857143,0.327857142857143,0.110828571428571,0.928371428571429,4.09542857142857,0.277628571428571,50.5714285714286,10.5,"LS06","Recipe"
1,"020092","Offals, beef, boiled","MEAT, POULTRY, FISH AND THEIR PRODUCTS",1,211.0254,54.264389568,87.9263552772607,0.977266317,1.09975837235103,8.06511724,0,8.0651172,0,1.7642861,1.78831726,0.102232470243132,0.000102232470243132,0.746166864105602,0.423682330155507,0.233035294560087,0.974596190368741,0,16.788421,2.25225174404393,14.225099,94.42903,135.5356236,314.040258739023,1.30402305334612,0.677477858633723,18.2803538857863,52.5370762114289,1770.39403170305,228.395949681277,0.183571200240687,0.153198510746319,0.051787104416991,0.437807299599481,1.91367969763637,0.129728098381001,23.6306199582558,4.90635753370565,"LS06","Recipe"
2,"020083","Offals, chicken, boiled (giblets and liver)","MEAT, POULTRY, FISH AND THEIR PRODUCTS",1,545.9033,132.742980276,74.217840539046,0.981526614,1.41776066520573,15.36997972,0,15.3408975,0,2.2109796,7.25966166,0.324630839494542,0.000324630839494542,1.62315419747271,1.56935199787003,3.05800069633604,0.981526614373195,0,9.597149,5.22462981547095,15.646261,185.0505,135.0726033,618.725295430807,2.7860814713171,0.226550883732361,13.4683627910787,128.034693919348,1786.12396829623,0,0.650715792491859,1.94923915047003,0.0519118520490712,0.60571097958097,2.43462223769636,0.218117025416266,202.66706944928,11.7056136973396,"LS06","Recipe"
1,"020079","Offals, sheep, raw (kidney, lung, liver)","MEAT, POULTRY, FISH AND THEIR PRODUCTS",1,457.25,110.30000003,76.1583333333333,0.75,1.77833333333333,18.075,0,18.075,0,1.2583333,3.66666667,0.21075,0.00021075,1.34583333333333,0.821666666666667,0.55,0.75,0,9.25,6.81666666666667,16.583333,283.9167,275.75,120.583333333333,3.065,3.08916666666667,62.8583333333333,96.34125,3095,10,0.195833333333333,0.361666666666667,0.159,1.19075,5.806,0.2745,52.75,20.1666666666667,"LS06","Recipe"
1,"020078","Offals, sheep, boiled","MEAT, POULTRY, FISH AND THEIR PRODUCTS",1,183.6647,48.070380122,89.0793772842564,0.319046953,0.756495775998083,7.68903158,0,7.6890316,0,1.9518584,1.55978511,0.0896521938846838,8.96521938846838e-05,0.572512032913263,0.349533662199676,0.233967765772603,0.319046953326277,0,18.185676,2.90190928880989,14.68325,120.7841,117.9339338,344.10986399313,1.30454754248967,1.36431567174612,26.7396796548901,40.9831763895269,1316.6004273931,4.25395937768369,0.0833067044796389,0.153851530826227,0.0676379541051707,0.510794172275369,2.46984881468315,0.116771184917417,22.4396357172815,8.57881807832877,"LS06","Recipe"
1,"020085","Polony, cooked, retail","MEAT, POULTRY, FISH AND THEIR PRODUCTS",1,1291.9,314.7,54.3,2.8,1.87,11.7,0,11.7,0,3,28.3,0.055,5.5e-05,10.7,13.39,2.4,2.8,0,12,1.5,11,91,180,1019,1.94,0.08,11.3,39,0,0,0,0.22,0.17,0.14,2.6,0.18,5,0,"LS06","SA99"
2,"020094","Pork, bacon, fatty, pan-fried","MEAT, POULTRY, FISH AND THEIR PRODUCTS",1,2349.1,566.8,12.9,0,4.87,30.5,0,30.5,0,6.8,49.2,0.085,8.5e-05,17.42,23.69,5.81,0,0,12,1.6,24,336,486,1596,3.26,0.17,24.7,41,NA,0,0,0.54,0.69,0.29,7.3,0.27,5,0,"LS06","SA99"
1,"020096","Pork, fatty , raw","MEAT, POULTRY, FISH AND THEIR PRODUCTS",1,1543.5,373.5,49.8,0,2.23,13.9,0,13.9,0,0.7,35.1,0.074,7.4e-05,12.44,15.93,3.8,0,0,19,0.7,13,155,253,42,1.59,0.06,28.4,11,3,0,1,0.29,0.6,0.21,3.8,0.284,4,0,"LS06","SA99"
1,"020097","Pork, fatty, boiled","MEAT, POULTRY, FISH AND THEIR PRODUCTS",1,2130.31,514.9,33.1,0,2.27,14.2,0,14.2,NA,1.47,50.9,0.098,9.8e-05,17.9,21.5,8.9,0,0,10,0.6,14,140,240,69,0.9,0.05,9,0,NA,0,NA,0.05,0.37,0.16,3.8,0.16,2,0,"LS06","GB6"
2,"020099","Pork, ham, sliced, regular","MEAT, POULTRY, FISH AND THEIR PRODUCTS",1,530.1,128.6,70.5,1,3.1,19.4,0,19.4,0,4.2,5,0.047,4.7e-05,1.62,2.35,0.48,0,1,7,0.8,17,218,350,1429,1.93,0.07,16.2,33,0,0,0,0.29,0.93,0.22,4.8,0.46,4,0,"LS06","SA99"
2,"020104","Pork, sausage, grilled","MEAT, POULTRY, FISH AND THEIR PRODUCTS",1,1504.6,365.6,44.6,1,3.14,19.7,0,19.7,0,3.6,31.2,0.083,8.3e-05,10.81,13.9,3.81,0.8,0.2,32,1.3,17,184,361,1294,2.5,0.14,18.2,71,0,0,1.13,0.16,0.74,0.25,4.5,0.33,2,2,"LS06","SA99"
1,"020076","Sheep, kidney, raw","MEAT, POULTRY, FISH AND THEIR PRODUCTS",1,391.5,91.8,79.2,0,2.52,15.7,0,15.7,0,1.3,3,0.337,0.000337,1,0.63,0.55,0,0,13,6.4,17,246,277,156,2.24,0.45,126.9,118,95,0,NA,0.37,0.62,2.24,7.5,0.22,28,11,"LS06","SA99"
1,"020107","Sheep, lung, raw","MEAT, POULTRY, FISH AND THEIR PRODUCTS",1,378.4,92.2,79.7,0,2.672,16.7,0,16.7,0,1.1,2.6,NA,NA,0.89,0.67,0.35,0,0,10,6.4,14,219,238,157,1.8,0.254,17.7,0.019,NA,NA,NA,NA,0.048,0.237,4.124,0.11,12,31,"LS06","US18"
1,"020077","Sheep, lung, roasted","MEAT, POULTRY, FISH AND THEIR PRODUCTS",1,451.3,109.5,75.8,0,3.18,19.9,0,19.9,0,1.3,3.1,0.284,0.000284,1.06,0.8,0.43,0,0,12,4.6,11,188,127,84,1.93,0.23,32.3,16,32,0,0,NA,0.03,0.14,2.4,0.06,8,28,"LS06","SA99"
1,"020089","Sheep, liver, raw","MEAT, POULTRY, FISH AND THEIR PRODUCTS",1,562.4,135.8,71.4,1.8,3.26,20.4,0,20.4,0,1.4,5,0.371,0.000371,1.94,1.05,0.75,1.8,0,7,7.4,19,364,313,70,4.66,6.98,82.4,184,7390,24,0.47,0.72,0.34,3.63,16.1,0.9,230,13,"LS06","SA99"
2,"030001","Cheese spread, full fat","DAIRY PRODUCTS",1,1211.1,293.2,47.7,8.7,2.57,16.4,0,16.4,0,6,21.2,0.055,5.5e-05,13.33,6.22,0.62,0,8.7,562,0.3,29,712,242,1345,2.59,0.03,11.3,20,189,68,0.19,0.71,0.05,0.43,0.1,0.117,7,0,"LS06","SA99"
2,"030002","Cheese, cheddar","DAIRY PRODUCTS",1,1645.6,398.7,37.4,1.8,3.87,24.7,0,24.7,0,3.8,32.3,0.115,0.000115,18.43,8.11,0.75,0,1.8,788,0.7,30,532,82,487,3.93,0.07,13.9,70,390,277,0.25,1.15,0.04,0.36,0.1,0.074,18,0,"LS06","SA99"
2,"030003","Cheese, gouda","DAIRY PRODUCTS",1,1576.9,369.9,40.6,0.3,3.75,20.8,0,20.8,0,3.7,31.5,0.093,9.3e-05,18.79,7.94,0.75,0,0.3,806,0.8,31,565,71,511,3.74,0.06,14.5,80,423,338,0.24,1.23,0.04,0.34,0.1,0.08,21,0,"LS06","SA99"
2,"030004","Cheese, processed, full fat","DAIRY PRODUCTS",1,1367.9,331.8,45.7,0.9,3.26,20.8,0,20.8,0,5.6,27,0.085,8.5e-05,17.02,7.73,0.86,0,0.9,600,0.5,22,800,130,1320,3.2,0.17,10,0,286,95,0.21,0.55,0.03,0.28,0.1,0.08,18,0,"LS06","SA99"
2,"030009","Creamer/non dairy powder, for coffee & tea","DAIRY PRODUCTS",1,2328.4,560.3,2.2,54.9,0.75,4.8,0,4.8,0,2.6,35.5,0,0,32.53,0.97,0.01,0,9.8,22,1.2,4,422,812,181,0.51,0.12,0.6,220,20,120,0,0.27,0,0.17,0,0,0,0,"LS06","SA99"
1,"030011","Human milk, colostrum","DAIRY PRODUCTS",1,237.3,58.6,88.2,6.3,0.31,2,0,2,0,0.9,2.6,0.031,3.1e-05,1.1,1.1,0.3,0,6.3,28,0.1,3,14,70,47,0.6,0.05,NA,0,178,135,NA,1.3,0,0.03,0.1,0,2,7,"LS06","SA99"
1,"030012","Human milk, mature","DAIRY PRODUCTS",1,297.1,73.2,87.5,6.9,0.16,1,0,1,0,0.2,4.4,0.014,1.4e-05,2,1.66,0.5,0,6.9,32,0,3,14,51,17,0.17,0.05,1.8,26,64,25,0.04,0.9,0.01,0.04,0.2,0.011,5,5,"LS06","SA99"
2,"030010","Milk, goat, pasturized","DAIRY PRODUCTS",1,289.4,70.9,87,4.4,0.56,3.6,0,3.6,0,0.8,4.1,0.011,1.1e-05,2.67,1.11,0.15,0,4.4,134,0.1,14,111,204,50,0.3,0.05,1.4,18,56,0,0.13,0.09,0.05,0.14,0.3,0.046,1,1,"LS06","SA99"
1,"030007","Milk, cow, fresh, as from the cow (untreated)","DAIRY PRODUCTS",1,270.23,66.66,87.69,4.65,0.5141065830721,3.28,0,3.3,0,0.72,3.66,0.014,1.4e-05,2.278,1.057,0.136,NA,NA,119,0.05,13,93,151,49,0.38,0.01,2,0.004,NA,NA,NA,NA,0.038,0.161,0.084,0.042,5,1.5,"LS06","US18"
2,"030015","Milk powder, full fat","DAIRY PRODUCTS",1,2112.1,506.4,3,37.4,4.03,25.7,0,25.7,0,5.7,28,0.097,9.7e-05,17.55,8.31,0.7,0,37.4,930,6,85,750,1200,350,3.34,0.08,16.3,40,450,241,10,1.08,0.23,1.4,0.6,0.302,37,9,"LS06","SA99"
2,"030016","Milk powder, full fat, reconstituted","DAIRY PRODUCTS",1,262.1,64.7,88,4.6,0.5,3.2,0,3.2,0,0.7,3.5,0.012,1.2e-05,2.17,1.03,0.09,0,4.6,115,0.7,11,93,148,43,0.41,0.01,2,5,56,30,1.2,0.13,0.03,0.17,0.1,0.037,5,1,"LS06","SA99"
2,"030017","Milk powder, skimmed","DAIRY PRODUCTS",1,1661,342.163636364,3,48.090909091,5.7,36.1,0,36.1,NA,8.01,0.6,0.012,1.2e-05,0.4,0.2,0,0,50.3809523809524,1280,0.27,130,970,1590,550,4,0,11,0,NA,5,NA,0.27,0.38,1.63,1,0.6,51,13,"LS06","GB6"
2,"030018","Milk powder, skimmed, reconstituted","DAIRY PRODUCTS",1,107.4,36.5,90.8,5,0.53,3.4,0,3.4,0,3,0.1,0.002,2e-06,0.06,0.02,0,0,5,125,0,10,96,170,51,0.39,2.6,2.6,2,58,20,0.72,0,0.03,0.17,0.1,0.024,5,1,"LS06","SA99"
1,"030019","Milk, as from the cow, sterilized","DAIRY PRODUCTS",1,277.07,65.463636364,87.6,4.090909091,0.55,3.5,0,3.5,NA,0.69,3.9,0.01,1e-05,NA,NA,NA,0,4.28571428571429,120,0.18,13,91,140,57,0.3,0,1,0,NA,21,NA,0.12,0.03,0.14,0.1,0.04,0,0,"LS06","GB6"
1,"030023","Milk, full fat, 3.4 %fat, UHT","DAIRY PRODUCTS",1,260.1,64.6,88,4.8,0.5,3.2,0,3.2,0,0.7,3.4,0.01,1e-05,1.94,0.9,0.11,0,4.8,117,0.1,12,87,147,49,0.38,0.01,2,4,40,19,0.03,0.14,0.02,0.14,0.1,0.027,5,1,"LS06","SA99"
2,"030024","Milk, low fat, 2% fat, UHT","DAIRY PRODUCTS",1,210,52.8,89.3,4.9,0.52,3.3,0,3.3,0,0.7,2,0.007,7e-06,1.28,0.59,0.06,0,4.9,122,0.1,12,89,152,46,0.39,0.01,2.2,2,24,16,0.01,0.07,0.02,0.16,0.1,0.034,5,1,"LS06","SA99"
2,"030025","Milk, skimmed, fresh","DAIRY PRODUCTS",1,146.8,35,90.8,4.9,0.53,3.4,0,3.4,NA,0.8,0.2,0.002,2e-06,0.11,0.05,0.01,0,4.9,123,0,11,101,166,52,0.4,0.01,2.1,2,1,0,0,0.04,0.04,0.14,0.1,0.04,5,1,"LS06","SA99"
1,"030026","Milk, soy","DAIRY PRODUCTS",1,135.1,32.3,93.3,0.5,0.49,2.8,0,2.8,1.3,0.3,1.9,0,0,0.21,0.33,0.83,0,0.5,4,0.6,85,49,141,12,0.23,0.12,1.3,170,3,0,0,0.01,0.16,0.07,0.1,0.041,2,0,"LS06","SA99"
2,"030014","Sour milk, packaged (Mafi)","DAIRY PRODUCTS",1,269.5,66.5,87.8,4.5,0.52,3.3,0,3.3,0,0.7,3.7,0.011,1.1e-05,2.35,1.09,0.08,0,4.5,162,0.1,14,93,190,71,0.59,0.01,2.2,4,40,20,0.03,0.13,0.02,0.15,0.1,0.016,7,1,"LS06","SA99"
2,"030029","Yoghurt, drinking, low fat, 1.5% fat","DAIRY PRODUCTS",1,274.2,76.9,84.4,12.7,0.49,3.1,0,3.1,0,1,1.3,0,0,0.81,0.34,0.04,0,12.7,100,0.1,11,81,130,47,0.3,0.01,1,0,0,NA,0,0,0.03,0.16,0.1,0.05,12,0,"LS06","SA99"
2,"030030","Yoghurt, fruit, full fat, sweetened","DAIRY PRODUCTS",1,451,107.363636364,76,16.090909091,0.63,4,0,4,NA,1,3,0.003,3e-06,2,0.7,0.1,1,15.8095238095238,122,0.1,13,96,170,58,0.4,0,2,0,NA,21,NA,0.05,0.06,0.27,0.2,0.1,18,1,"LS06","GB6"
2,"030032","Yoghurt, fruit, low fat, sweetened","DAIRY PRODUCTS",1,354.7,90.7,80.1,15,0.6,3.8,0,3.8,0,0.8,1.5,0.007,7e-06,0.94,0.3,0.08,0,15,145,0,15,106,197,74,0.54,0.06,2.3,52,25,29,0.01,NA,0.02,0.15,0.1,0.055,7,0,"LS06","SA99"
1,"040002","Egg, chicken, whole, raw","EGG AND EGG PRODUCTS",1,615.7,149.9,75,1.2,2.02,12.6,0,12.6,0,0.9,10.3,0.419,0.000419,3.03,4.01,1.36,0,1.2,39,1.8,9,192,98,126,1.15,0.12,30.8,60,66,0,7.94,3.48,0.13,0.4,0.1,0.042,46,0,"LS06","SA99"
2,"040009","Egg, chicken, white, raw","EGG AND EGG PRODUCTS",1,214.5,52.5,86.8,1.1,1.81,11.3,0,11.3,0,0.7,0.1,0,0,0,0,0,0,1.1,4,0.1,7,27,79,131,0.06,0.05,19,20,0,0,0,0,0.06,0.38,0.1,0.001,0,0,"LS06","SA99"
2,"040010","Egg, chicken, yolk, raw","EGG AND EGG PRODUCTS",1,1433.5,348,49.1,3.6,2.61,16.3,0,16.3,0,1.4,29.6,1.238,0.001238,8.7,11.41,4.02,0,3.6,104,4.8,10,388,81,45,2.76,0.19,45.2,140,255,0,18.71,8.15,0.29,0.44,0,0.157,152,0,"LS06","SA99"
2,"040001","Egg, chicken, scrambled with milk","EGG AND EGG PRODUCTS",1,993.3017,242.157977838,63.6176935229068,1.591627172,1.65718799368088,10.39099526,0,10.3909953,0,3.0805687,21.35860979,0.331793048973144,0.000331793048973144,5.53396524486572,9.87243285939968,3.82069510268562,0,1.52843601895735,46.406003,1.43957345971564,10.189573,162.2235,98.5979463,1122.74881516588,0.956556082148499,0.0975513428120063,24.5892575039494,47.6303317535545,173.45971563981,1.8957345971564,7.06279620853081,5.12677725118483,0.0998025276461296,0.283728278041074,0.0862954186413902,0.0316232227488152,25.849131121643,0.118483412322275,"LS06","Recipe"
1,"040003","Egg, chicken, whole, boiled/poached","EGG AND EGG PRODUCTS",1,615.7,149.9,75,1.2,2.02,12.6,0,12.6,0,0.9,10.3,0.419,0.000419,3.01,4,1.36,0,1.2,39,1.8,9,192,98,126,1.15,0.12,30.8,60,66,0,7.94,3.48,0.11,0.38,0.1,0.04,35,0,"LS06","SA99"
2,"040004","Egg, duck, whole, raw","EGG AND EGG PRODUCTS",1,753.7,183.4,70.8,1.5,2.05,12.8,0,12.8,0,1.1,13.8,0.884,0.000884,3.68,6.53,1.22,0,1.5,64,3.9,17,220,222,146,1.41,0.06,36.4,80,399,86,5,0.74,0.16,0.4,0.2,0.25,80,0,"LS06","SA99"
1,"040005","Egg, fried in sunflower oil","EGG AND EGG PRODUCTS",1,762.9,185.8,71.4,1.1,1.92,12,0,12,0,0.9,14.6,0.399,0.000399,3.47,4.7,4.38,0,1.1,37,1.7,9,183,93,120,1.09,0.11,29.3,57,63,1,7.56,6.08,0.1,0.36,0.1,0.038,33,0,"LS06","SA99"
2,"040006","Egg, turkey, whole, raw","EGG AND EGG PRODUCTS",1,691.9,168.7,72.5,1.2,2.19,13.7,0,13.7,0,0.8,11.9,0.933,0.000933,3.63,4.57,1.66,0,1.2,99,4.1,13,170,142,151,1.58,0.06,34,38,166,NA,NA,NA,0.11,0.47,0,0.131,71,0,"LS06","SA99"
1,"040008","Omelette, plain","EGG AND EGG PRODUCTS",1,633.2,154.4,75.5,2,1.61,10,NA,10,0,0.9,11.6,0.312,0.000312,2.98,4.57,2.08,0,2,56,1.4,9,162,107,136,0.93,0.09,23.2,45,87,170,6.12,2.8,0.09,0.32,0.1,0.04,27,0,"LS06","SA99"
2,"050001","Asparagus, green, raw","VEGETABLE AND VEGETABLES PRODUCTS",0.75,148.34,24.272727272,91.4,1.818181818,0.47,2.9,NA,0,NA,0.58,0.6,0,0,0.1,0.1,0.2,0.0909090909090909,1.80952380952381,27,0.7,13,72,260,1,0.7,0.08,1,0.2,NA,315,NA,1.16,0.16,0.06,1,0.09,175,12,"LS06","GB6"
2,"050003","Asparagus, white, canned","VEGETABLE AND VEGETABLES PRODUCTS",1,118.3,26,90,2.9,0.35,2.2,2.2,0,2.1,2.4,0.4,0,0,0.1,0.01,0.19,0.8,2.1,26,0.2,16,67,302,601,0.82,0.19,2.8,267,53,320,0,3.78,0.09,0.16,1.5,0.172,150,29,"LS06","SAFV"
1,"050005","Baby marrow, whitish green flesh, raw","VEGETABLE AND VEGETABLES PRODUCTS",1,84.1,20.2,93.6,2.2,0.3,1.9,1.9,0,1.3,1,0.2,0,0,0.04,0.02,0.08,0.1,2.1,16,0.8,28,63,389,3,0.55,0.12,1,190,22,133,0,0.27,0.09,0.05,0.1,0.12,16,17,"LS06","SAFV"
1,"050004","Baby marrow,  whitish green flesh, boiled","VEGETABLE AND VEGETABLES PRODUCTS",1,54,13.7,95.4,1.2,0.24,1.5,1.5,0,1.4,0.8,0.1,0,0,0.02,0.01,0.04,0.1,1.1,18,0.8,24,47,272,1,0.48,0.13,1,210,14,87,0,0.25,0.05,0.04,0.6,0.09,3,12,"LS06","SAFV"
1,"050009","Beetroot, flesh and skin, raw","VEGETABLE AND VEGETABLES PRODUCTS",1,145.3,32.5,89.2,5.8,0.26,1.6,1.6,0,2.4,1.1,0.1,0,0,0.02,0.02,0.04,0.4,5.4,17,0.8,26,29,381,105,0.29,0.08,0,410,3,17,0,0,0.01,0.02,0.4,0.03,20,3,"LS06","SAFV"
2,"050007","Beetroot, flesh and skin, boiled","VEGETABLE AND VEGETABLES PRODUCTS",1,187.3,41.6,86.5,8,0.3,1.9,1.9,0,2.8,1,0,0,0,0,0.01,0.01,0.6,7.4,15,0.8,35,36,290,60,0.42,0.15,0,385,5,27,0,0,0.01,0.01,0.2,0.02,17,3,"LS06","SAFV"
1,"050097","Beetroot, flesh only, raw","VEGETABLE AND VEGETABLES PRODUCTS",0.8,181,37.336363636,87.1,6.909090909,0.27,1.7,1.7,0,2.4,1.1,0.1,0,0,0,0,0.1,0.545454545454545,6.66666666666667,20,1,11,51,380,66,0.4,0.03,0,700,NA,20,NA,0,0.01,0.01,0.1,0.03,150,5,"LS06","GB6"
1,"050008","Beetroot, flesh only, boiled in salted water","VEGETABLE AND VEGETABLES PRODUCTS",0.8,259,46.645454544,82.4,8.636363636,0.37,2.3,2.3,0,2.8,1,0.1,0,0,0,0,0.1,0.636363636363636,8.38095238095238,29,0.8,16,87,510,110,0.5,0.04,0,900,NA,27,NA,0,0.01,0.01,0.1,0.04,110,5,"LS06","GB6"
1,"050016","Cabbage, white, raw","VEGETABLE AND VEGETABLES PRODUCTS",1,111.5,26.1,91.9,4.3,0.24,1.5,1.5,0,2,0.6,0.1,0,0,0.01,0.01,0.05,0.1,4.2,31,0.3,13,32,173,29,0.15,0.02,0.9,150,7,40,0,0.25,0.04,0.02,0.3,0.08,16,30,"LS06","SAVF"
1,"050015","Cabbage, white, boiled","VEGETABLE AND VEGETABLES PRODUCTS",1,96.3,22.4,93.4,3.2,0.16,1,1,0,1.9,0.4,0.4,0,0,0.01,0,0.02,0.2,3,29,0.4,9,24,115,20,0.17,0.01,0.6,120,2,10,0,0.2,0.02,0.01,0.2,0.05,11,20,"LS06","SAVF"
1,"050014","Cabbage, sun dried, raw","VEGETABLE AND VEGETABLES PRODUCTS",1,1213.1,225.3,5,38.9,2.1,13.1,13.1,0,28.6,10.5,1.7,0,0,0.21,0.12,0.77,0.9,38,422,3.7,182,335,2312,202,2.18,0.78,10.9,1924,136,815,0,1.27,0.51,0.37,2.8,1.046,364,261,"LS06","SAVF"
2,"050011","Cabbage chinese, raw","VEGETABLE AND VEGETABLES PRODUCTS",1,70.8,15.3,94.5,2.2,0.14,0.9,0.9,0,1.8,0.5,0.1,0,0,0.02,0.01,0.04,0,2.2,40,0.4,7,30,193,13,0.14,0,0.6,160,9,51,0,0,0.03,0.02,0.6,0.06,22,68,"LS06","SAFV"
2,"050010","Cabbage chinese, boiled","VEGETABLE AND VEGETABLES PRODUCTS",1,57.4,12.9,95.6,1.8,0.11,0.7,0.7,0,1.4,0.4,0.1,0,0,0.01,0.01,0.05,0,1.8,30,0.3,5,22,139,10,0.11,0,0.4,122,7,39,0,0,0.02,0.02,0.4,0.043,11,33,"LS06","SAFV"
1,"050021","Carrot, flesh and skin, raw","VEGETABLE AND VEGETABLES PRODUCTS",1,145.7,31.2,89.2,6.4,0.14,0.9,0.9,0,2.7,0.8,0,0,0,0,0,0,0.2,6,24,0.6,10,23,242,24,0.35,0.02,1,110,3250,19500,0,0.39,0.03,0.12,0.6,0.06,10,4,"LS06","SAFV"
1,"050096","Carrot,  flesh only, raw","VEGETABLE AND VEGETABLES PRODUCTS",0.7,137.71,35.827272728,89.8,7.181818182,0.1,0.6,0.6,0,2.8,0.97,0.3,0,0,0.1,0,0.2,0.272727272727273,7.04761904761905,25,0.3,3,15,170,25,0.1,0.02,1,100,NA,12472,0,0.56,0.1,0.01,0.2,0.14,12,6,"LS06","GB6"
1,"050017","Carrot,  flesh only, boiled","VEGETABLE AND VEGETABLES PRODUCTS",1,131.11,25.81818182,90.5,4.454545455,0.1,0.6,0.6,0,3,0.67,0.4,0,0,0.1,0,0.2,0.181818181818182,4.38095238095238,24,0.4,3,17,120,50,0.1,0.01,1,100,NA,13402,NA,0.56,0.09,0,0,0.1,16,2,"LS06","GB6"
1,"050019","Carrot, flesh and skin, boiled","VEGETABLE AND VEGETABLES PRODUCTS",1,140.7,27.7,89.7,5.3,0.14,0.9,0.9,0,3.1,0.5,0.1,0,0,0.02,0,0.05,0.2,5,31,0.6,11,29,156,29,0.39,0.03,0.7,150,2880,17280,0,0.42,0.03,0.02,0.4,0.05,6,4,"LS06","SAFV"
2,"050026","Carrot, sun dried, raw","VEGETABLE AND VEGETABLES PRODUCTS",1,182.4,39.4,86.6,7.9,0.16,1,1,0,3.6,1,0.2,0,0,0.04,0.01,0.1,0.3,7.5,36,0.8,13,33,274,38,0.3,0.13,0.8,752,1410,8460,0,0.42,0.04,0.04,0.4,0.246,14,2,"LS06","SAFV"
1,"050018","Carrot salad, coleslaw, raw","VEGETABLE AND VEGETABLES PRODUCTS",1,526.144,130.210909092,79.92,6.332727273,0.172,1.06,0.84,0.22,1.92,1.008,10.96,0.0118,1.18e-05,1.41,2.01,7.036,0.149090909090909,5.95904761904762,23.6,0.28,6.6,23,139.8,92.4,0.116,0.02,0.76,100,19,5004.8,0.052,3.3,0.06,0.024,0.2,0.0896,11.8,14.4,"LS06","Recipe"
1,"050028","Garlic, raw","VEGETABLE AND VEGETABLES PRODUCTS",0.79,574.5,98.272727272,64.3,14.818181818,1.27,7.9,7.9,0,2.1,1.5,0.6,0,0,0,NA,NA,13.3636363636364,1.52380952380952,19,1.9,25,170,300,4,1,0.06,2,500,NA,0,NA,0.01,0.13,0.03,0.3,0.38,5,17,"LS06","GB6"
1,"050033","Green beans, raw","VEGETABLE AND VEGETABLES PRODUCTS",1,132.9,26.5,89.7,3.8,0.34,2.1,2.1,0,3.4,0.8,0.1,0,0,0.02,0,0.05,1,2.8,51,1.3,24,45,265,5,0.36,0.11,0.6,250,36,213,0,0,0.07,0.06,0.8,0.07,23,9,"LS06","SAFV"
1,"050029","Green beans, boiled","VEGETABLE AND VEGETABLES PRODUCTS",1,102.7,21.4,91.8,2.6,0.29,1.8,1.8,0,3.2,0.7,0.2,0,0,0.05,0.01,0.1,0.7,1.9,49,0.9,23,37,259,4,0.3,0.1,0.3,230,25,150,0,0.08,0.05,0.04,0.5,0.05,6,5,"LS06","SAFV"
2,"050030","Green beans, sun dried, raw","VEGETABLE AND VEGETABLES PRODUCTS",1,183.8,31.3,86.4,5.2,0.3,1.9,1.9,0,3.6,1,0.1,0,0,0.02,0,0.05,1.3,3.9,58,0.9,31,39,205,38,0.45,0.13,0.5,370,29,175,0,0.18,0.16,0.1,1,0.071,42,5,"LS06","SAFV"
2,"050032","Green beans, with vegatables, boiled","VEGETABLE AND VEGETABLES PRODUCTS",1,183.8,31.3,86.4,5.2,0.3,1.9,1.9,0,3.6,1,0.1,0,0,0.02,0,0.05,1.3,3.9,58,0.9,31,39,205,38,0.45,0.13,0.5,370,29,175,0,0.18,0.16,0.1,1,0.071,42,5,"LS06","SAFV"
1,"050035","Green peas, fresh, raw","VEGETABLE AND VEGETABLES PRODUCTS",1,318,64.4,78.2,8.3,0.88,5.5,5.5,0,6.3,0.7,0.8,0,0,0.14,0.07,0.38,5.1,1.8,20,1.7,28,83,265,14,0.87,0.17,0.8,330,26,153,0,0.04,0.28,0.08,2.5,0.1,82,27,"LS06","SAFV"
1,"050034","Green peas, fresh, boiled","VEGETABLE AND VEGETABLES PRODUCTS",1,311.6,61.5,78.4,7.9,0.86,5.4,5.4,0,6.6,0.6,0.7,0,0,0.13,0.06,0.33,5.9,1,17,1.5,19,62,207,13,0.69,0.119,0.9,250,23,135,0,0.12,0.2,0.04,1.6,0.04,44,13,"LS06","SAFV"
2,"050037","Kale, leaves and stems, raw","VEGETABLE AND VEGETABLES PRODUCTS",1,234,53.5,84.5,8,0.53,3.3,3.3,0,2,1.5,0.7,0,0,0.09,0.05,0.34,0.5,7.4,135,1.7,34,56,447,43,0.44,0.29,3,774,890,5340,0,0.8,0.11,0.13,1,0.271,29,120,"LS06","SAFV"
2,"050036","Kale, leaves boiled,  with sunflower oil, boiled","VEGETABLE AND VEGETABLES PRODUCTS",1,124.3,27.6,91.2,3.6,0.3,1.9,1.9,0,2,0.9,0.4,0,0,0.05,0.03,0,0.3,3.3,72,0.9,18,28,228,23,0.24,0.16,2,416,740,4446,0,0.85,0.05,0.07,0.5,0.138,13,41,"LS06","SAFV"
1,"050039","Leaves, african spinach, raw (Theepe)","VEGETABLE AND VEGETABLES PRODUCTS",0.9,185.7,37.9,85.4,4.4,0.63,3.9,3.9,0,4.4,1.7,0.3,0,0,0.06,0.05,0.09,0.5,1.1,255,5.3,52,74,381,9,0.8,0.2,0.5,107,326,1956,0,0.17,0.01,0.1,1,0.18,64,46,"LS06","Analyzed"
1,"050038","Leaves, african spinach, boiled (Theepe)","VEGETABLE AND VEGETABLES PRODUCTS",1,82.4,16.2,92.6,1.2,0.3,1.9,1.9,0,3,1.2,0.2,NA,NA,0.06,0.05,0.09,0.4,0.8,187,4.6,37,38,246,3,0.81,0.15,0.3,2480,399,2394,0,0.26,0,0.04,0.3,0.05,5,1,"LS06","SAFV"
1,"050040","Leaves, goosefoot, raw (Seruoe)","VEGETABLE AND VEGETABLES PRODUCTS",0.9,182.9,37,85.7,4.1,0.67,4.2,4.2,0,4.3,1.5,0.2,NA,NA,NA,NA,NA,NA,NA,234,5.1,71,75,390,8,1.1,NA,NA,121,NA,1360,NA,NA,NA,NA,NA,NA,NA,NA,"LS06","Analyzed"
1,"050041","Leaves, goosefoot, boiled (Seruoe)","VEGETABLE AND VEGETABLES PRODUCTS",1,216.1008,47.39391959,85.1587577639752,3.5116051,0.573847662634848,3.597254,3.59725400457666,0,3.68290291,2.3964564,1.88427591,NA,NA,0.216691729323308,0.318100032690422,1.10007453416149,NA,NA,205.643021,4.37066361556064,64.031121,64.24524,334.7930042,348.591042824452,0.94299444262831,0.0186714612618503,0,103,0.0513893429225237,0,0,0.671830009807126,NA,NA,NA,NA,NA,NA,"LS06","Recipe"
1,"050042","Leaves, harebell, raw (Tenane)","VEGETABLE AND VEGETABLES PRODUCTS",0.72,137.1,27.7,88.9,3,0.52,3.2,3.2,0,3.5,1.3,0.1,NA,NA,NA,NA,NA,NA,NA,204,3,46,57,314,4,0.51,NA,NA,121,NA,1300,0,NA,NA,NA,NA,NA,NA,22.2,"LS06","Analyzed"
1,"050043","Leaves, harebell, boiled (Tenane)","VEGETABLE AND VEGETABLES PRODUCTS",1,170.3878,38.05610565,88.3432343234323,2.475247525,0.429042904290429,2.64026403,2.64026402640264,0,2.88778878,2.1435644,1.73267327,NA,NA,0.208745874587459,0.306435643564356,1.05973597359736,NA,NA,173.349835,2.47772277227723,41.056106,47.03795,259.810231,332.508250825082,0.421617161716172,0.017986798679868,0,99.8349834983498,0.0495049504950495,0,0,0.647194719471947,NA,NA,NA,NA,NA,NA,"LS06","Recipe"
1,"050044","Leaves, papasane, raw (Papasane)","VEGETABLE AND VEGETABLES PRODUCTS",0.72,164.2,33,86.7,4.4,0.47,2.9,2.9,0,4.3,1.6,0.2,NA,NA,NA,NA,NA,NA,NA,254,4.7,72,58,398,8,0.91,NA,NA,104,NA,1888,0,NA,NA,NA,NA,NA,NA,19.7,"LS06","Analyzed"
1,"050045","Leaves, papasane, boiled (Papasane)","VEGETABLE AND VEGETABLES PRODUCTS",1,213.3354,47.022209032,85.4303580734013,4.144643788,0.487605151492593,3.08816596,3.08816595945309,0,3.49450359,2.2738654,1.78788556,NA,NA,0.205606838879377,0.301827588773915,1.04380009429514,NA,NA,213.814859,4.3908843891908,64.006303,56.08272,345.297588,329.1334772575,0.707840144916747,0.0177163205042309,0,100.771731308469,0.0487605151492593,0,0,0.637462468051316,NA,NA,NA,NA,NA,0,"LS06","Recipe"
1,"050046","Leaves, stinging nettle, raw (Bobatsi)","VEGETABLE AND VEGETABLES PRODUCTS",0.9,157.1,33.4,87.9,4,0.54,3.4,3.4,0,3.2,1.4,0.2,NA,NA,NA,NA,NA,NA,NA,228,3.8,57,68,322,5,0.78,NA,NA,109,NA,NA,0,NA,NA,NA,NA,NA,NA,16.3,"LS06","Analyzed"
1,"050047","Leaves, stinging nettle, boiled (Bobatsi)","VEGETABLE AND VEGETABLES PRODUCTS",1,194.0033,44.31055905,87.0430336711344,3.425956195,0.462504086302713,2.91206277,2.91206276560968,0,2.74076496,2.3108075,1.88427591,NA,NA,0.216691729323308,0.318100032690422,1.10007453416149,NA,NA,200.504086,3.25722785223929,52.040275,58.24982,276.5517489,346.021575678326,0.668917947041517,0.0186714612618503,0,93.3573063092514,0.0513893429225237,1570,0,0.671830009807126,NA,NA,NA,NA,NA,0,"LS06","Recipe"
1,"050048","Leaves, wild mustard, raw (Sepaile)","VEGETABLE AND VEGETABLES PRODUCTS",0.9,193.1,39.4,85.1,5.1,0.6,3.8,3.8,0,4.3,1.5,0.2,NA,NA,NA,NA,NA,NA,NA,257,5.4,75,69,424,6,0.87,NA,NA,124,NA,1400,0,NA,NA,NA,NA,NA,NA,89.6,"LS06","Analyzed"
1,"050049","Leaves, wild mustard, boiled (Sepaile)","VEGETABLE AND VEGETABLES PRODUCTS",1,224.8369,49.449493342,84.6448643347499,4.368094148,0.513893429225237,3.25465839,3.25465838509317,0,3.68290291,2.3964564,1.88427591,NA,NA,0.216691729323308,0.318100032690422,1.10007453416149,NA,NA,225.342269,4.62761033017326,67.457077,59.10631,363.9136319,346.878064727035,0.746001961425302,0.0186714612618503,0,106.204642039882,0.0513893429225237,0,0,0.671830009807126,NA,NA,NA,NA,NA,NA,"LS06","Recipe"
1,"050096","Leaves, watercress, raw (Semetsing)","VEGETABLE AND VEGETABLES PRODUCTS",0.9,224.6,50,85.7,5.75,0.71,4.45,4.45,0,2.7,0.6,0.8,NA,NA,NA,NA,NA,NA,NA,160,3.5,28,NA,235,67.8,6.23,NA,NA,NA,NA,100,0,NA,NA,NA,NA,NA,NA,38.11,"LS06","GB6"
1,"050097","Leaves, wild mustard, raw (tlhako ea khomo)","VEGETABLE AND VEGETABLES PRODUCTS",0.9,142.86,25.34,88.89,1.4,0.53,3.31,3.31,0,5.6,0.33,0.5,NA,NA,NA,NA,NA,NA,NA,162,2.47,45,NA,246,42,3.9,NA,NA,NA,NA,1400,0,NA,NA,NA,NA,NA,NA,40,"LS06","GB6"
1,"050098","Leaves, ground thistle, raw (Leshoabe)","VEGETABLE AND VEGETABLES PRODUCTS",0.72,179,40,88.9,2.62,0.4,2.38,2.38,0,3.5,4.6,2,NA,NA,NA,NA,NA,NA,NA,149,4.7,34,NA,290,45,6.8,NA,NA,NA,NA,106,0,NA,NA,NA,NA,NA,NA,46,"LS06",NA
1,"050099","Leaves, scatter plant, raw (Leharasoana)","VEGETABLE AND VEGETABLES PRODUCTS",0.72,165.9,35.8,88.9,2.99,0.4,2.31,2.31,0,3,4,1.4,NA,NA,NA,NA,NA,NA,NA,166,4.24,56,NA,291,38,7.03,NA,NA,NA,NA,112,0,NA,NA,NA,NA,NA,NA,64,"LS06",NA
1,"050100","Leaves, peppercress, raw (Qhela)","VEGETABLE AND VEGETABLES PRODUCTS",0.72,169.97,37.84,88.8,3.58,0.64,4.03,4.03,0,2.3,0.69,0.6,NA,NA,NA,NA,NA,NA,NA,186,3.1,48,NA,378,56,8.47,NA,NA,NA,NA,115,0,NA,NA,NA,NA,NA,NA,22,"LS06",NA
1,"050094","Leaves, pumpkin, raw","VEGETABLE AND VEGETABLES PRODUCTS",1,91.2,20,92.9,0.4,0.51,3.2,3.2,0,1.9,1.2,0.4,0,0,0.21,0.05,0.02,0,0.4,39,2.2,38,104,436,11,0.2,0.13,0,355,194,1164,0,0.96,0.09,0.13,0.9,0.207,36,11,"LS06","SAFV"
1,"050052","Leaves, pumpkin, boiled","VEGETABLE AND VEGETABLES PRODUCTS",1,86.8,17.4,92.5,0.7,0.43,2.7,2.7,0,2.7,1.2,0.2,0,0,0.11,0.03,0.01,0,0.7,43,3.2,38,79,438,8,0.2,0.13,0,355,249,1494,0,0.96,0.07,0.14,0.9,0.196,25,1,"LS06","SAFV"
1,"050053","Leaves,  pumpkin, with baby marrow, boiled (Lepu)","VEGETABLE AND VEGETABLES PRODUCTS",1,140.8839,32.850735572,91.3854331480876,0.496763648,0.418823144818568,2.62942138,2.6294213795358,0,1.57593985,1.8911278,2.03844394,0,0,0.381994115724093,0.358355017979732,1.12234324942792,0.00856489048708728,0.488198757763975,32.03269,1.76693690748611,32.597973,85.57182,370.166002,345.850277868585,0.20213141549526,0.112970905524681,0.0856489048708728,289.921542987905,151.478653154626,908.64923177509,0,1.4349617522066,0.0501046093494606,0.0904452435436417,0.49162471395881,0.101905067015364,17.4723765936581,5.46440013076169,"LS06","Recipe"
2,"050054","Lettuce, raw","VEGETABLE AND VEGETABLES PRODUCTS",1,51.6,13.3,96,1.7,0.14,0.9,0.9,0,1.1,0.5,0.1,0,0,0.01,0,0.06,0,1.6,16,0.5,8,28,169,8,0.28,0.06,0.2,230,15,90,0,0.05,0.05,0.02,0.3,0.04,19,3,"LS06","SAFV"
1,"050056","Maize, white, on the cob immature, salted, boiled","VEGETABLE AND VEGETABLES PRODUCTS",0.55,434.66,99.22,73.2,19.53,0.4976,3.11,3.11,0,2.8,0.62,0.74,0,0,0.114,0.216,0.348,NA,NA,3,0.61,29,75,251,240,0.63,0.046,0.7,0.142,NA,NA,0,0.09,0.5,0.069,1.517,0.224,31,4.8,"LS06","US18"
1,"050058","Maize, yellow, on the cob immature, raw","VEGETABLE AND VEGETABLES PRODUCTS",0.55,458.92,104.94,71.79,20.7,0.51,3.28,3.28,0,2.8,0.65,0.78,0,0,0.12,0.228,0.367,3.78,NA,4,0.68,32,87,294,5,0.7,0.051,0.8,0.158,NA,NA,NA,0.0900000035762787,0.174,0.088,1.681,0.179,40,7.2,"LS06","US18"
2,"050059","Maize, yellow, on the cob immature, salted, boiled","VEGETABLE AND VEGETABLES PRODUCTS",0.55,434.66,99.22,73.2,19.53,0.51,3.11,3.11,0,2.8,0.62,0.74,0,0,0.114,0.216,0.348,15.94,3.59,3,0.61,29,75,251,4,0.63,0.046,0.7,0.142,NA,NA,NA,0.0799999982118607,0.174,0.069,1.517,0.224,31,4.8,"LS06","US18"
1,"050057","Maize, yellow, on the cob immature, salted, roasted","VEGETABLE AND VEGETABLES PRODUCTS",0.55,836.8541,189.714117636,47.3841176470588,37.747058824,0.93,5.98117647,5.98117647058823,0,5.10588235,2.3594118,1.42235294,0,0,0.218823529411765,0.415764705882353,0.669235294117647,6.89294117647059,0,7.411765,1.24352941176471,59.247059,158.6588,537.1647059,471.470588235294,1.27764705882353,0.0939411764705882,1.45882352941176,0.288117647058824,0,0,0,0.164117653580273,0.237970588235294,0.129176470588235,2.91208529411765,0.244808823529412,36.4705882352941,13.1294117647059,"LS06","Recipe"
1,"050064","Onion, raw","VEGETABLE AND VEGETABLES PRODUCTS",1,175.5,41.3,88.6,8.7,0.14,0.9,0.9,0,1.5,0.4,0.1,0,0,0.02,0.01,0.04,0,6.1,30,0.5,12,33,180,15,0.31,0.14,0.6,220,0,0,0,0,0.03,0.01,0.1,0.12,2,6,"LS06","SAVF"
1,"050062","Onion, boiled","VEGETABLE AND VEGETABLES PRODUCTS",1,187.4,41.3,87.9,8.7,0.14,0.9,0.9,0,1.5,0.4,0.1,0,0,0.02,0.02,0.04,0,6.2,29,0.5,11,30,162,14,0.3,0.13,0.6,209,0,0,0,0,0.04,0.02,0.1,0.116,11,9,"LS06","SAVF"
1,"050063","Onion, with sunflower oil, fried","VEGETABLE AND VEGETABLES PRODUCTS",1,885.1,208.2,65.7,12.9,0.21,1.3,1.3,0,2.2,0.6,16.6,0,0,2.11,3.08,10.6,0,9.2,43,0.7,16,44,239,21,0.44,0.19,0.9,309,0,3,0,9.59,0.06,0.03,0.1,0.171,16,13,"LS06","SAVF"
2,"050065","Peas, raw","VEGETABLE AND VEGETABLES PRODUCTS",1,318,64.4,78.2,8.3,0.88,5.5,5.5,0,6.3,0.7,0.8,0,0,0.14,0.07,0.38,5.1,1.8,20,1.7,28,83,265,14,0.87,0.17,0.8,330,26,153,0,0.04,0.28,0.08,2.5,0.1,82,27,"LS06","SAVF"
2,"050066","Peas, boiled","VEGETABLE AND VEGETABLES PRODUCTS",1,311.6,61.5,78.4,7.9,0.86,5.4,5.4,0,6.6,0.6,0.7,0,0,0.13,0.06,0.33,5.9,1,17,1.5,19,62,207,13,0.69,0.119,0.9,250,23,135,0,0.12,0.2,0.04,1.6,0.04,44,13,"LS06","SAVF"
1,"050072","Pumpkin, raw","VEGETABLE AND VEGETABLES PRODUCTS",1,112.5,24.9,91.9,4.7,0.13,0.8,0.8,0,1.7,0.7,0.1,0,0,0.05,0.01,0.01,0.7,4.1,18,0.4,12,19,237,6,0.24,0.09,0.1,110,156,934,0,0.08,0.02,0.02,0.6,0.1,4,8,"LS06","SAFV"
1,"050071","Pumpkin, without skin, boiled","VEGETABLE AND VEGETABLES PRODUCTS",1,74.3,17.3,94.5,2.9,0.11,0.7,0.7,0,1.6,0.4,0.1,0,0,0.05,0.01,0.01,0.1,2.5,11,0.3,8,17,157,2,0.12,0.08,0.1,50,213,1279,0,0.7,0.02,0.01,0.4,0.06,3,5,"LS06","SAFV"
1,"050074","Runner beans, raw","VEGETABLE AND VEGETABLES PRODUCTS",0.86,115.78,23.636363636,91.2,2.909090909,0.26,1.6,1.6,0,3.4,0.66,0.4,0,0,0.1,0,0.2,0.363636363636364,2.66666666666667,33,1.2,19,34,220,0,0.2,0.02,NA,200,NA,145,0,0.23,0.06,0.03,0,0.08,60,18,"LS06","GB6"
1,"050073","Runner beans, ends trimmed, boiled","VEGETABLE AND VEGETABLES PRODUCTS",1,91.19,19.663636364,92.8,2.090909091,0.19,1.2,1.2,0,3.2,0.73,0.5,0,0,0.1,0,0.3,0.272727272727273,1.9047619047619,22,1,14,21,130,1,0.2,0.01,NA,200,NA,120,NA,0.23,0.05,0.02,0,0.04,42,10,"LS06","GB6"
2,"050076","Spinach, swiss chard, raw","VEGETABLE AND VEGETABLES PRODUCTS",1,115.6,21,89.9,1.6,0.43,2.7,2.7,0,2.9,2,0.2,0,0,0.03,0.04,0.07,1.2,0.4,117,4.4,78,50,348,892,0.73,0.17,1.2,1680,468,2807,0,0.3,0.03,0.1,0.6,0.08,52,24,"LS06","SAFV"
2,"050075","Spinach, swiss chard, boiled","VEGETABLE AND VEGETABLES PRODUCTS",1,215.8252,45.812709046,86.9373360476952,1.523920314,0.409553584411808,2.57161553,2.57161553002763,0,2.76210557,2.4904668,3.04784063,0,0,0.390028355387524,0.568708012214629,1.90166206194562,1.14294023556783,0.380980078522612,111.798604,4.19249527410208,74.877825,47.62822,331.9612767,1074.47811545732,0.69586011342155,0.1634404536862,1.14294023556783,1600.11632979497,445.832412389123,2673.52770103243,0,1.40638795986622,0.0185727788279773,0.0807677766467937,0.400029082448742,0.0457176094227134,29.7164461247637,12.5723425912462,"LS06","Recipe"
1,"050079","Spinach, small leaved, raw","VEGETABLE AND VEGETABLES PRODUCTS",1,97.6,20.4,91.6,0.8,0.46,2.9,2.9,0,2.7,1.7,0.4,0,0,0.06,0.01,0.15,0,0.7,99,2.7,79,49,558,79,0.53,0.13,1,897,672,4032,0,1.89,0.08,0.19,0.7,0.195,194,28,"LS06","SAFV"
1,"050077","Spinach, small leaved, boiled","VEGETABLE AND VEGETABLES PRODUCTS",1,103.4,22.3,91.2,1.4,0.48,3,3,0,2.4,1.8,0.3,0,0,0.04,0.01,0.11,0,1.4,136,3.6,87,56,466,70,0.76,0.17,15,935,819,4914,0,0.96,0.1,0.24,0.5,0.242,146,10,"LS06","SAFV"
2,"050080","Spring onion, leaves, raw","VEGETABLE AND VEGETABLES PRODUCTS",0.69,128.83,23.409090908,92.2,2.727272727,0.32,2,2,0,NA,0.81,0.5,0,0,0.1,0.1,0.2,0.181818181818182,2.66666666666667,39,1.9,12,29,260,7,0.4,0.06,NA,0.2,NA,620,0,NA,0.05,0.03,0.5,0.13,54,26,"LS06","GB6"
1,"050084","Sweet green pepper, raw","VEGETABLE AND VEGETABLES PRODUCTS",1,70.8,18.9,94.6,3.1,0.14,0.9,0.9,0,1.8,0.4,0.1,0,0,0.01,0.01,0.05,0.1,2.9,7,0.9,10,23,177,6,0.24,0.17,0,120,36,214,0,0.04,0.04,0.02,0.6,0.171,5,77,"LS06","SAFV"
1,"050083","Sweet green pepper, unsalted, boiled","VEGETABLE AND VEGETABLES PRODUCTS",1,107.2,28.2,91.9,4.7,0.22,1.4,1.4,0,2.7,0.6,0.2,0,0,0.03,0.01,0.11,0.3,4.2,10,1.3,14,31,239,9,0.34,0.24,0,171,40,240,0,0.06,0.08,0.04,0.6,0.233,17,89,"LS06","SAFV"
1,"050093","Tomato, flesh and skin,  raw","VEGETABLE AND VEGETABLES PRODUCTS",1,80.8,19,94.3,2.9,0.14,0.9,0.9,0,1.1,0.6,0.2,0,0,0.03,0.03,0.08,0,2.9,8,0.2,11,25,231,5,0.16,0.07,0.4,60,39,231,0,0.84,0.04,0.01,0.9,0.09,18,20,"LS06","SAFV"
1,"050092","Tomato, flesh and skin, boiled","VEGETABLE AND VEGETABLES PRODUCTS",1,111.5,25.5,92.2,4,0.19,1.2,1.2,0,1.5,0.8,0.3,0,0,0.04,0.05,0.12,0,4,11,0.3,15,34,316,7,0.22,0.1,0.5,82,50,301,0,1.14,0.05,0.01,1.2,0.117,17,26,"LS06","SAFV"
2,"050087","Tomato, sun dried, raw","VEGETABLE AND VEGETABLES PRODUCTS",1,1186.9,259.4,14.6,43.5,2.26,14.1,14.1,0,12.3,12.6,3,0,0,0.43,0.49,1.115,0,43.5,110,9.1,194,356,3427,2095,1.99,1.42,5.5,1846,87,522,0,0.01,0.53,0.49,9.1,0.332,68,39,"LS06","SAFV"
2,"050088","Tomato and onion,  with sugar and sunflower oil, stewed","VEGETABLE AND VEGETABLES PRODUCTS",1,685.2919,165.306632614,72.2856265984655,9.497220801,0.131335038363171,0.84429668,0.844296675191816,0,1.19273657,2.7115772,13.54895141,0,0,1.7194168797954,2.50876726342711,8.66543222506394,0,8.45190110826939,16.573231,0.319403239556692,12.418755,26.69139,198.3203751,886.556180733163,0.21263768115942,0.0964910485933504,0.455652173913043,120.613810741688,21.3084398976982,123.830179028133,0,5.70637340153453,0.0217774936061381,0.0253735720375107,0.36586189258312,0.0578946291560102,6.27191815856778,7.22342710997442,"LS06","Recipe"
2,"060001","Baked beans, in tomato sauce, canned","LEGUMES",1,67.34,15.08,94.3,1.99,0.1328,0.83,0.83,0,1.5,1.18,0.2,0,0,0.045,0.008,0.102,NA,NA,22,0.47,13,16,93,373,0.14,0.06,0.312,0.2,NA,NA,NA,NA,0.025,0.049,0.233,0.044,18,3.1,"LS06","US18"
1,"060005","Beans, sugar, dried, raw","LEGUMES",1,1308.47,266.1,12.4,46.2,2.704,16.9,16.9,0,19.4,1.89,1.3,0,0,0.19,0.14,0.98,NA,0,85,5.9,16.9,164,1140,35,2.54,0.88,NA,1310,0,NA,0,0.34,0.45,0.13,2.5,0.437,370,3,"LS06","SA91"
1,"060003","Beans, sugar, dried, boiled","LEGUMES",1,532.18,113.8,63,19.5,1.136,7.1,7.1,0,8.2,2.06,0.6,0,0,0.08,0.06,0.41,NA,0,32,2.1,55,122,368,14,1.06,0.3,NA,560,0,NA,NA,0.14,0.12,0.04,0.7,0.164,140,1,"LS06","SA91"
1,"060004","Beans, sugar, dried, with sugar and vinegar, boiled","LEGUMES",1,408.1847,87.06520603,73.9621804903495,12.572248305,0,4.41001565,4.41001564945227,0,5.05998957,1.5881586,1.90401669,0,0,0.247522170057381,0.327125717266562,1.26061554512259,0,0.519040166927491,23.432447,1.54512258737611,5.855503,42.95253,298.7480438,420.333854981742,0.664058424621805,0.234452269170579,0,341.679707876891,0.0469483568075117,0,0,0.70245174752217,0.0762910798122066,0.03547209181012,0.456442357850808,0.0683881064162754,57.9029733959311,0.430359937402191,"LS06","Recipe"
1,"060010","Peas, split, dried, raw","LEGUMES",1,1358.62,284.4,11.3,43.3,3.936,24.6,24.6,0,17.1,1.14,1.2,0,0,0.16,0.24,0.5,NA,0,55,4.4,115,366,981,15,3.01,0.87,NA,1390,15,NA,0,0.09,0.73,0.22,2.9,0.174,274,2,"LS06","SA91"
1,"060009","Peas, split, dried, unsalted, boiled","LEGUMES",1,456.57,99.6,69.5,15.2,1.328,8.3,8.3,0,5.9,0.99,0.4,0,0,0.05,0.08,0.17,NA,0,14,1.3,36,99,362,2,1,0.18,NA,400,1,NA,0,0,0.19,0.06,0.9,0.048,65,0,"LS06","SA91"
2,"060008","Peas, split, dried, with sunflower oil, boiled","LEGUMES",1,152.1847,34.4449959,90.4470636889992,4.118693135,0.37439205955335,2.33995037,2.33995037220844,0,1.62655087,0.6038875,0.73449132,0,0,0.0936931348221671,0.13802729528536,0.445947063688999,0,0,6.927213,0.419768403639371,12.080232,34.81803,93.6807279,165.612076095947,0.286724565756824,0.0888751033912324,0,132.21670802316,1.4454094292804,0,0,0.251861042183623,0.0416625310173697,0.0150372208436725,0.165508684863524,0.00993052109181141,13.0314309346567,0.190239867659222,"LS06","Recipe"
1,"060011","Soy bean, dried, whole, raw","LEGUMES",1,1542.6818,370.454545456,8.5,14.363636364,5.74,35.9,36.5,0,1.6,1.59,18.6,0,0,2.3,3.5,9.1,4.36363636363636,5.23809523809524,5,9.7,250,660,1730,5,4.3,1.55,14,2600,NA,12,NA,2.9,0.16,0.27,2.2,0.38,370,0,"LS06","GB6"
1,"070008","Potato, flesh and skin, raw","ROOTS AND TUBERS",1,309.8,72.5,80.2,15.9,0.24,1.5,1.5,0,1.5,0.9,0.1,0,0,0.03,0,0.04,15.3,0.7,6,1.2,15,45,398,2,0.29,0.09,0.6,140,0,0,0,0.06,0.14,0.02,1.8,0.21,10,27,"LS06","SAFV"
1,"070001","Potato, without skin, raw","ROOTS AND TUBERS",1,334.4,75.7,79,16.6,0.26,1.6,1.6,0,1.6,0.6,0.1,0,0,0.03,0,0.04,16,0.6,6,0.7,14,43,332,2,0.29,0.12,0.3,147,0,0,0,0.06,0.16,0.01,1.4,0.214,3,29,"LS06","SAFV"
2,"070003","Potato, without skin, boiled","ROOTS AND TUBERS",1,311.5,70.9,80.4,15.5,0.24,1.5,1.5,0,1.5,0.6,0.1,0,0,0.03,0,0.04,14.8,0.7,6,0.6,12,38,279,2,0.26,0.11,0.3,130,0,0,0,0.06,0.12,0.01,1.2,0.19,2,20,"LS06","SAFV"
1,"070002","Potato chips/french fries, homemade, unsalted","ROOTS AND TUBERS",1,827.7,187.354545456,56.6,27.363636364,0.63,3.9,3.2,0,3.2,0.9,6.7,0,0,0.6,3.3,2.4,26.8181818181818,0.571428571428571,11,0.8,31,62,660,12,0.6,0.14,2,200,0,0,0,0.19,0.24,0.02,0.7,0.32,43,9,"LS06","GB6"
2,"070009","Sweet potato, red skinned, raw","ROOTS AND TUBERS",1,302.7,69.7,80.4,15.6,0.18,1.1,1.1,0,2.1,0.8,0.1,0,0,0.02,0,0.04,11.2,4.4,12,0.3,13,34,285,12,0.18,0.11,0.4,100,3,20,0,0.14,0.07,0.01,0.6,0.08,8,22,"LS06","SAFV"
2,"070010","Sweet potato, without skin, with sugar, boiled","ROOTS AND TUBERS",1,286.6,67.3,81.8,15.1,0.16,1,1,0,2,0.4,0.1,0,0,0.02,0,0.04,6.3,8.8,9,0.3,13,22,189,11,0.12,0.08,0.5,60,3,20,0,0.22,0.05,0.01,0.5,0.07,6,7,"LS06","SAFV"
1,"080013","Apricot, flesh and skin, raw","FRUITS, NUTS AND SEEDS",1,196.6,32.1,86.7,6.5,0.13,0.8,0.8,0,1.8,0.9,0.1,0,0,0.01,0.04,0.02,0,6.5,15,0.5,11,25,320,4,0.16,0.08,0.2,77,68,405,0,0.89,0.01,0.02,0.5,0.04,0,4,"LS06","SAFV"
2,"080008","Apricot jam","FRUITS, NUTS AND SEEDS",1,1111.4,263,34.5,64.1,0.112,0.7,0.7,0,0.3,0.2,0.2,NA,NA,0.01,0.11,0,NA,36.7,20,0.49,4,11,77,40,0.06,0.1,0.6,0.04,NA,NA,NA,0.13,0,0.022,0.036,NA,NA,8.8,"LS06","US18"
2,"080012","Apricot, dried, raw","FRUITS, NUTS AND SEEDS",1,1047.6,232.5,31.1,52.8,0.59,3.7,3.7,0,9,3.1,0.5,0,0,0.03,0.2,0.09,0,52.8,45,4.7,47,117,1378,10,0.74,0.43,0.7,275,87,521,0,1.5,0.01,0.15,3,0.156,10,2,"LS06","SAFV"
1,"080002","Apple, without skin, raw","FRUITS, NUTS AND SEEDS",1,249,57.1,84.5,12.9,0.03,0.2,0.2,0,1.9,0.2,0.3,0,0,0.05,0.01,0.09,0,12.9,4,0.1,3,7,113,0,0.04,0.03,0.3,23,4,24,0,0.08,0.02,0.01,0.1,0.046,0,4,"LS06","SAFV"
1,"080005","Apple, skin and core removed, raw","FRUITS, NUTS AND SEEDS",1,249.9,55.7,83.9,13,0.03,0.2,0.2,0,2.3,0.3,0.1,0,0,0.02,0,0.03,0,13,2,0.3,3,7,99,4,0.09,0.07,0.3,80,3,18,0,0.16,0.02,0.06,0.2,0.03,1,5,"LS06","SAFV"
2,"080006","Apple, dried, raw","FRUITS, NUTS AND SEEDS",1,1068.4,237.1,31.8,57.2,0.14,0.9,0.9,0,8.7,1.1,0.3,0,0,0.05,0.01,0.09,0,57.2,14,1.4,16,38,450,87,0.2,0.19,1.3,90,13,79,0,0.55,0,0.16,0.9,0.125,0,4,"LS06","SAFV"
2,"080007","Apple, golden delicious, raw","FRUITS, NUTS AND SEEDS",1,252.9,56.8,83.5,13.5,0.03,0.2,0.2,0,2.5,0.3,0,0,0,0.01,0,0.01,0,13.5,2,0.3,3,7,104,6,0.19,0.08,0.3,90,3,17,0,0,0.03,0.01,0.2,0.04,1,7,"LS06","SAFV"
1,"080015","Banana, raw","FRUITS, NUTS AND SEEDS",1,403.8,85.1,74.9,18.8,0.21,1.3,1.3,0,1.7,0.8,0.3,0,0,0.12,0.03,0.06,6.4,12.4,2,0.6,21,20,241,1,23,0.05,1.1,310,16,95,0,0.27,0.03,0.02,0.7,0.295,19,12,"LS06","SAFV"
2,"080016","Banana,  sliced, sun dried","FRUITS, NUTS AND SEEDS",1,1544.56,347.28,3,78.38,0.6224,3.89,3.9,0,9.9,3.02,1.8,0,0,0.698,0.153,0.337,NA,47.3,22,1.15,108,74,1491,3,0.61,0.391,0.574,3.9,NA,NA,NA,0.39,0.18,0.24,2.8,NA,NA,7,"LS06","US18"
2,"080018","Fruit salad, raw","FRUITS, NUTS AND SEEDS",1,209.1027,46.883783796,86.2864864864865,10.339189189,0.103513513513514,0.65675676,0.656756756756757,0,2.13378378,0.4013514,0.1,0,0,0.0140540540540541,0.00783783783783784,0.0239189189189189,0,10.3391891891892,9.081081,0.262162162162162,7.162162,13.51351,165.9864865,2.98648648648649,0.11027027027027,0.0839189189189189,0.302702702702703,56.4189189189189,5.32432432432432,31.9594594594595,0,0.375,0.0421621621621622,0.0241891891891892,0.263513513513513,0.0340540540540541,8.25675675675676,15.1216216216216,"LS06","Recipe"
2,"080021","Grape, seeds and skin, raw","FRUITS, NUTS AND SEEDS",1,283.2,64.5,81.8,14.7,0.11,0.7,0.7,0,2,0.6,0.1,0,0,0.03,0,0.03,0,14.7,6,0.3,7,19,215,2,0.06,0.08,0.2,40,3,17,0,0.66,0.06,0.01,0.2,0.06,4,3,"LS06","SAFV"
2,"080023","Guava, without skin, raw","FRUITS, NUTS AND SEEDS",1,218.8,38.7,82.7,7.7,0.13,0.8,0.8,0,7.9,0.6,0.3,0,0,0.09,0.03,0.13,0.1,7.6,8,0.4,10,23,264,1,0.15,0.15,NA,180,10,57,0,0.14,0.05,0.02,1.2,0.075,19,347,"LS06","SAFV"
2,"080024","Guava, seeds and skin, raw","FRUITS, NUTS AND SEEDS",1,283.2,64.5,81.8,14.7,0.11,0.7,0.7,0,2,0.6,0.1,0,0,0.03,0,0.03,0,14.7,6,0.3,7,19,215,2,0.06,0.08,0.2,40,3,17,0,0.66,0.06,0.01,0.2,0.06,4,3,"LS06","SAFV"
1,"080026","Mango and orange juice","FRUITS, NUTS AND SEEDS",1,232.47,56.5,86.2,13.1,0.048,0.3,0.3,0,0.1,0.19,0.1,0,0,0,0,0,NA,0,5,0.4,7,12,75,2,0.33,0.01,NA,0.24,NA,NA,NA,NA,NA,NA,NA,NA,NA,33,"LS06","SA91"
2,"080033","Orange, raw","FRUITS, NUTS AND SEEDS",1,195.9,42.9,86.5,9.2,0.13,0.8,0.8,0,3.2,0.4,0.1,0,0,0.01,0.02,0.02,0,9.2,30,0.3,8,19,176,1,0.22,0.1,0.5,85,4,23,0,0.19,0.08,0.02,0.3,0.04,30,53,"LS06","SAFV"
1,"080032","Orange juice","FRUITS, NUTS AND SEEDS",1,194.3,47.4,88.3,10.2,0.11,0.7,0.7,0,0.2,0.4,0.2,0,0,0.02,0.04,0.04,0,10.2,11,0.2,11,17,200,1,0.05,0.04,0.2,14,3,17,0,0.09,0.09,0.03,0.4,0.04,30,50,"LS06","SAFV"
1,"080040","Peach, flesh and skin, raw","FRUITS, NUTS AND SEEDS",1,184.6,40.1,87.8,8.6,0.11,0.7,0.7,0,2,0.4,0.1,0,0,0,0,0.01,0,8.6,4,0.3,8,17,201,4,0.09,0.08,0.4,50,6,39,0,0.7,0.02,0.02,0.6,0.01,2,8,"LS06","SAFV"
2,"080037","Peach, dried, raw","FRUITS, NUTS AND SEEDS",1,1059.1,236,31.8,53.1,0.58,3.6,3.6,0,8.2,2.5,0.8,0,0,0.08,0.28,0.37,0,53.1,28,4.1,42,119,996,7,0.57,0.36,6.5,305,60,359,0,0,0,0.21,4.4,0.067,0,5,"LS06","SAFV"
2,"080042","Peanut butter","FRUITS, NUTS AND SEEDS",1,2568.65,609.2,1.4,14.7,3.936,24.6,24.6,0,6,3.15,50,0,0,10.12,20.42,17.01,NA,3.5,34,1.7,157,328,721,478,2.51,0.56,NA,1.54,0,NA,0,4.7,0.14,0.1,13.1,0.378,78,0,"LS06","SA91"
1,"080046","Pear, core and skin removed, raw","FRUITS, NUTS AND SEEDS",1,253.8,61.7,83.4,14.4,0.05,0.3,0.3,0,3,0.2,0.1,0,0,0.01,0.02,0.02,0,14.4,5,0.4,4,9,85,3,0.14,0.1,1,95,3,18,0,0.18,0.02,0.01,0.3,0.01,1,4,"LS06","SAFV"
2,"080049","Pineapple, core and skin removed, raw","FRUITS, NUTS AND SEEDS",1,228.9,52.9,85.3,12.1,0.06,0.4,0.4,0,1.8,0.4,0.1,0,0,0.01,0.01,0.03,0,12.1,4,0.3,10,6,159,1,0.03,0.04,0.7,440,5,31,0,0,0.08,0.02,0.3,0.055,16,43,"LS06","SAFV"
1,"080052","Pumpkin seeds, raw","FRUITS, NUTS AND SEEDS",1,2392.01,568.45,6.29,13.91,3.9264,24.54,24.54,0,3.9,4.88,45.85,0,0,8.674,14.258,20.904,NA,1,43,14.97,535,1174,807,18,7.46,1.387,5.6,3.021,NA,NA,NA,0,0.21,0.32,1.745,0.224,58,1.9,"LS06","US18"
1,"080053","Pumpkin seeds, roasted","FRUITS, NUTS AND SEEDS",1,1614.11,322.6,4.5,17.9,2.976,18.6,18.6,0,35.9,4.37,19.4,0,0,3.67,6.03,8.84,NA,0,55,3.3,262,92,919,18,10.3,0.69,5.6,3.016,3,NA,NA,NA,0.09,0.07,0.9,0.09,32,0,"LS06","SA91"
2,"080054","Quinces, raw","FRUITS, NUTS AND SEEDS",1,253.5,58.1,83.8,13.4,0.06,0.4,0.4,0,1.9,0.4,0.1,0,0,0.01,0.04,0.05,0,13.4,11,0.7,8,17,197,4,0.04,0.13,0.1,45,0,0,0,0.55,0.02,0.03,0.2,0.04,3,15,"LS06","SAFV"
2,"080059","Strawberry, raw","FRUITS, NUTS AND SEEDS",1,138.5,31.5,90.7,6,0.11,0.7,0.7,0,1.9,0.5,0.3,0,0,0.02,0.04,0.15,0,6,9,0.7,11,28,170,4,0.16,0.14,0.3,340,1,7,0,0.12,0.03,0.02,0.3,0.04,37,58,"LS06","SAFV"
2,"080061","Watermelon, raw","FRUITS, NUTS AND SEEDS",1,126.4,30.1,91.8,5.9,0.14,0.9,0.9,0,1.1,0.3,0.1,0,0,0.01,0.02,0.03,0,5.9,3,0.1,10,5,137,4,0.09,0.09,0.1,25,11,65,0,0.15,0.03,0.01,0,0.03,4,6,"LS06","SAFV"
2,"090001","Animal fat, chicken","FATS AND OILS",1,3692.6,900.2,0.2,0,0,0,0,0,0,0,99.8,0.085,8.5e-05,29.8,44.7,20.9,0,0,NA,NA,NA,NA,NA,NA,NA,NA,NA,NA,NA,NA,NA,2.7,NA,NA,NA,NA,NA,NA,"LS06","SA91"
2,"090004","Hard margarine","FATS AND OILS",1,3051.6,744.6,15.2,0.4,0.048,0.3,0,0.3,0,2,82.2,0,0,18.92,42,17.34,NA,0,6,0,1,0,9,1530,0,0,NA,NA,750,NA,5,15,0,0,0,0,0,0,"LS06","SA91"
2,"090006","Mayonnaise, salad dressing, retail","FATS AND OILS",1,2132.3,527.2,36.2,8.7,0.18,1.1,0,1.1,0,1.9,54,0.059,5.9e-05,6.83,10.03,34.68,NA,7.3,6,0.2,1,21,13,354,0.08,0.02,NA,0,81,NA,0.26,14.88,0.02,0.06,0,0.008,3,NA,"LS06","SA91"
1,"090007","Sunflower oil","FATS AND OILS",1,3700,902,0,0,0,0,0,0,0,0,100,0,0,12.65,18.57,64.22,0,NA,0,0,0,0,0,0,0,0,NA,NA,3,NA,NA,39.22,0,0,0,0,0,NA,"LS06","SA91"
2,"100001","Atchar, mango","SOUPS AND SAUCES",1,1312,299.7,34.8,49.5,0.064,0.4,0.4,0,1.6,0,10.9,0,0,NA,NA,NA,0,0,23,2.3,27,0,57,1090,0.1,0.1,0,0,21,NA,0,0,0.02,0.03,0.1,0,0,1,"LS06","Food Finder"
2,"100003","Chutney, tomato","SOUPS AND SAUCES",1,695.5,166.1,58.2,39.7,0.176,1.1,1.1,0,1.9,0,0.1,0,0,0,0,0,NA,0,30,1.1,20,39,310,130,0.2,0.14,0,NA,60,NA,0,0.8,0.04,0.05,0.5,0.09,11,8,"LS06","Food Finder"
1,"100004","Gravy, tomato, onion, with sunflower oil, stewed","SOUPS AND SAUCES",1,964.1679,234.060509732,66.2424587706147,3.873043478,0.120983508245877,0.77775112,0.777751124437781,0,1.04485757,4.3915442,23.71748126,0,0,3.00494752623688,4.39782908545727,15.1952143928036,0,3.26026986506747,12.491154,0.255322338830585,12.726837,23.52894,191.0989505,1550.39580209895,0.177547226386807,0.0801319340329835,0.3928035982009,89.5592203898051,25.2179910044978,145.180209895052,0,9.77138230884558,0.025767916041979,0.0479220389805097,0.589205397301349,0.0636341829085457,5.30284857571214,9.78866566716642,"LS06","Recipe"
1,"100009","Tomato sauce/Ketchup style","SOUPS AND SAUCES",1,504.9,107.9,67.7,24.6,0.192,1.2,1.2,0,1.8,2,0.3,0,0,0.05,0.05,0.14,NA,4.25,18,0.7,21,38,465,582,0.22,0.2,NA,130,99,NA,NA,NA,0.09,0.07,1.2,0.169,14,2,"LS06","SA91"
2,"110011","Chocolate, kit kat","SWEETS AND CONFECTIONERIES",1,2188.14,514.2,1.3,60.5,1.312,8.2,1,7.2,NA,1.28,26.6,NA,NA,13.8,9.7,1.6,NA,54.5,200,1.5,52,190,330,110,1.1,0.28,NA,0.3,8,NA,0,1.03,0.11,0.44,0.5,0.06,NA,0,"LS06","SA91"
2,"110004","Ice cream, regular, 10% fat","SWEETS AND CONFECTIONERIES",1,867.7,209.4,61,23.6,0.55,3.5,3.5,0,0,0.9,11,0.044,4.4e-05,6.79,3.17,0.41,0,21.5,128,0.1,14,105,199,80,0.69,0.02,2.6,8,117,154,0.12,0,0.04,0.24,0.1,0.048,5,1,"LS06","SA99"
2,"110005","Ice cream, rich, 16% fat","SWEETS AND CONFECTIONERIES",1,1038,251.4,57.2,22.4,0.55,3.5,3.5,0,0,0.8,16.2,0.061,6.1e-05,9.97,4.66,0.6,0,20.4,117,0.1,11,95,159,56,124,0.03,2.6,8,184,243,0.13,0,0.04,0.16,0.1,0.038,5,1,"LS06","SA99"
2,"110007","Ice cream, sorbet/non dairy, 8% fat","SWEETS AND CONFECTIONERIES",1,746.9,180.3,65.3,21.8,0.5,3.2,3.2,0,0,1,8.7,0.007,7e-06,4.4,3.2,0.8,0,18.2,120,0.1,13,100,170,76,0.3,0,NA,0,2,6,0,0.84,0.04,0.24,0.1,0.07,8,1,"LS06","SA99"
1,"110012","Jelly, powder","SWEETS AND CONFECTIONERIES",1,1176.4,276.4,29.9,62.5,0.976,6.1,0,6.1,0,0.9,0,0,0,0,0,0,0,62.5,32,1.7,4,7,25,25,NA,0.16,NA,NA,0,NA,0,0,0,0,0,0,0,0,"LS06","SA99"
2,"110002","Jelly dessert, prepared with water","SWEETS AND CONFECTIONERIES",1,162.2621,39.84827586,90.2448275862069,8.620689655,0.134620689655172,0.84137931,0,0.8413793,0,0.2103448,0,0,0,0,0,0,0,8.62068965517241,6.137931,0.23448275862069,1.413793,0.9655172,3.4482759,5.17241379310345,0,0.0281034482758621,0,0,0,0,0,0,0,0,0,0,0,0,"LS06","Recipe"
1,"110008","Sugar, granulated, brown","SWEETS AND CONFECTIONERIES",1,1649,387.6,2.1,96.4,0,0,0,0,0,0.9,0,0,0,0,0,0,NA,96.4,85,3.4,15,19,344,30,NA,0.06,NA,NA,0,NA,0,0,0.01,0.03,0.2,0,0,0,"LS06","SA91"
1,"110009","Sugar, granulated, white","SWEETS AND CONFECTIONERIES",1,1691.5,400,0.5,99.5,0,0,0,0,0,0,0,0,0,0,0,0,NA,99.5,0,0.1,0,0,3,1,NA,0.02,NA,NA,0,NA,0,0,0,0,0,0,0,0,"LS06","SA91"
2,"110010","Sweets, mashmellow","SWEETS AND CONFECTIONERIES",1,1400.8,331.6,17.3,80.4,0.32,2,0,2,0,0.3,0,0,0,0.02,0,0,NA,80.4,18,1.6,NA,6,6,39,NA,NA,NA,NA,0,NA,NA,NA,0,0,0,NA,NA,0,"LS06","SA91"
1,"120001","Baby cereal, containing milk dry cerelac","BABY FOODS",1,1779.8,421,2.5,69,2.48,15.5,15.5,0,1.5,2.6,9,NA,NA,NA,NA,NA,NA,14,448,7.5,NA,374,497,255,NA,NA,NA,NA,300,NA,5,2,0.8,0.3,4,3,22,35,"LS06","SA91"
1,"120005","Baby cereal, wheat dry nestum-1","BABY FOODS",1,1594.8,373.7,3,80,1.6,10,10,0,4,2.6,1.3,0,0,0.19,0.11,0.57,NA,0,130,15,85,114,130,69,2.73,0.51,NA,1520,210,NA,6.25,3.33,0.55,NA,8,0.405,19,65,"LS06","SA91"
1,"120017","Baby formula, soy-based, isomil, powder","BABY FOODS",1,2089.83,518.4,2,52.4,2.192,13.7,13.7,0,0,8.01,28,0,0,12.31,6.63,7.6,NA,20.8,538,9.2,13.7,0,28,12.31,6.63,7.6,NA,0,461,NA,7.68,8.76,0.31,0.46,6.9,0.307,77,42,"LS06","SA91"
1,"120018","Baby formula, whey predominant, nan powder","BABY FOODS",1,2034.61,509.4,3,57.9,1.824,11.4,0,11.4,NA,7.67,25.8,NA,NA,9.8,NA,NA,NA,0,230,6.1,34,160,500,120,3.8,0.3,NA,40,460,NA,7.5,4.07,0.3,0.7,3.8,0.4,46,41,"LS06","SA91"
1,"120012","Wheat bran, with fresh milk, boiled  (Nepe)","BABY FOODS",1,275.972,49.065633886,78.278268847646,5.569964349,0.0718559295375904,3.97467233,3.51370976197966,0.4609626,9.67117542,1.529763,0.98745413,0.000271154451085247,2.71154451085247e-07,0.157269581629443,0.150716682394883,0.501183810422565,0,0.756972842612981,35.430848,2.38841878997588,140.683968,242.5928,289.5929538,9.76156023906889,1.6969749397085,0.23477456223131,17.8193666771521,2.8697179406522,0.135577225542623,0,0,0.342106534607495,0.074160742371815,0.0896165460836741,1.8490022019503,0.179910978295061,9.2644437454126,0.135577225542623,"LS06","Recipe"
2,"130001","Five roses tea, brewed","BEVERAGES, NON-ALCOHLIC",1,5.1,3.2,99.7,0.3,0,0,0,0,0,0,0,0,0,0,0,0,NA,0,0,0,3,1,37,3,0.02,0.01,NA,NA,0,NA,0,NA,0,0.1,0,0,5,0,"LS06","SA91"
1,"130002","Fermented thin porridge (Mahleu)","BEVERAGES, NON-ALCOHLIC",1,128,33.4,78.6828741586332,6.8,0.096,0.6,0.6,0,0.2,0.4947712,0.2,0,0,0,0.00965670775966861,NA,NA,NA,7.729387,1.33103255277035,2.078089,5.435196,17.9112706,4,0.454315056713007,0.0124886384505733,0.0908378832974292,0.00207306372670482,0,0.201024361377437,0,0,0.0453812495809563,0.0456450940552642,0.338788869033911,0.00584227050253175,8.81994385543503,0.00113076203274808,"LS06",NA
1,"130004","Ginger, powdered, brewed (Khemere)","BEVERAGES, NON-ALCOHLIC",0.89,195.0062,47.763480678,88.394364640884,11.316519337,0.00806187845303867,0.05038674,0,0,0.06906077,0.1368508,0.03287293,NA,NA,0.0107182320441989,0.00552486187845304,0.00723756906077348,0,11.0132044198895,2.850829,0.0746961325966851,2.121547,0.8176796,7.7513812,2.49723756906077,0.0260773480662983,0.0125966850828729,0.179558011049724,0.146408839779006,0,0,0,0.0995580110497238,0,0.00102209944751381,0.0284806629834254,0.00464088397790055,0.215469613259669,0.0386740331491713,"LS06","Recipe"
2,"130003","Mint, herbal tea","BEVERAGES, NON-ALCOHLIC",1,5.1,2.8,99.7,0.2,0,0,0,0,0,0,0,0,0,0,0,0,NA,0,1,0,1,NA,4,3,0.02,0.04,NA,0.02,NA,NA,NA,NA,NA,NA,NA,NA,NA,NA,"LS06","SA91"
2,"130005","Roibos tea, brewed","BEVERAGES, NON-ALCOHLIC",1,5.1,2.8,99.7,0.2,0,0,0,0,0,0,0,0,0,0,0,0.01,NA,0,1,0,1,NA,4,3,0.02,0.04,NA,0.02,NA,NA,NA,NA,NA,NA,NA,NA,NA,NA,"LS06","SA91"
1,"130006","Sorghum beverage, soured,  (motoho)","BEVERAGES, NON-ALCOHLIC",1,352.0183,84.091564666,78.6828741586332,17.485978434,0.0230976991222675,2.22898325,2.08462262748402,0,1.01592687,0.4947712,0.35907977,0,0,0.00224267803161703,0.00965670775966861,NA,14.353139402349,2.98119128018594,7.729387,1.33103255277035,2.078089,5.435196,17.9112706,12.450946382815,0.454315056713007,0.0124886384505733,0.0908378832974292,0.00207306372670482,0,0.201024361377437,0,0,0.0453812495809563,0.0456450940552642,0.338788869033911,0.00584227050253175,8.81994385543503,0.00113076203274808,"LS06","Recipe"
1,"130007","Water, tab","BEVERAGES, NON-ALCOHLIC",1,0,2,99.9,0,0,0,0,0,0,0.1,0,0,0,0,0,0,0,0,2,0,1,0,0,2,0,0.007,0,0,0,0,0,0,0,0,0,0,0,0,"LS06","US18"
1,"140001","Beer, 5% alcohol","BEVERAGES, ALCOHOLIC",1,193.96,NA,91.96,3.55,0.0736,0.46,0.55,0,0,0.16,0,0,0,0,0,0,NA,0,4,0.02,6,14,27,4,0.01,0.005,0.6,0.008,NA,0,NA,0,0.005,0.025,0.041,0.046,6,0,"LS06","US18"
2,"140004","Cider, 5.5% alcohol","BEVERAGES, ALCOHOLIC",1,215.6,NA,91.2,3.909090909,0.592,3.7,3.7,0,NA,NA,0,0,0,0,0,0,0,4.09523809523809,8,0.5,3,3,72,7,0,0.04,0,0,0,0,0,NA,0,0,0,0.01,NA,0,"LS06","GB6"
1,"150002","Curry powder","MISCELLANEOUS",1,1573.11,344.2,9.5,41.8,2.032,12.7,12.7,0,16.3,5.57,13.8,0,0,1.15,4.81,5.07,NA,0,478,29.6,254,349,1543,52,4.05,0.82,NA,4290,NA,NA,0,NA,0.25,0.28,3.5,NA,0,11,"LS06","SA91"
1,"150003","Ginger powder","MISCELLANEOUS",1,1465.95,325.19,9.38,58.29,1.4592,9.12,3.20231680659399,0,12.5,4.77,5.95,0,0,1.94,1,1.31,NA,3.39,116,11.52,184,148,1343,32,4.72,0.48,32.5,26.5,NA,0,NA,18.02,0.046,0.185,5.155,0.84,39,7,"LS06","US-18"
1,"150009","Maize, roasted, milled (Lipabi), mixed with sugar and salted","MISCELLANEOUS",1,735.8246,168.630243814,0.498469668820388,35.087590326,0.512370689055038,3.20231681,3.20231680659399,0,3.68962589,2.2483466,1.49673503,0,0,0.184481294292915,0.428135833925066,0.675271152694819,0,8.87732342007435,3.666653,1.05873188254459,44.226223,83.90536,122.3568912,734.401347757682,0.802437937707976,0.0728869582167272,0,243.654539632151,0,0,0,0.452501287888281,0.125743146345878,0.0459776116285869,0.691108697770909,0.0587381479470364,2.87164278852178,0,"LS06","Recipe"
1,"150005","Salt, iodated","MISCELLANEOUS",1,0,0,0.2,0,0,0,0,0,NA,99.8,0,0,0,0,0,0,NA,NA,10,0.3,76,1,89,39300,0.1,0.08,NA,0,NA,0,NA,0,0,1,0,0,0,0,"LS06","GB6"
2,"150007","Vinegar","MISCELLANEOUS",1,28.9,6,98,0.6,0.07,0.4,0.4,0,0,0.3,0,0,0,0,0,0,0,0.6,3,0.1,4,10,34,5,0.1,0.01,1,10,NA,NA,0,0,0,0,0,0,0,0,"LS06","Food Finder"
1,"150008","Yeast, dried","MISCELLANEOUS",1,1354.8,265.8,7.6,17.3,6.128,38.3,38.3,0,21,7,4.6,0,0,0.595,2.562,0.01,NA,0,64,16.6,98,1290,2000,50,6.4,0.5,24.1,0.55,NA,NA,NA,0,2.36,5.47,39.75,1.55,2340,0.3,"LS06","US18"
